Date,Close,Trade Signal
2011-01-03,92.31608581542967,0
2011-01-04,93.64079284667967,0
2011-01-05,92.97845458984376,0
2011-01-06,91.902099609375,0
2011-01-07,89.66667175292969,0
2011-01-10,86.31346893310547,0
2011-01-11,84.36778259277344,0
2011-01-12,85.89949798583984,0
2011-01-13,85.48551177978516,0
2011-01-14,86.43766784667969,0
2011-01-17,86.85163879394531,0
2011-01-18,86.72744750976562,0
2011-01-19,86.89303588867188,0
2011-01-20,88.17635345458984,0
2011-01-21,87.47261047363281,0
2011-01-24,87.96936798095703,0
2011-01-25,87.927978515625,0
2011-01-27,88.05216217041016,0
2011-01-28,82.62909698486328,0
2011-01-31,82.3393325805664,0
2011-02-01,81.38719177246094,0
2011-02-02,80.60061645507812,0
2011-02-03,79.5243148803711,0
2011-02-04,78.9033432006836,0
2011-02-07,79.27591705322266,0
2011-02-08,76.5850830078125,0
2011-02-09,72.7351303100586,0
2011-02-10,72.942138671875,0
2011-02-11,75.92273712158203,0
2011-02-14,78.32379150390625,1
2011-02-15,79.27591705322266,0
2011-02-16,78.19960021972656,0
2011-02-17,84.16080474853516,0
2011-02-18,78.24098205566406,0
2011-02-21,79.60710144042969,0
2011-02-22,79.81409454345703,0
2011-02-23,78.9033432006836,0
2011-02-24,72.36256408691406,0
2011-02-25,73.3561019897461,-1
2011-02-28,73.89427185058594,0
2011-03-01,75.34318542480469,0
2011-03-03,74.8464126586914,1
2011-03-04,75.13619995117188,0
2011-03-07,73.48029327392578,0
2011-03-08,77.49583435058594,0
2011-03-09,79.77269744873047,0
2011-03-10,79.81409454345703,0
2011-03-11,83.87103271484375,0
2011-03-14,84.53338623046875,0
2011-03-15,81.55278015136719,0
2011-03-16,82.04954528808594,0
2011-03-17,80.55925750732422,0
2011-03-18,80.8076171875,0
2011-03-21,81.34580993652344,0
2011-03-22,81.0560073852539,0
2011-03-23,80.84901428222656,0
2011-03-24,82.17373657226562,0
2011-03-25,81.26298522949219,0
2011-03-28,81.55278015136719,0
2011-03-29,79.48291015625,0
2011-03-30,80.35225677490234,0
2011-03-31,80.93180084228516,0
2011-04-01,83.3328628540039,0
2011-04-04,84.32640838623047,0
2011-04-05,87.26560974121094,0
2011-04-06,88.30055236816406,0
2011-04-07,90.16341400146484,0
2011-04-08,86.6446533203125,0
2011-04-11,84.86458587646484,0
2011-04-13,85.52690887451172,0
2011-04-15,85.48551177978516,0
2011-04-18,83.1258773803711,-1
2011-04-19,83.99520874023438,0
2011-04-20,84.2850112915039,0
2011-04-21,85.31993865966797,0
2011-04-25,84.57479095458984,0
2011-04-26,86.47905731201172,0
2011-04-27,86.06509399414062,0
2011-04-28,84.94735717773438,0
2011-04-29,83.41565704345703,0
2011-05-02,82.79469299316406,0
2011-05-03,82.3393325805664,0
2011-05-04,81.0560073852539,0
2011-05-05,79.77269744873047,0
2011-05-06,80.76622772216797,0
2011-05-09,80.89041137695312,0
2011-05-10,82.62909698486328,0
2011-05-11,83.41565704345703,0
2011-05-12,81.097412109375,0
2011-05-13,82.09095001220703,0
2011-05-16,80.5178451538086,0
2011-05-17,79.77269744873047,0
2011-05-18,79.81409454345703,0
2011-05-19,79.64848327636719,0
2011-05-20,80.55925750732422,0
2011-05-23,79.02753448486328,0
2011-05-24,76.2953109741211,0
2011-05-25,73.02491760253906,0
2011-05-26,70.99645233154297,0
2011-05-27,73.02491760253906,0
2011-05-30,71.90718841552734,0
2011-05-31,72.36256408691406,0
2011-06-01,75.83993530273438,0
2011-06-02,77.82701873779297,0
2011-06-03,77.49583435058594,1
2011-06-06,77.1232681274414,0
2011-06-07,77.99259948730469,0
2011-06-08,81.30439758300781,0
2011-06-09,80.02105712890625,0
2011-06-10,79.35871124267578,0
2011-06-13,82.71190643310547,0
2011-06-14,82.83609771728516,0
2011-06-15,81.6769790649414,0
2011-06-16,80.26944732666016,0
2011-06-17,81.63556671142578,0
2011-06-20,77.33024597167969,0
2011-06-21,76.46089935302734,0
2011-06-22,74.72220611572266,-1
2011-06-23,75.01201629638672,0
2011-06-24,76.00553894042969,0
2011-06-27,76.2125244140625,0
2011-06-28,76.75068664550781,0
2011-06-29,77.04046630859375,0
2011-06-30,79.93828582763672,1
2011-07-01,80.93180084228516,0
2011-07-04,86.3962631225586,0
2011-07-05,85.27855682373047,0
2011-07-06,85.44413757324219,0
2011-07-07,86.93443298339844,0
2011-07-08,82.79469299316406,0
2011-07-11,83.99520874023438,0
2011-07-12,83.1258773803711,0
2011-07-13,84.16080474853516,0
2011-07-14,84.90596771240234,0
2011-07-15,83.49844360351562,0
2011-07-18,85.4027328491211,0
2011-07-19,85.11294555664062,0
2011-07-20,83.58124542236328,0
2011-07-21,82.17373657226562,-1
2011-07-22,85.11294555664062,0
2011-07-25,87.26560974121094,1
2011-07-26,86.89303588867188,0
2011-07-27,89.87364196777344,0
2011-07-28,89.41825866699219,0
2011-07-29,88.2177505493164,0
2011-08-01,88.59032440185547,0
2011-08-02,86.6032485961914,0
2011-08-03,89.12848663330078,0
2011-08-04,91.902099609375,0
2011-08-05,88.05216217041016,0
2011-08-08,88.0107650756836,-1
2011-08-09,85.0715560913086,0
2011-08-10,90.05342102050781,0
2011-08-11,86.92919158935547,0
2011-08-12,86.38034057617188,0
2011-08-16,83.12947082519531,0
2011-08-17,80.51188659667969,0
2011-08-18,74.81230163574219,0
2011-08-19,73.9679183959961,0
2011-08-22,76.50109100341797,0
2011-08-23,77.76763916015625,0
2011-08-24,77.00767517089844,0
2011-08-25,77.80986022949219,0
2011-08-26,75.44558715820312,0
2011-08-29,78.82312774658203,0
2011-08-30,78.99201202392578,0
2011-09-02,78.27427673339844,0
2011-09-05,77.34544372558594,0
2011-09-06,79.54084014892578,0
2011-09-07,79.70972442626953,1
2011-09-08,79.83638000488281,0
2011-09-09,78.78089141845703,0
2011-09-12,76.88104248046875,0
2011-09-13,76.9654769897461,0
2011-09-14,77.6832046508789,0
2011-09-15,78.1898422241211,0
2011-09-16,76.45884704589844,0
2011-09-19,76.54327392578125,0
2011-09-20,77.80986022949219,0
2011-09-21,78.35871124267578,0
2011-09-22,72.78578186035156,-1
2011-09-23,73.50352478027344,0
2011-09-26,73.2079849243164,0
2011-09-27,74.81230163574219,0
2011-09-28,72.99687957763672,0
2011-09-29,72.36359405517578,0
2011-09-30,72.44802856445312,0
2011-10-03,70.92813873291016,0
2011-10-04,69.99932098388672,0
2011-10-05,68.47942352294922,0
2011-10-07,69.70378875732422,0
2011-10-10,72.32137298583984,0
2011-10-11,73.16575622558594,1
2011-10-12,74.39012145996094,0
2011-10-13,73.25019836425781,0
2011-10-14,74.22123718261719,0
2011-10-17,76.24776458740234,0
2011-10-18,73.92571258544922,0
2011-10-19,73.92571258544922,0
2011-10-20,71.9836196899414,0
2011-10-21,71.51921081542969,0
2011-10-24,71.89917755126953,0
2011-10-25,73.33462524414062,0
2011-10-28,75.7833480834961,0
2011-10-31,78.1898422241211,0
2011-11-01,77.3876724243164,0
2011-11-02,76.9654769897461,0
2011-11-03,76.58549499511719,0
2011-11-04,76.79659271240234,0
2011-11-08,76.62773895263672,0
2011-11-09,75.27671813964844,0
2011-11-11,74.55899047851562,0
2011-11-14,74.05235290527344,0
2011-11-15,72.40581512451172,-1
2011-11-16,70.67483520507812,0
2011-11-17,69.66156005859375,0
2011-11-18,69.74600219726562,0
2011-11-21,69.2393798828125,0
2011-11-22,69.83042907714844,0
2011-11-23,68.352783203125,0
2011-11-24,69.57714080810547,0
2011-11-25,68.8593978881836,0
2011-11-28,70.7170639038086,0
2011-11-29,71.01258087158203,0
2011-11-30,70.88591003417969,0
2011-12-01,74.51676940917969,1
2011-12-02,77.47210693359375,0
2011-12-05,76.45884704589844,0
2011-12-07,76.71216583251953,0
2011-12-08,75.7833480834961,0
2011-12-09,75.7411117553711,0
2011-12-12,73.92571258544922,0
2011-12-13,74.98118591308594,0
2011-12-14,73.88348388671875,0
2011-12-15,75.82556915283203,0
2011-12-16,72.95465087890625,0
2011-12-19,71.35033416748047,-1
2011-12-20,71.81474304199219,0
2011-12-21,72.91243743896484,0
2011-12-22,75.86778259277344,0
2011-12-23,74.89673614501953,1
2011-12-26,74.89673614501953,0
2011-12-27,74.30567169189453,0
2011-12-28,73.84127044677734,0
2011-12-29,76.07886505126953,0
2011-12-30,76.07886505126953,0
2012-01-02,76.79659271240234,0
2012-01-03,79.83638000488281,0
2012-01-04,80.55411529541016,0
2012-01-05,78.61203002929688,0
2012-01-06,78.94977569580078,0
2012-01-09,78.61203002929688,0
2012-01-10,79.32974243164062,0
2012-01-11,78.44314575195312,0
2012-01-12,78.44314575195312,0
2012-01-13,79.49862670898438,0
2012-01-16,83.17169189453125,0
2012-01-17,82.073974609375,0
2012-01-18,78.52758026123047,0
2012-01-19,79.28752899169922,0
2012-01-20,78.2320556640625,-1
2012-01-23,77.72542572021484,0
2012-01-24,78.78089141845703,0
2012-01-25,80.42743682861328,0
2012-01-27,81.98955535888672,0
2012-01-30,82.6650619506836,1
2012-01-31,90.98223114013672,0
2012-02-01,92.1643524169922,0
2012-02-02,92.88209533691406,0
2012-02-03,101.11480712890624,0
2012-02-06,97.99060821533205,0
2012-02-07,95.75299835205078,0
2012-02-08,99.42605590820312,0
2012-02-09,103.90128326416016,0
2012-02-10,100.43931579589844,0
2012-02-13,102.5502700805664,0
2012-02-14,102.0014190673828,0
2012-02-15,102.17030334472656,0
2012-02-16,102.08586120605467,0
2012-02-17,100.6504135131836,0
2012-02-21,102.0014190673828,0
2012-02-22,98.9616470336914,-1
2012-02-23,101.32592010498048,0
2012-02-24,101.28369903564452,0
2012-02-27,95.4574737548828,0
2012-02-28,101.9169921875,0
2012-02-29,106.01223754882812,0
2012-03-01,104.15460205078124,0
2012-03-02,101.79032135009766,0
2012-03-05,97.9483871459961,0
2012-03-06,96.09075927734376,0
2012-03-07,98.03282165527344,0
2012-03-09,99.8060302734375,0
2012-03-12,98.62388610839844,0
2012-03-13,99.72160339355467,0
2012-03-14,101.66366577148438,0
2012-03-15,97.9483871459961,0
2012-03-16,95.3730010986328,0
2012-03-19,92.62877655029295,0
2012-03-20,95.49967193603516,0
2012-03-21,96.8506851196289,0
2012-03-22,93.68426513671876,0
2012-03-23,95.1619110107422,0
2012-03-26,92.1643524169922,0
2012-03-27,92.92432403564452,0
2012-03-28,92.75543212890624,0
2012-03-29,91.4466552734375,0
2012-03-30,94.86640167236328,0
2012-04-02,97.3995361328125,0
2012-04-03,100.43931579589844,1
2012-04-04,99.38384246826172,0
2012-04-09,98.75055694580078,0
2012-04-10,99.13054656982422,0
2012-04-11,99.8482437133789,0
2012-04-12,102.33917999267578,0
2012-04-13,98.62388610839844,0
2012-04-16,100.0593490600586,0
2012-04-17,100.43931579589844,0
2012-04-18,100.60819244384766,0
2012-04-19,104.70345306396484,0
2012-04-20,102.7613754272461,0
2012-04-23,99.13054656982422,0
2012-04-24,100.0593490600586,0
2012-04-25,98.49724578857422,-1
2012-04-26,97.48397064208984,0
2012-04-27,97.69506072998048,0
2012-04-30,98.70832824707033,0
2012-05-02,100.77706909179688,0
2012-05-03,99.1727523803711,0
2012-05-04,96.5973892211914,0
2012-05-07,98.11726379394533,0
2012-05-08,95.28858947753906,0
2012-05-09,93.30428314208984,0
2012-05-10,94.95082092285156,0
2012-05-11,91.5732879638672,0
2012-05-14,87.01363372802734,0
2012-05-15,88.53352355957031,0
2012-05-16,91.06665802001952,0
2012-05-17,90.64447021484376,0
2012-05-18,89.12458038330078,0
2012-05-21,90.18006134033205,0
2012-05-22,90.34894561767578,0
2012-05-23,91.10889434814452,0
2012-05-24,92.5443344116211,0
2012-05-25,91.1511001586914,1
2012-05-28,93.81092071533205,0
2012-05-29,92.88209533691406,0
2012-05-30,90.81336212158205,0
2012-05-31,90.8555679321289,0
2012-06-01,89.20903778076172,0
2012-06-04,88.28021240234375,-1
2012-06-05,88.95570373535156,0
2012-06-06,91.10889434814452,1
2012-06-07,92.1643524169922,0
2012-06-08,94.61307525634766,0
2012-06-11,93.59982299804688,0
2012-06-12,94.61307525634766,0
2012-06-13,91.61553192138672,0
2012-06-14,89.3779067993164,0
2012-06-15,90.89778900146484,0
2012-06-18,89.20903778076172,0
2012-06-19,88.57574462890625,-1
2012-06-20,89.71566009521484,0
2012-06-21,90.94001770019533,1
2012-06-22,91.36219024658205,0
2012-06-25,92.41767120361328,0
2012-06-26,97.23067474365234,0
2012-06-27,98.91944122314452,0
2012-06-28,97.73728942871094,0
2012-06-29,97.90618133544922,0
2012-07-02,99.59494018554688,0
2012-07-03,100.94595336914062,0
2012-07-04,100.31266784667967,0
2012-07-05,100.86150360107422,0
2012-07-06,99.46827697753906,0
2012-07-09,96.38629150390624,0
2012-07-10,97.69506072998048,0
2012-07-11,98.32835388183594,0
2012-07-12,97.44174194335938,-1
2012-07-13,96.42850494384766,0
2012-07-16,96.63958740234376,0
2012-07-17,98.2439193725586,0
2012-07-18,100.52376556396484,0
2012-07-19,102.46582794189452,1
2012-07-20,100.27043914794922,0
2012-07-23,97.6528549194336,-1
2012-07-24,104.19681549072266,1
2012-07-25,102.0014190673828,0
2012-07-26,101.3681411743164,0
2012-07-27,101.87476348876952,0
2012-07-30,103.56353759765624,0
2012-07-31,107.2365951538086,0
2012-08-01,107.27882385253906,0
2012-08-02,109.81197357177734,0
2012-08-03,110.7407684326172,0
2012-08-06,109.72750854492188,0
2012-08-07,109.64310455322266,0
2012-08-08,109.85418701171876,0
2012-08-09,112.68746185302734,0
2012-08-10,114.0611801147461,0
2012-08-13,116.03590393066406,0
2012-08-14,114.96268463134766,0
2012-08-16,114.96268463134766,0
2012-08-17,115.64954376220705,0
2012-08-21,114.10411071777344,0
2012-08-22,113.1596908569336,0
2012-08-23,112.47283935546876,-1
2012-08-24,110.62689971923828,0
2012-08-27,110.28346252441406,0
2012-08-28,109.81124877929688,0
2012-08-29,107.49310302734376,0
2012-08-30,111.87181854248048,0
2012-08-31,111.44254302978516,0
2012-09-03,111.95767211914062,0
2012-09-04,112.98796844482422,0
2012-09-05,114.74803161621094,0
2012-09-06,116.4222640991211,0
2012-09-07,117.28082275390624,1
2012-09-10,116.20762634277344,0
2012-09-11,115.73540496826172,0
2012-09-12,115.39196014404295,-1
2012-09-13,114.96268463134766,0
2012-09-14,114.74803161621094,0
2012-09-17,110.3263931274414,0
2012-09-18,111.3996124267578,0
2012-09-20,109.38197326660156,0
2012-09-21,112.51576232910156,0
2012-09-24,110.58396911621094,0
2012-09-25,110.62689971923828,0
2012-09-26,112.08647918701172,0
2012-09-27,113.03089141845705,0
2012-09-28,122.64688873291016,1
2012-10-01,125.05089569091795,0
2012-10-03,133.42193603515625,0
2012-10-04,130.41697692871094,0
2012-10-05,128.95738220214844,0
2012-10-08,133.55075073242188,0
2012-10-09,131.70480346679688,0
2012-10-10,134.0658721923828,0
2012-10-11,137.41432189941406,0
2012-10-12,138.44461059570312,0
2012-10-15,137.3713836669922,0
2012-10-16,138.44461059570312,0
2012-10-17,139.4748992919922,0
2012-10-18,139.13145446777344,0
2012-10-19,135.61131286621094,0
2012-10-22,137.02798461914062,0
2012-10-23,134.75274658203125,-1
2012-10-25,132.94973754882812,0
2012-10-29,127.06851959228516,0
2012-10-30,129.3866729736328,0
2012-10-31,128.91445922851562,0
2012-11-01,137.19969177246094,0
2012-11-02,135.9118194580078,0
2012-11-05,136.21231079101562,0
2012-11-06,135.52548217773438,0
2012-11-07,136.9850311279297,0
2012-11-08,143.681884765625,0
2012-11-09,145.01266479492188,1
2012-11-12,144.9268341064453,0
2012-11-15,153.5554656982422,0
2012-11-16,148.876220703125,0
2012-11-19,140.93446350097656,0
2012-11-20,136.5128173828125,-1
2012-11-21,138.10116577148438,0
2012-11-22,137.32847595214844,0
2012-11-23,140.29051208496094,0
2012-11-26,140.29051208496094,0
2012-11-27,139.9900360107422,0
2012-11-29,139.60366821289062,0
2012-11-30,142.4799041748047,0
2012-12-03,144.712158203125,0
2012-12-04,142.73748779296875,0
2012-12-05,142.17938232421875,0
2012-12-06,142.3081817626953,0
2012-12-07,145.82833862304688,0
2012-12-10,148.40403747558594,1
2012-12-11,145.78536987304688,0
2012-12-12,147.71719360351562,0
2012-12-13,144.28289794921875,-1
2012-12-14,144.88389587402344,0
2012-12-17,142.22232055664062,0
2012-12-18,141.83596801757812,0
2012-12-19,141.7930145263672,0
2012-12-20,139.90415954589844,0
2012-12-21,138.10116577148438,0
2012-12-24,137.92942810058594,0
2012-12-26,137.50018310546875,0
2012-12-27,137.07089233398438,0
2012-12-28,137.7577667236328,0
2012-12-31,137.32847595214844,0
2013-01-01,138.0582275390625,0
2013-01-02,143.0808868408203,0
2013-01-03,142.39402770996094,0
2013-01-04,140.93446350097656,0
2013-01-07,139.7324676513672,0
2013-01-08,140.59103393554688,0
2013-01-09,139.4748992919922,0
2013-01-10,138.22998046875,0
2013-01-11,136.21231079101562,0
2013-01-14,136.89918518066406,0
2013-01-15,136.12644958496094,0
2013-01-16,134.36636352539062,0
2013-01-17,133.0355987548828,0
2013-01-18,131.36138916015625,0
2013-01-21,132.21995544433594,0
2013-01-22,130.3740692138672,0
2013-01-23,127.92713165283205,0
2013-01-24,124.9220962524414,0
2013-01-25,127.06851959228516,0
2013-01-28,126.7680206298828,0
2013-01-29,126.8538818359375,0
2013-01-30,123.5483856201172,0
2013-01-31,128.2276153564453,0
2013-02-01,126.03826904296876,0
2013-02-04,124.62156677246094,0
2013-02-05,121.48782348632812,0
2013-02-06,122.13172912597656,0
2013-02-07,124.36404418945312,0
2013-02-08,122.34640502929688,0
2013-02-11,120.88680267333984,0
2013-02-12,121.96002197265624,0
2013-02-13,121.53075408935548,0
2013-02-14,119.38433074951172,0
2013-02-15,121.10147857666016,1
2013-02-18,121.83123779296876,0
2013-02-19,125.65190887451172,0
2013-02-20,124.5357666015625,0
2013-02-21,118.48282623291016,0
2013-02-22,118.6116180419922,0
2013-02-25,114.53337860107422,-1
2013-02-26,113.20260620117188,0
2013-02-27,113.50311279296876,0
2013-02-28,107.49310302734376,0
2013-03-01,109.85417175292967,0
2013-03-04,108.69510650634766,0
2013-03-05,113.3743133544922,0
2013-03-06,111.65718841552734,0
2013-03-07,113.03089141845705,0
2013-03-08,115.13440704345705,1
2013-03-11,113.97532653808594,0
2013-03-12,114.3616714477539,0
2013-03-13,114.61924743652344,0
2013-03-14,115.34903717041016,0
2013-03-15,114.53337860107422,0
2013-03-18,112.5586929321289,0
2013-03-19,111.74303436279295,0
2013-03-20,110.1976089477539,0
2013-03-21,106.97797393798828,0
2013-03-22,108.09412384033205,-1
2013-03-25,106.07647705078124,0
2013-03-26,106.03353881835938,0
2013-03-28,109.76831817626952,0
2013-04-01,112.8591766357422,1
2013-04-02,115.2202377319336,0
2013-04-03,112.17232513427734,0
2013-04-04,109.38197326660156,0
2013-04-05,110.06883239746094,0
2013-04-08,114.0182647705078,0
2013-04-09,111.74303436279295,0
2013-04-10,112.47283935546876,0
2013-04-11,112.81623840332033,0
2013-04-12,113.11675262451172,0
2013-04-15,113.58895111083984,0
2013-04-16,114.74803161621094,0
2013-04-17,117.71012878417967,0
2013-04-18,119.12676239013672,0
2013-04-22,120.6721649169922,0
2013-04-23,118.78331756591795,0
2013-04-25,116.80860137939452,0
2013-04-26,120.54339599609376,0
2013-04-29,123.84886169433594,0
2013-04-30,126.42463684082033,0
2013-05-02,127.92713165283205,0
2013-05-03,126.51049041748048,0
2013-05-06,126.68218231201172,0
2013-05-07,127.97006225585938,0
2013-05-08,129.6442413330078,0
2013-05-09,127.1114730834961,0
2013-05-10,125.48018646240234,0
2013-05-13,125.7377471923828,0
2013-05-14,121.05850982666016,-1
2013-05-15,126.46751403808594,0
2013-05-16,122.99031066894533,0
2013-05-17,125.86652374267578,0
2013-05-20,123.67716979980467,0
2013-05-21,123.9776611328125,0
2013-05-22,122.47517395019533,0
2013-05-23,119.12676239013672,0
2013-05-24,121.3161163330078,0
2013-05-27,123.37664794921876,0
2013-05-28,124.2352523803711,0
2013-05-29,122.77569580078124,0
2013-05-30,127.06851959228516,0
2013-05-31,125.26553344726562,0
2013-06-03,126.25292205810548,0
2013-06-04,128.69981384277344,1
2013-06-05,128.95738220214844,0
2013-06-06,128.44224548339844,0
2013-06-07,128.01296997070312,0
2013-06-10,125.35138702392578,0
2013-06-11,122.4322509765625,-1
2013-06-12,121.57369232177734,0
2013-06-13,119.42725372314452,0
2013-06-14,120.15705108642578,0
2013-06-17,120.54339599609376,0
2013-06-18,122.68982696533205,0
2013-06-19,123.2049560546875,0
2013-06-20,120.88680267333984,0
2013-06-21,117.1091079711914,0
2013-06-24,114.49047088623048,0
2013-06-25,114.96268463134766,0
2013-06-26,114.57630920410156,0
2013-06-27,112.83106994628906,0
2013-06-28,117.28145599365234,0
2013-07-01,123.47713470458984,0
2013-07-02,122.25545501708984,1
2013-07-03,123.5644302368164,0
2013-07-04,125.222412109375,0
2013-07-05,126.6622085571289,0
2013-07-08,128.66928100585938,0
2013-07-09,126.61861419677734,0
2013-07-10,130.10914611816406,0
2013-07-11,128.8438262939453,0
2013-07-12,128.80020141601562,0
2013-07-15,134.4286651611328,0
2013-07-16,134.16685485839844,0
2013-07-17,137.04653930664062,0
2013-07-18,135.2140350341797,0
2013-07-19,135.8684844970703,0
2013-07-22,134.90859985351562,0
2013-07-23,135.03952026367188,0
2013-07-24,133.9923553466797,0
2013-07-25,132.42161560058594,0
2013-07-26,136.7411346435547,0
2013-07-29,139.0972137451172,0
2013-07-30,138.61727905273438,0
2013-07-31,139.35899353027344,0
2013-08-01,128.32025146484375,-1
2013-08-02,127.75302124023438,0
2013-08-05,124.611572265625,0
2013-08-06,120.37931823730467,0
2013-08-07,123.82618713378906,0
2013-08-08,127.8402862548828,0
2013-08-12,126.9676513671875,0
2013-08-13,127.8839111328125,0
2013-08-14,128.8438262939453,0
2013-08-16,122.56088256835938,0
2013-08-19,123.60806274414062,0
2013-08-20,122.95357513427734,0
2013-08-21,123.82618713378906,0
2013-08-22,127.6221160888672,0
2013-08-23,128.0584716796875,0
2013-08-26,125.70232391357422,0
2013-08-27,123.3026351928711,0
2013-08-28,118.72132873535156,0
2013-08-29,120.37931823730467,0
2013-08-30,121.29557037353516,0
2013-09-02,125.48421478271484,0
2013-09-03,123.52079010009766,0
2013-09-04,125.52783966064452,1
2013-09-05,128.4511260986328,0
2013-09-06,128.276611328125,0
2013-09-10,127.97119140625,0
2013-09-11,131.50535583496094,0
2013-09-12,131.54896545410156,0
2013-09-13,132.77064514160156,0
2013-09-16,130.93812561035156,0
2013-09-17,129.19287109375,0
2013-09-18,128.8438262939453,0
2013-09-19,131.37445068359375,0
2013-09-20,130.02188110351562,0
2013-09-23,126.4441146850586,0
2013-09-24,124.91695404052734,-1
2013-09-25,127.31671142578124,0
2013-09-26,127.3603515625,0
2013-09-27,127.57852172851562,0
2013-09-30,125.52783966064452,0
2013-10-01,130.719970703125,0
2013-10-03,135.43215942382812,1
2013-10-04,133.51239013671875,0
2013-10-07,136.3048095703125,0
2013-10-08,135.95574951171875,0
2013-10-09,135.73757934570312,0
2013-10-10,139.75167846679688,0
2013-10-11,139.66444396972656,0
2013-10-14,139.14085388183594,0
2013-10-15,137.91917419433594,0
2013-10-17,141.36607360839844,0
2013-10-18,143.2858428955078,0
2013-10-21,139.27178955078125,0
2013-10-22,141.2351837158203,0
2013-10-23,138.530029296875,0
2013-10-24,144.37661743164062,0
2013-10-25,142.98045349121094,0
2013-10-28,142.45684814453125,0
2013-10-29,141.71511840820312,0
2013-10-30,143.98394775390625,0
2013-10-31,143.11131286621094,0
2013-11-01,146.34005737304688,0
2013-11-05,146.25279235839844,0
2013-11-06,142.7186279296875,-1
2013-11-07,139.92625427246094,0
2013-11-08,139.70806884765625,0
2013-11-11,136.6102294921875,0
2013-11-12,134.86497497558594,0
2013-11-13,125.9205093383789,0
2013-11-14,125.61507415771484,0
2013-11-18,128.88743591308594,0
2013-11-19,126.13868713378906,0
2013-11-20,126.83679962158205,0
2013-11-21,125.3533172607422,0
2013-11-22,123.73893737792967,0
2013-11-25,124.26253509521484,0
2013-11-26,126.9676513671875,0
2013-11-27,126.57498931884766,0
2013-11-28,128.8438262939453,0
2013-11-29,129.93460083007812,0
2013-12-02,130.28366088867188,1
2013-12-03,128.10211181640625,0
2013-12-04,127.0112762451172,0
2013-12-05,127.97119140625,0
2013-12-06,127.57852172851562,0
2013-12-09,128.01483154296875,0
2013-12-10,128.66928100585938,0
2013-12-11,128.276611328125,0
2013-12-12,128.0584716796875,0
2013-12-13,126.6622085571289,0
2013-12-16,125.17881774902344,0
2013-12-17,126.3132095336914,0
2013-12-18,129.3238067626953,0
2013-12-19,128.71292114257812,0
2013-12-20,133.5996551513672,0
2013-12-23,134.99586486816406,0
2013-12-24,137.2210693359375,0
2013-12-26,140.5370635986328,0
2013-12-27,137.91917419433594,0
2013-12-30,139.44625854492188,0
2013-12-31,140.0135040283203,0
2014-01-01,140.05711364746094,0
2014-01-02,135.2140350341797,0
2014-01-03,136.4357147216797,0
2014-01-06,136.82838439941406,0
2014-01-07,136.56658935546875,0
2014-01-08,137.09019470214844,0
2014-01-09,137.2210693359375,0
2014-01-10,136.086669921875,-1
2014-01-13,133.42510986328125,0
2014-01-14,132.6833953857422,0
2014-01-15,132.6833953857422,0
2014-01-16,130.06553649902344,0
2014-01-17,127.57852172851562,0
2014-01-20,129.41104125976562,0
2014-01-21,129.0183563232422,0
2014-01-22,130.7635955810547,0
2014-01-23,129.3238067626953,0
2014-01-24,125.87686920166016,0
2014-01-27,123.34625244140624,0
2014-01-28,121.25194549560548,0
2014-01-29,124.04435729980467,0
2014-01-30,122.56088256835938,0
2014-01-31,123.04083251953124,0
2014-02-03,122.77903747558594,0
2014-02-04,124.91695404052734,0
2014-02-05,124.8297348022461,0
2014-02-06,123.17170715332033,0
2014-02-07,125.09151458740234,0
2014-02-10,125.30967712402344,1
2014-02-11,126.40045928955078,0
2014-02-12,125.70232391357422,0
2014-02-13,123.69529724121094,0
2014-02-14,122.6481475830078,0
2014-02-17,121.20831298828124,0
2014-02-18,122.34274291992188,0
2014-02-19,122.47361755371094,0
2014-02-20,123.12811279296876,0
2014-02-21,123.91346740722656,0
2014-02-24,124.52428436279295,0
2014-02-25,123.21534729003906,0
2014-02-26,121.99365997314452,0
2014-02-28,121.90640258789062,0
2014-03-03,118.63406372070312,-1
2014-03-04,122.51727294921876,1
2014-03-05,122.95357513427734,0
2014-03-06,124.39341735839844,0
2014-03-07,125.04790496826172,0
2014-03-10,125.48421478271484,0
2014-03-11,126.6622085571289,0
2014-03-12,127.0985870361328,0
2014-03-13,124.39341735839844,0
2014-03-14,124.52428436279295,0
2014-03-18,124.91695404052734,0
2014-03-19,123.3026351928711,0
2014-03-20,123.38988494873048,0
2014-03-21,125.1351318359375,0
2014-03-24,124.65521240234376,0
2014-03-25,124.69882202148438,0
2014-03-26,124.5679702758789,0
2014-03-27,123.73893737792967,0
2014-03-28,129.14923095703125,0
2014-03-31,130.93812561035156,0
2014-04-01,134.60317993164062,0
2014-04-02,133.94873046875,0
2014-04-03,132.24710083007812,0
2014-04-04,132.81427001953125,0
2014-04-07,132.15980529785156,0
2014-04-09,134.7340850830078,0
2014-04-10,133.5996551513672,0
2014-04-11,133.2942352294922,0
2014-04-15,133.55601501464844,0
2014-04-16,131.33084106445312,0
2014-04-17,137.39561462402344,0
2014-04-21,136.2611846923828,0
2014-04-22,137.74465942382812,0
2014-04-23,136.21755981445312,0
2014-04-24,136.21755981445312,0
2014-04-25,133.46876525878906,-1
2014-04-28,133.38150024414062,0
2014-04-29,132.02894592285156,0
2014-04-30,130.41453552246094,0
2014-05-02,129.4546661376953,0
2014-05-05,128.01483154296875,0
2014-05-06,126.61861419677734,0
2014-05-07,126.18230438232422,0
2014-05-08,124.3061294555664,0
2014-05-09,126.5313491821289,0
2014-05-12,126.13868713378906,0
2014-05-13,127.75302124023438,0
2014-05-14,128.53839111328125,0
2014-05-15,125.83325958251952,0
2014-05-16,126.3132095336914,0
2014-05-19,131.50535583496094,0
2014-05-20,133.9050750732422,1
2014-05-21,133.5996551513672,0
2014-05-22,135.73757934570312,0
2014-05-23,137.4828643798828,0
2014-05-26,136.52294921875,0
2014-05-27,136.47935485839844,0
2014-05-28,136.34844970703125,0
2014-05-29,129.93460083007812,0
2014-05-30,130.10914611816406,0
2014-06-02,128.71292114257812,-1
2014-06-03,131.15628051757812,0
2014-06-04,133.51239013671875,0
2014-06-05,134.4286651611328,0
2014-06-06,149.30702209472656,1
2014-06-09,149.39425659179688,0
2014-06-10,152.579345703125,0
2014-06-11,147.77989196777344,0
2014-06-12,147.1690673828125,0
2014-06-13,142.84951782226562,0
2014-06-16,144.85659790039062,0
2014-06-17,145.77285766601562,0
2014-06-18,142.7186279296875,0
2014-06-19,142.1514434814453,-1
2014-06-20,141.67149353027344,0
2014-06-23,146.5582275390625,0
2014-06-24,145.9910125732422,0
2014-06-25,147.91079711914062,0
2014-06-26,146.4273223876953,0
2014-06-27,149.30702209472656,1
2014-06-30,150.746826171875,0
2014-07-01,152.5357208251953,0
2014-07-02,152.14306640625,0
2014-07-03,147.6490020751953,0
2014-07-04,146.47096252441406,-1
2014-07-07,145.77285766601562,0
2014-07-08,138.48638916015625,0
2014-07-09,135.2140350341797,0
2014-07-10,135.65032958984375,0
2014-07-11,130.719970703125,0
2014-07-14,132.46524047851562,0
2014-07-15,134.16685485839844,0
2014-07-16,137.1774444580078,0
2014-07-17,139.92625427246094,0
2014-07-18,140.18800354003906,0
2014-07-21,138.92271423339844,0
2014-07-22,138.48638916015625,0
2014-07-23,136.82838439941406,0
2014-07-24,136.6102294921875,0
2014-07-25,133.94873046875,0
2014-07-28,135.43215942382812,0
2014-07-30,133.42510986328125,0
2014-07-31,133.94873046875,0
2014-08-01,134.64682006835938,0
2014-08-04,135.69395446777344,0
2014-08-05,137.1549530029297,1
2014-08-06,136.18096923828125,0
2014-08-07,136.49087524414062,0
2014-08-08,133.39181518554688,0
2014-08-11,134.49862670898438,0
2014-08-12,136.75648498535156,0
2014-08-13,133.8345184326172,0
2014-08-14,134.67572021484375,0
2014-08-18,136.7122344970703,0
2014-08-19,138.57164001464844,0
2014-08-20,140.34251403808594,0
2014-08-21,139.10293579101562,0
2014-08-22,137.64193725585938,0
2014-08-25,137.64193725585938,0
2014-08-26,135.4283447265625,0
2014-08-27,135.5611572265625,0
2014-08-28,133.25901794433594,-1
2014-09-01,136.26951599121094,0
2014-09-02,137.59765625,1
2014-09-03,136.57940673828125,0
2014-09-04,143.61865234375,0
2014-09-05,143.6629180908203,0
2014-09-08,145.74375915527344,0
2014-09-09,146.27499389648438,0
2014-09-10,143.92857360839844,0
2014-09-11,148.22299194335938,0
2014-09-12,150.126708984375,0
2014-09-15,148.04588317871094,0
2014-09-16,141.18370056152344,0
2014-09-17,143.08741760253906,0
2014-09-18,145.965087890625,0
2014-09-19,149.2855224609375,0
2014-09-22,151.05641174316406,0
2014-09-23,145.6109161376953,0
2014-09-24,145.87652587890625,0
2014-09-25,141.93634033203125,-1
2014-09-26,141.36080932617188,0
2014-09-29,140.78524780273438,0
2014-09-30,141.0951690673828,0
2014-10-01,140.65243530273438,0
2014-10-07,140.608154296875,0
2014-10-08,141.89202880859375,0
2014-10-09,142.7775115966797,0
2014-10-10,141.89202880859375,0
2014-10-13,139.4571075439453,0
2014-10-14,138.48312377929688,0
2014-10-15,138.48312377929688,0
2014-10-16,134.89706420898438,0
2014-10-17,135.78250122070312,0
2014-10-20,136.9778594970703,0
2014-10-21,137.73046875,0
2014-10-22,138.57164001464844,0
2014-10-27,138.3945770263672,0
2014-10-28,138.4388427734375,0
2014-10-29,139.280029296875,0
2014-10-30,139.412841796875,1
2014-10-31,141.75924682617188,0
2014-11-03,144.99110412597656,0
2014-11-05,143.13169860839844,0
2014-11-07,142.4676055908203,0
2014-11-10,139.678466796875,0
2014-11-11,140.1211700439453,0
2014-11-12,137.9961395263672,0
2014-11-13,136.53514099121094,-1
2014-11-14,137.46487426757812,0
2014-11-17,141.58213806152344,0
2014-11-18,141.13941955566406,1
2014-11-19,139.7670135498047,0
2014-11-20,138.97010803222656,0
2014-11-21,138.79306030273438,-1
2014-11-24,138.97010803222656,0
2014-11-25,136.53514099121094,0
2014-11-26,137.5091552734375,0
2014-11-27,142.55616760253906,1
2014-11-28,142.82177734375,0
2014-12-01,141.2722625732422,0
2014-12-02,144.63693237304688,0
2014-12-03,144.5483856201172,0
2014-12-04,144.68118286132812,0
2014-12-05,142.6446990966797,0
2014-12-08,140.1654510498047,0
2014-12-09,137.11068725585938,-1
2014-12-10,138.12893676757812,0
2014-12-11,137.8190155029297,0
2014-12-12,135.4283447265625,0
2014-12-15,134.2329864501953,0
2014-12-16,127.7249755859375,0
2014-12-17,128.38906860351562,0
2014-12-18,130.60267639160156,0
2014-12-19,130.51409912109375,0
2014-12-22,130.60267639160156,0
2014-12-23,131.31103515625,0
2014-12-24,130.07142639160156,0
2014-12-26,130.0271453857422,0
2014-12-29,131.6209259033203,0
2014-12-30,131.9751434326172,0
2014-12-31,133.657470703125,1
2015-01-01,133.43609619140625,0
2015-01-02,135.02989196777344,0
2015-01-05,135.4283447265625,0
2015-01-06,131.17823791503906,0
2015-01-07,131.44384765625,0
2015-01-08,136.0924072265625,0
2015-01-09,137.7747802734375,0
2015-01-12,139.32424926757812,0
2015-01-13,137.46487426757812,0
2015-01-14,137.11068725585938,0
2015-01-15,137.8190155029297,0
2015-01-16,136.62368774414062,0
2015-01-19,138.6159210205078,0
2015-01-20,138.4388427734375,0
2015-01-21,139.89981079101562,0
2015-01-22,140.65243530273438,0
2015-01-23,142.68893432617188,0
2015-01-27,141.13941955566406,0
2015-01-28,140.56390380859375,0
2015-01-29,140.1211700439453,0
2015-01-30,140.51962280273438,0
2015-02-02,144.8582763671875,0
2015-02-03,142.0691680908203,0
2015-02-04,140.38682556152344,0
2015-02-05,137.02215576171875,-1
2015-02-06,134.9413604736328,0
2015-02-09,132.4178466796875,0
2015-02-10,134.18873596191406,0
2015-02-11,136.66793823242188,0
2015-02-12,137.42056274414062,0
2015-02-13,139.36854553222656,0
2015-02-16,137.37628173828125,0
2015-02-18,138.88156127929688,0
2015-02-19,139.01437377929688,0
2015-02-20,141.40504455566406,1
2015-02-23,138.0846710205078,0
2015-02-24,137.73046875,-1
2015-02-25,135.91534423828125,0
2015-02-26,135.0741729736328,0
2015-02-27,138.17323303222656,0
2015-03-02,140.209716796875,0
2015-03-03,144.8140106201172,1
2015-03-04,140.209716796875,0
2015-03-05,141.05091857910156,0
2015-03-09,140.82952880859375,0
2015-03-10,139.23573303222656,0
2015-03-11,139.7670135498047,0
2015-03-12,141.67071533203125,0
2015-03-13,137.11068725585938,-1
2015-03-16,137.02215576171875,0
2015-03-17,138.74874877929688,0
2015-03-18,137.9961395263672,0
2015-03-19,136.22528076171875,0
2015-03-20,132.77200317382812,0
2015-03-23,130.3370361328125,0
2015-03-24,131.00112915039062,0
2015-03-25,131.93084716796875,0
2015-03-26,130.4255828857422,0
2015-03-27,129.05316162109375,0
2015-03-30,132.59490966796875,0
2015-03-31,131.7537384033203,0
2015-04-01,133.79026794433594,0
2015-04-06,134.10015869140625,0
2015-04-07,133.79026794433594,1
2015-04-08,134.2329864501953,0
2015-04-09,134.63143920898438,0
2015-04-10,142.73321533203125,0
2015-04-13,142.99888610839844,0
2015-04-15,140.74099731445312,0
2015-04-16,141.05091857910156,0
2015-04-17,139.50137329101562,0
2015-04-20,135.6939697265625,0
2015-04-21,132.9933624267578,0
2015-04-22,132.50637817382812,-1
2015-04-23,132.9933624267578,0
2015-04-24,130.38134765625,0
2015-04-27,125.86556243896484,0
2015-04-28,125.6884765625,0
2015-04-29,126.2197494506836,0
2015-04-30,125.82129669189452,0
2015-05-04,127.10519409179688,0
2015-05-05,127.99063873291016,0
2015-05-06,123.78475952148438,0
2015-05-07,121.96961975097656,0
2015-05-08,124.89158630371094,0
2015-05-11,126.92809295654295,0
2015-05-12,126.48538208007812,0
2015-05-13,127.99063873291016,1
2015-05-14,129.5401611328125,0
2015-05-15,130.51409912109375,0
2015-05-18,131.00112915039062,0
2015-05-19,130.64694213867188,0
2015-05-20,129.23023986816406,0
2015-05-21,129.8500518798828,0
2015-05-22,131.00112915039062,0
2015-05-25,130.5583953857422,0
2015-05-26,131.7537384033203,0
2015-05-27,131.6652069091797,0
2015-05-28,128.30055236816406,0
2015-05-29,129.495849609375,0
2015-06-01,128.5218505859375,0
2015-06-02,124.6702117919922,-1
2015-06-03,121.6154327392578,0
2015-06-04,121.96961975097656,0
2015-06-05,122.63370513916016,0
2015-06-08,119.40184020996094,0
2015-06-09,121.79253387451172,0
2015-06-10,120.95134735107422,0
2015-06-11,119.0033721923828,0
2015-06-12,113.4693603515625,0
2015-06-15,114.310546875,0
2015-06-16,113.95637512207033,0
2015-06-17,117.18824005126952,0
2015-06-18,117.40958404541016,0
2015-06-19,118.42782592773438,0
2015-06-22,119.53466033935548,1
2015-06-23,118.5164031982422,0
2015-06-24,117.94084930419922,0
2015-06-25,120.15447235107422,0
2015-06-26,118.5164031982422,0
2015-06-29,114.70899200439452,0
2015-06-30,117.05541229248048,0
2015-07-01,120.02165222167967,0
2015-07-02,121.39411163330078,0
2015-07-03,120.50863647460938,0
2015-07-06,119.53466033935548,0
2015-07-07,122.3680648803711,0
2015-07-08,119.44610595703124,0
2015-07-09,118.60494232177734,0
2015-07-10,119.13621520996094,0
2015-07-13,121.12844848632812,0
2015-07-14,121.34982299804688,0
2015-07-15,122.32379913330078,0
2015-07-16,122.19098663330078,0
2015-07-17,123.076416015625,0
2015-07-20,125.5113754272461,0
2015-07-21,121.74826049804688,0
2015-07-22,123.5191421508789,0
2015-07-23,124.71449279785156,0
2015-07-24,124.6702117919922,0
2015-07-27,121.79253387451172,0
2015-07-28,121.70399475097656,0
2015-07-29,122.76649475097656,0
2015-07-30,123.44154357910156,0
2015-07-31,126.1866683959961,0
2015-08-03,126.77173614501952,0
2015-08-04,128.97683715820312,0
2015-08-05,127.94178009033205,0
2015-08-06,129.38186645507812,0
2015-08-07,127.76177215576172,0
2015-08-10,125.06165313720705,0
2015-08-11,123.93656158447266,0
2015-08-12,119.75135040283205,-1
2015-08-13,117.00621795654295,0
2015-08-14,118.89631652832033,0
2015-08-17,117.90628051757812,0
2015-08-18,120.74138641357422,0
2015-08-19,120.42637634277344,0
2015-08-20,119.6163330078125,0
2015-08-21,117.3662338256836,0
2015-08-24,103.3704833984375,0
2015-08-25,105.80062103271484,0
2015-08-26,105.57559967041016,0
2015-08-27,104.7205581665039,0
2015-08-28,106.34065246582033,0
2015-08-31,107.64572143554688,0
2015-09-01,103.68551635742188,0
2015-09-02,106.97067260742188,0
2015-09-03,111.74092864990234,0
2015-09-04,108.1857452392578,0
2015-09-07,108.41075134277344,1
2015-09-08,108.86077880859376,0
2015-09-09,111.29090881347656,0
2015-09-10,111.38091278076172,0
2015-09-11,110.9308853149414,0
2015-09-14,111.6509246826172,0
2015-09-15,112.8659896850586,0
2015-09-16,110.79586791992188,0
2015-09-18,112.91099548339844,0
2015-09-21,112.95599365234376,0
2015-09-22,111.5159149169922,0
2015-09-23,112.5059585571289,0
2015-09-24,111.7859344482422,0
2015-09-28,114.39608001708984,0
2015-09-29,113.946044921875,0
2015-09-30,115.02611541748048,0
2015-10-01,117.0512237548828,0
2015-10-05,118.67130279541016,0
2015-10-06,117.50123596191406,0
2015-10-07,119.75135040283205,0
2015-10-08,120.02136993408205,0
2015-10-09,121.23644256591795,0
2015-10-12,121.10143280029295,0
2015-10-13,119.07633209228516,0
2015-10-14,120.60639190673828,0
2015-10-15,121.23644256591795,0
2015-10-16,120.60639190673828,0
2015-10-19,121.23644256591795,0
2015-10-20,125.46662902832033,0
2015-10-21,123.80158233642578,0
2015-10-23,124.02658081054688,0
2015-10-26,125.01663970947266,0
2015-10-27,122.22648620605467,0
2015-10-28,122.04649353027344,0
2015-10-29,122.3165054321289,-1
2015-10-30,120.11136627197266,0
2015-11-02,119.3913345336914,0
2015-11-03,118.58129119873048,0
2015-11-04,118.58129119873048,0
2015-11-05,115.2061004638672,0
2015-11-06,113.2710189819336,0
2015-11-09,115.92616271972656,0
2015-11-10,113.13600158691406,0
2015-11-13,115.2061004638672,0
2015-11-16,115.34113311767578,0
2015-11-17,119.25634765625,0
2015-11-18,115.88115692138672,0
2015-11-19,117.81624603271484,0
2015-11-20,120.42637634277344,1
2015-11-23,119.66134643554688,0
2015-11-24,120.92144012451172,0
2015-11-26,121.46143341064452,0
2015-11-27,123.26153564453124,0
2015-11-30,123.80158233642578,0
2015-12-01,122.63151550292967,0
2015-12-02,122.58649444580078,0
2015-12-03,121.4164581298828,0
2015-12-04,120.29138946533205,0
2015-12-07,121.82147216796876,0
2015-12-08,121.50643920898438,0
2015-12-09,118.94132232666016,-1
2015-12-10,121.7764663696289,0
2015-12-11,119.8863525390625,0
2015-12-14,120.92144012451172,0
2015-12-15,120.47142028808594,0
2015-12-16,122.90153503417967,0
2015-12-17,127.98678588867188,1
2015-12-18,127.71678161621094,0
2015-12-21,128.6168212890625,0
2015-12-22,127.08673858642578,0
2015-12-23,127.80677795410156,0
2015-12-24,130.32691955566406,0
2015-12-28,129.6519012451172,0
2015-12-29,127.71678161621094,0
2015-12-30,131.7220001220703,0
2015-12-31,131.5869903564453,0
2016-01-01,131.76699829101562,0
2016-01-04,129.3368682861328,0
2016-01-05,133.5220947265625,0
2016-01-06,130.73193359375,0
2016-01-07,126.0517120361328,-1
2016-01-08,130.01193237304688,0
2016-01-11,127.71678161621094,0
2016-01-12,125.55667114257812,0
2016-01-13,122.04649353027344,0
2016-01-14,120.6514129638672,0
2016-01-15,115.65613555908205,0
2016-01-18,109.67082214355467,0
2016-01-19,113.76603698730467,0
2016-01-20,110.30086517333984,0
2016-01-21,109.580810546875,0
2016-01-22,113.0009994506836,0
2016-01-25,111.8759536743164,0
2016-01-27,112.0109405517578,0
2016-01-28,110.84088897705078,0
2016-01-29,113.85604095458984,0
2016-02-01,113.946044921875,0
2016-02-02,111.83094024658205,0
2016-02-03,109.580810546875,0
2016-02-04,109.44580078125,0
2016-02-05,110.25584411621094,0
2016-02-08,111.5159149169922,0
2016-02-09,108.68077087402344,0
2016-02-10,106.52064514160156,0
2016-02-11,94.73003387451172,0
2016-02-12,93.87499237060548,0
2016-02-15,95.40506744384766,0
2016-02-16,92.38990020751952,0
2016-02-17,93.60496520996094,0
2016-02-18,94.0999984741211,0
2016-02-19,96.57512664794922,0
2016-02-22,98.19520568847656,0
2016-02-23,95.99009704589844,0
2016-02-24,96.03510284423828,1
2016-02-25,95.5850601196289,0
2016-02-26,94.28001403808594,0
2016-02-29,93.199951171875,0
2016-03-01,98.01520538330078,0
2016-03-02,98.91525268554688,0
2016-03-03,98.55522918701172,0
2016-03-04,101.93040466308594,0
2016-03-08,104.0905303955078,0
2016-03-09,105.17057037353516,0
2016-03-10,104.81056213378906,0
2016-03-11,104.27052307128906,0
2016-03-14,104.0905303955078,0
2016-03-15,103.91050720214844,0
2016-03-16,103.5955047607422,0
2016-03-17,104.2255401611328,0
2016-03-18,107.01568603515624,0
2016-03-21,107.9157257080078,0
2016-03-22,109.26579284667967,0
2016-03-23,107.51070404052734,0
2016-03-28,107.4656982421875,0
2016-03-29,107.37570190429688,0
2016-03-30,109.26579284667967,0
2016-03-31,109.13078308105467,0
2016-04-01,110.30086517333984,0
2016-04-04,109.08577728271484,0
2016-04-05,106.43064880371094,0
2016-04-06,106.97067260742188,0
2016-04-07,106.8356704711914,-1
2016-04-08,105.93561553955078,0
2016-04-11,107.55570220947266,0
2016-04-12,106.52064514160156,0
2016-04-13,108.59075927734376,0
2016-04-18,108.00572204589844,0
2016-04-20,109.67082214355467,0
2016-04-21,108.09573364257812,0
2016-04-22,108.23074340820312,0
2016-04-25,109.08577728271484,0
2016-04-26,109.62582397460938,1
2016-04-27,110.16585540771484,0
2016-04-28,108.27574920654295,-1
2016-04-29,108.0507354736328,0
2016-05-02,108.99577331542967,0
2016-05-03,107.51070404052734,0
2016-05-04,105.26058197021484,0
2016-05-05,104.7205581665039,0
2016-05-06,106.29563903808594,0
2016-05-09,106.88067626953124,0
2016-05-10,106.3856430053711,0
2016-05-11,105.57559967041016,0
2016-05-12,107.06067657470705,0
2016-05-13,107.6007080078125,0
2016-05-16,108.59075927734376,0
2016-05-17,108.32074737548828,1
2016-05-18,108.86077880859376,0
2016-05-19,107.9607162475586,0
2016-05-20,108.0507354736328,0
2016-05-23,108.36575317382812,0
2016-05-24,109.580810546875,0
2016-05-25,107.55570220947266,0
2016-05-26,106.74566650390624,-1
2016-05-27,105.57559967041016,0
2016-05-30,106.16064453125,0
2016-05-31,105.98062133789062,0
2016-06-01,106.25064086914062,0
2016-06-02,107.33070373535156,0
2016-06-03,108.1857452392578,0
2016-06-06,107.37570190429688,0
2016-06-07,107.4207000732422,1
2016-06-08,111.9659423828125,0
2016-06-09,112.46096801757812,0
2016-06-10,111.29090881347656,0
2016-06-13,115.34113311767578,0
2016-06-14,113.85604095458984,0
2016-06-15,114.30606842041016,0
2016-06-16,113.49601745605467,0
2016-06-17,113.13600158691406,0
2016-06-20,113.54103088378906,0
2016-06-21,112.91099548339844,0
2016-06-22,114.53107452392578,0
2016-06-23,114.08106994628906,0
2016-06-24,111.83094024658205,0
2016-06-27,113.36102294921876,-1
2016-06-28,115.07110595703124,1
2016-06-29,116.73617553710938,0
2016-06-30,118.0862808227539,0
2016-07-01,121.4164581298828,0
2016-07-04,120.69640350341795,0
2016-07-05,120.51639556884766,0
2016-07-07,121.01141357421876,0
2016-07-08,119.34635162353516,0
2016-07-11,119.79635620117188,0
2016-07-12,119.6163330078125,0
2016-07-13,118.94132232666016,0
2016-07-14,119.34635162353516,-1
2016-07-15,119.34635162353516,0
2016-07-18,116.96121215820312,0
2016-07-19,117.0512237548828,0
2016-07-20,120.47142028808594,0
2016-07-21,118.62629699707033,0
2016-07-22,118.35629272460938,0
2016-07-25,120.11136627197266,0
2016-07-26,118.041259765625,0
2016-07-27,123.71155548095705,0
2016-07-28,126.14170837402344,1
2016-07-29,127.94178009033205,0
2016-08-01,126.90672302246094,0
2016-08-02,124.56661987304688,0
2016-08-03,122.1814956665039,0
2016-08-04,124.4766082763672,0
2016-08-05,125.1966552734375,0
2016-08-08,130.73146057128906,0
2016-08-09,131.05165100097656,0
2016-08-10,126.0199966430664,0
2016-08-11,125.60831451416016,0
2016-08-12,125.28811645507812,-1
2016-08-16,126.29447174072266,0
2016-08-17,125.92852020263672,0
2016-08-18,127.0263214111328,0
2016-08-19,129.2219696044922,0
2016-08-22,126.61466979980467,0
2016-08-23,127.71246337890624,0
2016-08-24,128.30712890625,0
2016-08-25,128.49008178710938,0
2016-08-26,127.98690795898438,0
2016-08-29,127.16354370117188,0
2016-08-30,128.2613525390625,0
2016-08-31,128.30712890625,0
2016-09-01,129.08473205566406,0
2016-09-02,129.54217529296875,0
2016-09-06,129.67938232421875,0
2016-09-07,130.091064453125,0
2016-09-08,130.091064453125,0
2016-09-09,127.80393981933594,0
2016-09-12,123.77862548828124,0
2016-09-14,125.74552154541016,0
2016-09-15,125.3338623046875,0
2016-09-16,127.94117736816406,0
2016-09-19,127.98690795898438,0
2016-09-20,126.24870300292967,0
2016-09-21,126.29447174072266,0
2016-09-22,127.0720672607422,0
2016-09-23,130.27403259277344,0
2016-09-26,128.67306518554688,0
2016-09-27,132.24095153808594,1
2016-09-28,134.25363159179688,0
2016-09-29,125.3338623046875,0
2016-09-30,127.71246337890624,-1
2016-10-03,130.2283172607422,1
2016-10-04,129.72511291503906,0
2016-10-05,140.24586486816406,0
2016-10-06,138.0502166748047,0
2016-10-07,138.37042236328125,0
2016-10-10,138.73635864257812,0
2016-10-13,135.25994873046875,0
2016-10-14,140.1543731689453,0
2016-10-17,137.45555114746094,0
2016-10-18,138.96507263183594,0
2016-10-19,141.43515014648438,0
2016-10-20,139.3767547607422,0
2016-10-21,139.5139923095703,0
2016-10-24,140.93199157714844,0
2016-10-25,137.2268524169922,0
2016-10-26,133.01856994628906,-1
2016-10-27,126.0199966430664,0
2016-10-28,128.03265380859375,0
2016-11-01,126.79763793945312,0
2016-11-02,123.45841979980467,0
2016-11-03,120.16500091552734,0
2016-11-04,116.04818725585938,0
2016-11-07,117.1002426147461,0
2016-11-08,116.59709167480467,0
2016-11-09,111.51970672607422,0
2016-11-10,114.7216567993164,0
2016-11-11,108.54644775390624,0
2016-11-15,107.03695678710938,0
2016-11-16,110.97079467773438,0
2016-11-17,108.5007095336914,0
2016-11-18,109.87297821044922,0
2016-11-21,105.80191802978516,0
2016-11-22,107.31140899658205,0
2016-11-23,107.63159942626952,0
2016-11-24,105.29875183105467,0
2016-11-25,108.4092254638672,0
2016-11-28,110.65059661865234,1
2016-11-29,111.56544494628906,0
2016-11-30,113.30364227294922,0
2016-12-01,111.51970672607422,0
2016-12-02,111.1995086669922,0
2016-12-05,113.12067413330078,0
2016-12-06,112.8919677734375,0
2016-12-07,111.8856430053711,0
2016-12-08,113.30364227294922,0
2016-12-09,113.3493881225586,0
2016-12-12,112.84622192382812,0
2016-12-13,112.84622192382812,0
2016-12-14,112.2973175048828,0
2016-12-15,113.8525619506836,0
2016-12-16,113.71533966064452,0
2016-12-19,113.71533966064452,0
2016-12-20,110.92504119873048,0
2016-12-21,111.24524688720705,0
2016-12-22,109.23258209228516,0
2016-12-23,108.72940826416016,0
2016-12-26,107.03695678710938,-1
2016-12-27,110.28465270996094,0
2016-12-28,109.41555786132812,0
2016-12-29,110.7878189086914,1
2016-12-30,111.6111831665039,0
2017-01-02,113.02919006347656,0
2017-01-03,113.8525619506836,0
2017-01-04,113.8525619506836,0
2017-01-05,114.53868103027344,0
2017-01-06,114.03553771972656,0
2017-01-09,114.12701416015624,0
2017-01-10,113.8525619506836,0
2017-01-11,116.68858337402344,0
2017-01-12,114.49295806884766,0
2017-01-13,117.4204559326172,0
2017-01-16,116.78005981445312,0
2017-01-17,116.73431396484376,0
2017-01-18,117.69490814208984,0
2017-01-19,119.38737487792967,0
2017-01-20,115.63650512695312,0
2017-01-23,117.00877380371094,0
2017-01-24,117.51193237304688,0
2017-01-25,117.4204559326172,0
2017-01-27,118.19806671142578,0
2017-01-30,119.34162139892578,0
2017-01-31,117.87787628173828,0
2017-02-01,119.02143096923828,0
2017-02-02,125.92852020263672,0
2017-02-03,129.7708740234375,0
2017-02-06,130.59423828125,0
2017-02-07,129.58790588378906,0
2017-02-08,133.70468139648438,0
2017-02-09,131.64630126953125,0
2017-02-10,131.69203186035156,0
2017-02-13,129.86236572265625,0
2017-02-14,129.17620849609375,0
2017-02-15,126.9348602294922,0
2017-02-16,128.16990661621094,-1
2017-02-17,128.2156219482422,0
2017-02-20,129.54217529296875,0
2017-02-21,129.54217529296875,0
2017-02-22,128.07839965820312,0
2017-02-23,127.39227294921876,0
2017-02-27,127.0720672607422,0
2017-02-28,126.29447174072266,0
2017-03-01,131.37184143066406,0
2017-03-02,129.08473205566406,0
2017-03-03,131.14315795898438,0
2017-03-06,131.05165100097656,0
2017-03-07,130.59423828125,0
2017-03-08,129.3591766357422,0
2017-03-09,128.81027221679688,0
2017-03-10,125.42535400390624,0
2017-03-14,127.62098693847656,0
2017-03-15,128.9017791748047,0
2017-03-16,132.378173828125,0
2017-03-17,132.46966552734375,0
2017-03-20,133.9791259765625,1
2017-03-21,133.47598266601562,0
2017-03-22,130.91444396972656,0
2017-03-23,138.6906280517578,0
2017-03-24,138.2789306640625,0
2017-03-27,135.9460906982422,0
2017-03-28,137.7300262451172,0
2017-03-29,137.77577209472656,0
2017-03-30,137.3640899658203,0
2017-03-31,137.7300262451172,0
2017-04-03,138.96507263183594,0
2017-04-05,139.65118408203125,0
2017-04-06,140.01712036132812,0
2017-04-07,137.77577209472656,0
2017-04-10,138.095947265625,-1
2017-04-11,140.3373260498047,0
2017-04-12,138.82785034179688,0
2017-04-13,137.6842803955078,0
2017-04-17,136.7236785888672,0
2017-04-18,135.5343780517578,0
2017-04-19,137.40982055664062,0
2017-04-20,139.1938018798828,0
2017-04-21,138.41616821289062,0
2017-04-24,139.0108184814453,0
2017-04-25,138.7821044921875,0
2017-04-26,140.65756225585938,0
2017-04-27,139.14804077148438,0
2017-04-28,140.0629119873047,0
2017-05-02,144.2711639404297,1
2017-05-03,142.89889526367188,0
2017-05-04,142.1212921142578,0
2017-05-05,139.33102416992188,-1
2017-05-08,139.60546875,0
2017-05-09,140.93199157714844,0
2017-05-10,141.6638641357422,0
2017-05-11,140.88624572753906,0
2017-05-12,139.65118408203125,0
2017-05-15,141.43515014648438,0
2017-05-16,141.2979278564453,0
2017-05-17,139.8341827392578,0
2017-05-18,134.93975830078125,0
2017-05-19,136.7694549560547,0
2017-05-22,135.21421813964844,0
2017-05-23,132.42393493652344,0
2017-05-24,129.63363647460938,0
2017-05-25,130.8686981201172,0
2017-05-26,134.39085388183594,0
2017-05-29,133.01856994628906,0
2017-05-30,133.15579223632812,0
2017-05-31,136.67796325683594,0
2017-06-01,139.4224853515625,1
2017-06-02,141.6638641357422,0
2017-06-05,141.75534057617188,0
2017-06-06,139.97140502929688,0
2017-06-07,142.3042449951172,0
2017-06-08,141.43515014648438,0
2017-06-09,141.25218200683594,0
2017-06-12,139.14804077148438,0
2017-06-13,143.12762451171875,0
2017-06-14,144.9573211669922,0
2017-06-15,145.5519561767578,0
2017-06-16,144.7285919189453,0
2017-06-19,143.08187866210938,0
2017-06-20,143.49356079101562,0
2017-06-21,143.4478302001953,0
2017-06-22,141.57237243652344,0
2017-06-23,138.2789306640625,-1
2017-06-27,134.80252075195312,0
2017-06-28,136.44924926757812,0
2017-06-29,135.85459899902344,0
2017-06-30,137.8214874267578,0
2017-07-03,138.6906280517578,0
2017-07-04,137.27261352539062,0
2017-07-05,142.85316467285156,0
2017-07-06,140.29161071777344,0
2017-07-07,146.5629119873047,1
2017-07-10,154.73886108398438,0
2017-07-11,157.47962951660156,0
2017-07-12,161.42823791503906,0
2017-07-13,162.96124267578125,0
2017-07-14,161.84632873535156,0
2017-07-17,164.44776916503906,0
2017-07-18,161.42823791503906,0
2017-07-19,162.72894287109375,0
2017-07-20,159.15200805664062,0
2017-07-21,159.98818969726562,0
2017-07-24,157.94418334960938,0
2017-07-25,159.01263427734375,0
2017-07-26,159.98818969726562,-1
2017-07-27,156.4576416015625,0
2017-07-28,157.1544647216797,0
2017-07-31,157.52609252929688,0
2017-08-01,155.6214599609375,0
2017-08-02,153.39166259765625,0
2017-08-03,154.83175659179688,0
2017-08-04,156.8578338623047,0
2017-08-07,160.62734985351562,0
2017-08-08,156.43377685546875,0
2017-08-09,152.75851440429688,0
2017-08-10,147.0100555419922,0
2017-08-11,154.73748779296875,0
2017-08-14,168.44903564453125,0
2017-08-16,182.67886352539065,1
2017-08-17,179.6161346435547,0
2017-08-18,183.1971435546875,0
2017-08-21,184.84629821777344,0
2017-08-22,178.9093780517578,0
2017-08-23,185.2232360839844,0
2017-08-24,183.05580139160156,0
2017-08-28,182.1605529785156,0
2017-08-29,179.38055419921875,0
2017-08-30,185.69444274902344,0
2017-08-31,186.5896759033203,0
2017-09-01,186.21273803710935,0
2017-09-04,182.1605529785156,0
2017-09-05,185.36460876464844,0
2017-09-06,194.08155822753903,0
2017-09-07,193.89308166503903,0
2017-09-08,194.976806640625,0
2017-09-11,197.1913604736328,0
2017-09-12,199.8300018310547,0
2017-09-13,195.353759765625,0
2017-09-14,199.8300018310547,0
2017-09-15,198.41647338867188,0
2017-09-18,201.0079803466797,0
2017-09-19,203.74085998535156,0
2017-09-20,201.38491821289065,0
2017-09-21,199.97137451171875,-1
2017-09-22,189.5581512451172,0
2017-09-25,185.3175048828125,0
2017-09-26,192.8564453125,0
2017-09-27,187.15512084960935,0
2017-09-28,191.44290161132812,0
2017-09-29,193.9402008056641,0
2017-10-03,194.55271911621097,0
2017-10-04,193.13916015625,0
2017-10-05,197.37986755371097,0
2017-10-06,197.52120971679688,0
2017-10-09,196.2961273193359,0
2017-10-10,196.43746948242188,0
2017-10-11,197.33273315429688,0
2017-10-12,199.78289794921875,0
2017-10-13,198.1337432861328,0
2017-10-16,197.52120971679688,0
2017-10-17,198.1808624267578,0
2017-10-18,194.882568359375,0
2017-10-19,192.8093414306641,0
2017-10-23,191.39578247070312,0
2017-10-24,197.56832885742188,0
2017-10-25,193.4690093994141,0
2017-10-26,197.7097015380859,0
2017-10-27,207.7930450439453,1
2017-10-30,213.7300262451172,0
2017-10-31,213.87136840820312,0
2017-11-01,214.67237854003903,0
2017-11-02,213.30593872070312,0
2017-11-03,212.31643676757812,0
2017-11-06,221.17474365234375,0
2017-11-07,212.03375244140625,0
2017-11-08,211.5625457763672,0
2017-11-09,226.59339904785156,0
2017-11-10,222.54116821289065,0
2017-11-13,220.8920135498047,0
2017-11-14,232.48321533203125,0
2017-11-15,236.441162109375,0
2017-11-16,237.43067932128903,0
2017-11-17,244.92251586914065,0
2017-11-20,259.05810546875,0
2017-11-21,257.40899658203125,0
2017-11-22,258.257080078125,0
2017-11-23,258.9638671875,0
2017-11-24,262.63916015625,0
2017-11-27,261.461181640625,0
2017-11-28,271.1675720214844,0
2017-11-29,264.0527038574219,0
2017-11-30,270.5550537109375,0
2017-12-01,267.2095947265625,0
2017-12-04,262.96893310546875,0
2017-12-05,263.8171081542969,-1
2017-12-06,259.105224609375,0
2017-12-07,267.6336975097656,0
2017-12-08,271.8272705078125,0
2017-12-11,281.15673828125,0
2017-12-12,271.2146911621094,0
2017-12-13,268.05780029296875,0
2017-12-14,267.9164123535156,0
2017-12-15,270.3194580078125,0
2017-12-18,274.0889587402344,0
2017-12-19,283.32415771484375,0
2017-12-20,283.5126953125,0
2017-12-21,282.8529968261719,0
2017-12-22,285.3031921386719,0
2017-12-26,288.3187561035156,0
2017-12-27,287.94183349609375,0
2017-12-28,288.93133544921875,0
2017-12-29,298.1665344238281,1
2018-01-01,294.86822509765625,0
2018-01-02,293.21905517578125,0
2018-01-03,293.2662353515625,-1
2018-01-04,294.2557678222656,0
2018-01-05,294.9154052734375,0
2018-01-08,299.29742431640625,0
2018-01-09,297.1299133300781,0
2018-01-10,295.9991149902344,0
2018-01-11,295.24517822265625,0
2018-01-12,306.97772216796875,0
2018-01-15,304.38616943359375,0
2018-01-16,298.1665344238281,0
2018-01-17,295.48077392578125,0
2018-01-18,287.8475646972656,0
2018-01-19,290.5804748535156,0
2018-01-22,291.0516662597656,0
2018-01-23,289.4967346191406,0
2018-01-24,286.71673583984375,0
2018-01-25,286.71673583984375,0
2018-01-29,284.4079284667969,0
2018-01-30,286.4811096191406,0
2018-01-31,273.90045166015625,0
2018-02-01,271.7330322265625,0
2018-02-02,259.0110168457031,0
2018-02-05,257.36187744140625,0
2018-02-06,251.3306579589844,0
2018-02-07,264.0055847167969,0
2018-02-08,264.28826904296875,0
2018-02-09,262.2150573730469,0
2018-02-12,268.6702880859375,0
2018-02-14,265.7018737792969,0
2018-02-15,262.96893310546875,0
2018-02-16,259.7177734375,0
2018-02-19,252.50863647460935,0
2018-02-20,247.70249938964844,0
2018-02-21,251.23643493652344,0
2018-02-22,247.04281616210935,0
2018-02-23,255.10015869140625,0
2018-02-26,257.73876953125,0
2018-02-27,259.15234375,1
2018-02-28,259.6235046386719,0
2018-03-01,259.0110168457031,0
2018-03-05,259.7648620605469,0
2018-03-06,258.3513488769531,0
2018-03-07,253.40386962890625,0
2018-03-08,257.6445617675781,0
2018-03-09,252.88558959960935,0
2018-03-12,260.1418151855469,0
2018-03-13,262.1679382324219,0
2018-03-14,262.45068359375,0
2018-03-15,263.4872741699219,0
2018-03-16,256.7021484375,0
2018-03-19,245.5821990966797,0
2018-03-20,246.9486083984375,-1
2018-03-21,248.0323944091797,0
2018-03-22,243.93304443359375,0
2018-03-23,243.0377960205078,0
2018-03-26,247.0899658203125,0
2018-03-27,248.5977783203125,0
2018-03-28,243.83880615234375,0
2018-04-02,260.989990234375,1
2018-04-03,258.9638671875,0
2018-04-04,254.67608642578125,0
2018-04-05,257.267578125,0
2018-04-06,256.98492431640625,0
2018-04-09,261.79095458984375,0
2018-04-10,259.6235046386719,0
2018-04-11,258.06866455078125,0
2018-04-12,258.06866455078125,0
2018-04-13,259.6235046386719,0
2018-04-16,263.53436279296875,0
2018-04-17,264.7594909667969,0
2018-04-18,267.72796630859375,0
2018-04-19,269.7069396972656,0
2018-04-20,269.8011779785156,0
2018-04-23,267.2567138671875,0
2018-04-24,266.8326416015625,0
2018-04-25,272.4397888183594,0
2018-04-26,274.4187927246094,0
2018-04-27,275.2669372558594,0
2018-04-30,280.40283203125,0
2018-05-02,275.8794860839844,0
2018-05-03,270.1309814453125,0
2018-05-04,271.2146911621094,0
2018-05-07,277.24591064453125,0
2018-05-08,273.0052185058594,0
2018-05-09,275.1726989746094,0
2018-05-10,268.81170654296875,-1
2018-05-11,270.9320068359375,0
2018-05-14,241.1530303955078,0
2018-05-15,228.66661071777344,0
2018-05-16,227.2059326171875,0
2018-05-17,233.2371063232422,0
2018-05-18,230.5984649658203,0
2018-05-21,229.51475524902344,0
2018-05-22,232.9072723388672,0
2018-05-23,235.7815093994141,0
2018-05-24,239.8337249755859,0
2018-05-25,242.99066162109375,0
2018-05-28,245.6293029785156,0
2018-05-29,242.6608428955078,1
2018-05-30,249.25746154785156,0
2018-05-31,253.68658447265625,0
2018-06-01,248.07948303222656,0
2018-06-04,240.5404815673828,0
2018-06-05,248.5506591796875,0
2018-06-06,250.43540954589844,0
2018-06-07,251.7076110839844,0
2018-06-08,251.5662384033203,0
2018-06-11,248.50357055664065,0
2018-06-12,252.1787567138672,0
2018-06-13,254.06350708007812,0
2018-06-14,261.79095458984375,0
2018-06-15,256.466552734375,0
2018-06-18,259.482177734375,0
2018-06-19,251.6604766845703,0
2018-06-20,248.14076232910156,0
2018-06-21,245.6199188232422,0
2018-06-22,249.3298797607422,0
2018-06-25,251.61294555664065,0
2018-06-26,254.32406616210935,0
2018-06-27,252.65933227539065,0
2018-06-28,251.0897674560547,0
2018-06-29,256.22662353515625,0
2018-07-02,251.5653839111328,0
2018-07-03,267.30902099609375,0
2018-07-04,263.7892761230469,0
2018-07-05,258.0340270996094,0
2018-07-06,253.3251953125,0
2018-07-09,261.8392028808594,0
2018-07-10,261.3635559082031,0
2018-07-11,256.65472412109375,0
2018-07-12,252.27886962890625,-1
2018-07-13,246.28578186035156,0
2018-07-16,231.39830017089844,0
2018-07-17,235.82171630859375,0
2018-07-18,227.0223846435547,0
2018-07-19,221.74282836914065,0
2018-07-20,226.974853515625,0
2018-07-23,231.44586181640625,0
2018-07-24,234.29969787597656,0
2018-07-25,225.3576507568359,0
2018-07-26,227.4504852294922,0
2018-07-27,230.447021484375,0
2018-07-30,230.39944458007812,0
2018-07-31,234.8704376220703,0
2018-08-01,224.1685485839844,0
2018-08-02,223.97833251953125,0
2018-08-03,223.21728515625,0
2018-08-06,227.83099365234375,0
2018-08-07,226.02357482910156,1
2018-08-08,224.83445739746097,0
2018-08-09,225.7381896972656,0
2018-08-10,222.17088317871097,0
2018-08-13,223.1221618652344,0
2018-08-14,225.97601318359375,0
2018-08-16,227.68829345703125,0
2018-08-17,231.16046142578125,0
2018-08-20,233.20570373535156,0
2018-08-21,228.829833984375,0
2018-08-23,223.97833251953125,0
2018-08-24,219.74514770507812,0
2018-08-27,225.5003662109375,0
2018-08-28,221.98062133789065,0
2018-08-29,223.1221618652344,0
2018-08-30,224.50152587890625,0
2018-08-31,222.8843536376953,0
2018-09-03,225.1674041748047,0
2018-09-04,212.80079650878903,-1
2018-09-05,211.56414794921875,0
2018-09-06,210.27992248535156,0
2018-09-07,212.0873565673828,0
2018-09-10,211.1836395263672,0
2018-09-11,205.4759826660156,0
2018-09-12,211.8019561767578,0
2018-09-14,222.5513916015625,1
2018-09-17,225.07229614257812,0
2018-09-18,223.59780883789065,0
2018-09-19,223.45510864257812,0
2018-09-21,223.16973876953125,0
2018-09-24,221.93307495117188,0
2018-09-25,224.59664916992188,0
2018-09-26,222.83677673339844,0
2018-09-27,221.8855133056641,0
2018-09-28,222.36114501953125,0
2018-10-01,219.6499786376953,0
2018-10-03,216.51080322265625,0
2018-10-04,207.5687713623047,-1
2018-10-05,199.0072784423828,0
2018-10-08,204.66737365722656,0
2018-10-09,205.9515838623047,0
2018-10-10,217.2718048095703,0
2018-10-11,213.65695190429688,0
2018-10-12,217.93771362304688,1
2018-10-15,223.45510864257812,0
2018-10-16,223.97833251953125,0
2018-10-17,219.8402557373047,0
2018-10-19,216.13026428222656,0
2018-10-22,212.3727264404297,0
2018-10-23,207.66390991210935,-1
2018-10-24,209.0908203125,0
2018-10-25,211.2787628173828,0
2018-10-26,206.99803161621097,0
2018-10-29,209.28106689453125,0
2018-10-30,216.22540283203125,0
2018-10-31,207.23582458496097,0
2018-11-01,207.1407012939453,0
2018-11-02,207.0455780029297,0
2018-11-05,209.1383819580078,0
2018-11-06,203.38316345214844,0
2018-11-07,204.7149353027344,0
2018-11-09,199.2926788330078,0
2018-11-12,204.23927307128903,0
2018-11-13,209.2335205078125,0
2018-11-14,206.80775451660156,1
2018-11-15,210.6604156494141,0
2018-11-16,210.99337768554688,0
2018-11-19,213.2288818359375,0
2018-11-20,205.4283905029297,0
2018-11-21,208.32980346679688,0
2018-11-22,205.38082885742188,0
2018-11-26,207.0455780029297,0
2018-11-27,207.1407012939453,0
2018-11-28,205.4759826660156,0
2018-11-29,208.09197998046875,0
2018-11-30,207.9968414306641,0
2018-12-03,204.2868804931641,0
2018-12-04,199.2926788330078,-1
2018-12-05,201.3854827880859,0
2018-12-06,198.00843811035156,0
2018-12-07,196.48638916015625,0
2018-12-10,188.543212890625,0
2018-12-11,192.96665954589844,0
2018-12-12,202.57456970214844,0
2018-12-13,202.0513458251953,0
2018-12-14,202.0038146972656,1
2018-12-17,199.8158721923828,0
2018-12-18,199.86343383789065,0
2018-12-19,199.91099548339844,0
2018-12-20,199.95855712890625,0
2018-12-21,204.9051818847656,0
2018-12-24,208.3773498535156,0
2018-12-26,207.90171813964844,0
2018-12-27,209.3286590576172,0
2018-12-28,210.04209899902344,0
2018-12-31,208.71031188964844,0
2019-01-01,208.4249267578125,0
2019-01-02,204.14418029785156,0
2019-01-03,199.8158721923828,0
2019-01-04,203.38316345214844,0
2019-01-07,204.4771270751953,0
2019-01-08,204.66737365722656,0
2019-01-09,202.2416229248047,-1
2019-01-10,203.71609497070312,0
2019-01-11,201.5757293701172,0
2019-01-14,203.0977783203125,0
2019-01-15,203.8587951660156,0
2019-01-16,205.90402221679688,1
2019-01-17,207.5212249755859,0
2019-01-18,205.7137756347656,0
2019-01-21,200.2439422607422,-1
2019-01-22,201.76597595214844,0
2019-01-23,200.3390655517578,0
2019-01-24,200.52932739257812,0
2019-01-25,196.96202087402344,0
2019-01-28,199.05484008789065,0
2019-01-29,194.8692169189453,0
2019-01-30,194.53627014160156,0
2019-01-31,193.87039184570312,0
2019-02-01,194.15579223632812,0
2019-02-04,190.1128387451172,0
2019-02-05,176.89007568359375,0
2019-02-06,179.26828002929688,0
2019-02-07,181.7891540527344,0
2019-02-08,176.65223693847656,0
2019-02-11,170.99215698242188,0
2019-02-12,177.46083068847656,0
2019-02-14,179.69635009765625,0
2019-02-15,177.080322265625,0
2019-02-18,173.84596252441406,0
2019-02-19,175.5107421875,0
2019-02-20,179.50607299804688,0
2019-02-21,181.361083984375,1
2019-02-22,180.02931213378906,0
2019-02-25,181.7891540527344,0
2019-02-26,182.31234741210935,0
2019-02-27,183.31118774414065,0
2019-02-28,184.2624664306641,0
2019-03-01,187.6870880126953,0
2019-03-05,187.9248962402344,0
2019-03-06,188.30538940429688,0
2019-03-07,187.0211639404297,0
2019-03-08,183.7868194580078,0
2019-03-11,192.6337127685547,0
2019-03-12,194.9167938232422,0
2019-03-13,192.96665954589844,0
2019-03-14,196.1534423828125,0
2019-03-15,193.2996063232422,0
2019-03-18,190.49331665039065,0
2019-03-19,193.39474487304688,0
2019-03-20,188.44810485839844,0
2019-03-22,186.2126007080078,0
2019-03-25,187.0687561035156,0
2019-03-26,186.49798583984375,-1
2019-03-27,187.0211639404297,0
2019-03-28,189.2566680908203,0
2019-04-01,197.96087646484375,1
2019-04-02,201.5757293701172,0
2019-04-03,198.1986846923828,0
2019-04-04,201.0525360107422,0
2019-04-05,201.0049743652344,0
2019-04-08,201.3854827880859,0
2019-04-09,200.006103515625,0
2019-04-10,198.6267852783203,0
2019-04-11,204.14418029785156,0
2019-04-12,204.66737365722656,0
2019-04-15,206.09429931640625,0
2019-04-16,205.19056701660156,0
2019-04-18,198.67433166503903,0
2019-04-22,199.1499786376953,-1
2019-04-23,199.3877868652344,0
2019-04-24,198.72189331054688,0
2019-04-25,200.9098358154297,0
2019-04-26,202.8124084472656,0
2019-04-30,199.0072784423828,0
2019-05-02,196.2485809326172,0
2019-05-03,194.06060791015625,0
2019-05-06,192.77639770507812,0
2019-05-07,190.0177001953125,0
2019-05-08,189.73231506347656,0
2019-05-09,188.9237365722656,0
2019-05-10,188.82861328125,0
2019-05-13,190.1128387451172,0
2019-05-14,190.49331665039065,0
2019-05-15,189.54205322265625,0
2019-05-16,210.04209899902344,1
2019-05-17,223.9307556152344,0
2019-05-20,224.35882568359375,0
2019-05-21,221.17202758789065,0
2019-05-22,222.64651489257812,0
2019-05-23,219.0792236328125,0
2019-05-24,225.90740966796875,0
2019-05-27,224.46484375,0
2019-05-28,228.2155609130859,0
2019-05-29,225.37847900390625,0
2019-05-30,227.7827911376953,0
2019-05-31,234.6590576171875,0
2019-06-03,235.5726776123047,0
2019-06-04,243.74728393554688,0
2019-06-06,242.83364868164065,0
2019-06-07,247.161376953125,0
2019-06-10,243.02598571777344,0
2019-06-11,245.57455444335935,0
2019-06-12,245.38218688964844,0
2019-06-13,244.13197326660156,0
2019-06-14,237.59230041503903,-1
2019-06-17,236.29396057128903,0
2019-06-18,238.3135681152344,0
2019-06-19,235.90928649902344,0
2019-06-20,246.05538940429688,0
2019-06-21,251.77761840820312,0
2019-06-24,249.9984588623047,0
2019-06-25,249.2290802001953,0
2019-06-26,262.2122802734375,1
2019-06-27,263.3182373046875,0
2019-06-28,259.3752136230469,0
2019-07-01,261.15435791015625,0
2019-07-02,261.394775390625,0
2019-07-03,261.25048828125,0
2019-07-04,259.32708740234375,-1
2019-07-05,256.3938903808594,0
2019-07-08,253.46058654785156,0
2019-07-09,253.46058654785156,0
2019-07-10,242.0162048339844,0
2019-07-11,246.1515655517578,0
2019-07-12,248.0750274658203,0
2019-07-15,244.5647430419922,0
2019-07-16,249.61373901367188,0
2019-07-17,247.161376953125,0
2019-07-18,245.33413696289065,0
2019-07-19,239.32339477539065,0
2019-07-22,241.9680938720703,0
2019-07-23,240.8140411376953,0
2019-07-24,240.33316040039065,0
2019-07-25,241.9680938720703,0
2019-07-26,248.4597015380859,0
2019-07-29,246.19964599609375,0
2019-07-30,240.14083862304688,0
2019-07-31,241.9680938720703,0
2019-08-01,248.84439086914065,0
2019-08-02,255.43214416503903,1
2019-08-05,250.9120635986328,0
2019-08-06,260.192626953125,0
2019-08-07,259.0867004394531,0
2019-08-08,260.52923583984375,0
2019-08-09,255.3359375,0
2019-08-13,253.50872802734375,0
2019-08-14,256.778564453125,0
2019-08-16,256.6343078613281,0
2019-08-19,257.9326171875,0
2019-08-20,255.7206573486328,0
2019-08-21,251.4410095214844,-1
2019-08-22,248.7963104248047,0
2019-08-23,255.76876831054688,0
2019-08-26,258.7500915527344,0
2019-08-27,256.2015075683594,0
2019-08-28,269.3289489746094,1
2019-08-29,264.0395202636719,0
2019-08-30,267.83831787109375,0
2019-09-03,260.8177795410156,0
2019-09-04,256.778564453125,0
2019-09-05,254.326171875,-1
2019-09-06,252.69125366210935,0
2019-09-09,253.70106506347656,0
2019-09-11,249.42141723632812,0
2019-09-12,252.2584686279297,0
2019-09-13,249.08480834960935,0
2019-09-16,247.6422576904297,0
2019-09-17,246.44007873535156,0
2019-09-18,249.80609130859375,0
2019-09-19,244.708984375,0
2019-09-20,257.1151428222656,0
2019-09-23,263.1739501953125,1
2019-09-24,264.4722900390625,0
2019-09-25,268.7519226074219,0
2019-09-26,269.1846923828125,0
2019-09-27,271.15625,0
2019-09-30,265.4339904785156,0
2019-10-01,260.2888488769531,0
2019-10-03,262.3084411621094,0
2019-10-04,256.0091552734375,0
2019-10-07,255.52833557128903,-1
2019-10-09,259.61566162109375,0
2019-10-10,256.4419250488281,0
2019-10-11,261.6352233886719,0
2019-10-14,265.19354248046875,0
2019-10-15,267.11700439453125,1
2019-10-16,265.0012512207031,0
2019-10-17,268.7519226074219,0
2019-10-18,271.2043151855469,0
2019-10-22,270.9638671875,0
2019-10-23,268.1748962402344,0
2019-10-24,270.3387756347656,0
2019-10-25,268.89617919921875,0
2019-10-27,269.13665771484375,0
2019-10-29,272.5506896972656,0
2019-10-30,280.5810852050781,0
2019-10-31,304.86444091796875,0
2019-11-01,293.2757568359375,0
2019-11-04,294.8625793457031,0
2019-11-05,288.9960632324219,0
2019-11-06,288.4190368652344,0
2019-11-07,289.33270263671875,0
2019-11-08,283.89898681640625,0
2019-11-11,283.6585693359375,0
2019-11-13,278.4172058105469,-1
2019-11-14,284.1875,0
2019-11-15,286.35137939453125,0
2019-11-18,293.6123352050781,0
2019-11-19,290.9195251464844,0
2019-11-20,295.05487060546875,0
2019-11-21,290.2463073730469,0
2019-11-22,288.1305236816406,0
2019-11-25,290.5829162597656,0
2019-11-26,288.03436279296875,0
2019-11-27,295.5838623046875,0
2019-11-28,306.4993591308594,1
2019-11-29,310.77899169921875,0
2019-12-02,304.6720275878906,0
2019-12-03,302.36395263671875,0
2019-12-04,306.691650390625,0
2019-12-05,303.51806640625,0
2019-12-06,301.73883056640625,0
2019-12-09,303.373779296875,-1
2019-12-10,300.873291015625,0
2019-12-11,302.3158874511719,0
2019-12-12,311.16363525390625,0
2019-12-13,315.4914245605469,1
2019-12-16,309.9134216308594,0
2019-12-17,312.70245361328125,0
2019-12-18,300.3924560546875,-1
2019-12-19,301.93121337890625,0
2019-12-20,300.6809387207031,0
2019-12-23,302.84478759765625,0
2019-12-24,303.277587890625,0
2019-12-26,300.92138671875,0
2019-12-27,306.2589111328125,0
2019-12-30,309.095947265625,0
2019-12-31,309.04791259765625,0
2020-01-01,311.4521789550781,0
2020-01-02,310.9713439941406,0
2020-01-03,306.01849365234375,0
2020-01-06,300.1519775390625,0
2020-01-07,302.84478759765625,0
2020-01-08,304.1430969238281,0
2020-01-09,315.9722595214844,0
2020-01-10,328.2822570800781,1
2020-01-13,339.438232421875,0
2020-01-14,374.6850891113281,0
2020-01-15,376.46429443359375,0
2020-01-16,369.5399169921875,0
2020-01-17,365.7411193847656,0
2020-01-20,368.4820251464844,0
2020-01-21,371.0305786132813,0
2020-01-22,370.3092651367187,0
2020-01-23,378.1954040527344,0
2020-01-24,369.87652587890625,0
2020-01-27,367.7607116699219,0
2020-01-28,366.1258239746094,0
2020-01-29,368.77056884765625,0
2020-01-30,366.9913330078125,-1
2020-01-31,368.7224731445313,0
2020-02-03,364.3466491699219,0
2020-02-04,365.3564453125,0
2020-02-05,379.4936828613281,0
2020-02-06,377.0413208007813,0
2020-02-07,381.5133056640625,0
2020-02-10,377.28173828125,0
2020-02-11,375.6468505859375,0
2020-02-12,380.0226135253906,0
2020-02-13,377.5221557617187,0
2020-02-14,381.7056579589844,0
2020-02-17,366.46240234375,0
2020-02-18,367.3760681152344,0
2020-02-19,368.4820251464844,0
2020-02-20,365.9334716796875,0
2020-02-24,354.96990966796875,0
2020-02-25,354.873779296875,0
2020-02-26,351.6519775390625,0
2020-02-27,349.39190673828125,0
2020-02-28,332.89849853515625,0
2020-03-02,325.8298645019531,0
2020-03-03,341.6982116699219,0
2020-03-04,335.83172607421875,0
2020-03-05,335.15850830078125,0
2020-03-06,331.3116455078125,0
2020-03-09,317.4629211425781,0
2020-03-11,315.299072265625,0
2020-03-12,291.8331604003906,0
2020-03-13,311.8368835449219,0
2020-03-16,288.8037414550781,0
2020-03-17,272.98345947265625,0
2020-03-18,257.21136474609375,0
2020-03-19,241.1506500244141,0
2020-03-20,254.08575439453125,0
2020-03-23,217.8289794921875,0
2020-03-24,239.51573181152344,0
2020-03-25,266.5400085449219,0
2020-03-26,268.3672180175781,0
2020-03-27,273.84906005859375,0
2020-03-30,270.6272888183594,1
2020-03-31,283.5624084472656,0
2020-04-01,269.2808837890625,0
2020-04-03,256.9228210449219,0
2020-04-07,273.6567077636719,0
2020-04-08,283.1296081542969,0
2020-04-09,297.21875,0
2020-04-13,293.3718566894531,0
2020-04-15,303.5661315917969,0
2020-04-16,311.64453125,0
2020-04-17,312.0773010253906,0
2020-04-20,312.2696838378906,0
2020-04-21,300.4405212402344,0
2020-04-22,317.5110168457031,0
2020-04-23,317.31866455078125,0
2020-04-24,313.6160583496094,0
2020-04-27,335.97601318359375,0
2020-04-28,329.77288818359375,0
2020-04-29,340.44793701171875,0
2020-04-30,338.1398620605469,0
2020-05-04,322.12725830078125,0
2020-05-05,316.8858947753906,0
2020-05-06,322.7042541503906,0
2020-05-07,328.2341613769531,0
2020-05-08,335.3989562988281,0
2020-05-11,341.4096984863281,0
2020-05-12,344.968017578125,0
2020-05-13,342.7080078125,0
2020-05-14,348.91107177734375,0
2020-05-15,338.7168884277344,0
2020-05-18,333.81207275390625,0
2020-05-19,344.3428955078125,0
2020-05-20,346.9395751953125,0
2020-05-21,346.50677490234375,0
2020-05-22,348.5744934082031,0
2020-05-26,357.7108154296875,0
2020-05-27,354.4409484863281,0
2020-05-28,356.94140625,0
2020-05-29,352.8541564941406,0
2020-06-01,348.95916748046875,-1
2020-06-02,353.3830871582031,0
2020-06-03,352.6136779785156,0
2020-06-04,366.8952026367187,0
2020-06-05,365.2121887207031,1
2020-06-08,364.9236755371094,0
2020-06-09,369.5399169921875,0
2020-06-10,369.9246215820313,0
2020-06-11,361.4133911132813,-1
2020-06-12,356.79718017578125,0
2020-06-15,355.83544921875,0
2020-06-16,354.92181396484375,0
2020-06-17,355.4507751464844,0
2020-06-18,360.5368957519531,0
2020-06-19,365.5262145996094,0
2020-06-22,369.2076721191406,0
2020-06-23,378.65338134765625,0
2020-06-24,371.145263671875,1
2020-06-25,372.01715087890625,0
2020-06-26,373.6156311035156,0
2020-06-29,374.4875793457031,0
2020-06-30,375.3594970703125,0
2020-07-01,372.5015869140625,-1
2020-07-02,378.6049499511719,0
2020-07-03,384.0786437988281,1
2020-07-06,393.0400085449219,0
2020-07-07,399.8215637207031,0
2020-07-08,418.9068298339844,0
2020-07-09,419.8271789550781,0
2020-07-10,416.6785888671875,0
2020-07-13,411.2049255371094,0
2020-07-14,406.2640380859375,0
2020-07-15,400.1606140136719,0
2020-07-16,397.4964599609375,-1
2020-07-17,409.8001708984375,0
2020-07-20,409.89703369140625,0
2020-07-21,396.6730041503906,0
2020-07-22,394.2994384765625,0
2020-07-23,391.7805480957031,0
2020-07-24,395.7041931152344,0
2020-07-27,395.7041931152344,0
2020-07-28,400.1606140136719,0
2020-07-29,414.3534851074219,0
2020-07-30,411.6408081054687,0
2020-07-31,414.6925659179687,0
2020-08-03,420.55377197265625,1
2020-08-04,435.7154235839844,0
2020-08-05,433.6325073242187,0
2020-08-06,469.6232299804687,0
2020-08-07,502.4169006347656,0
2020-08-10,504.0638427734375,0
2020-08-11,499.80120849609375,0
2020-08-12,501.3996887207031,0
2020-08-13,522.228759765625,0
2020-08-14,520.7271118164062,0
2020-08-17,526.7820434570312,0
2020-08-18,528.7196655273438,0
2020-08-19,531.09326171875,0
2020-08-20,532.1104736328125,0
2020-08-21,528.7681274414062,0
2020-08-24,528.5259399414062,0
2020-08-25,528.5259399414062,0
2020-08-26,532.0136108398438,-1
2020-08-27,527.6539916992188,0
2020-08-28,529.9791259765625,0
2020-08-31,515.7378540039062,0
2020-09-01,531.3839111328125,0
2020-09-02,532.6917724609375,0
2020-09-03,560.4476318359375,0
2020-09-04,551.2926025390625,0
2020-09-07,528.2837524414062,0
2020-09-08,521.5505981445312,0
2020-09-09,518.06298828125,0
2020-09-10,529.49462890625,0
2020-09-11,531.2869873046875,0
2020-09-14,529.4462890625,0
2020-09-15,525.4257202148438,0
2020-09-16,525.4742431640625,0
2020-09-17,531.1901245117188,0
2020-09-18,523.7303466796875,0
2020-09-21,491.9054565429687,0
2020-09-22,488.6600036621094,0
2020-09-23,478.1485900878906,0
2020-09-24,473.4015197753906,0
2020-09-25,493.8915100097656,0
2020-09-28,500.8668823242187,0
2020-09-29,487.5459289550781,0
2020-09-30,484.3489074707031,0
2020-10-01,493.21337890625,0
2020-10-05,487.8365478515625,0
2020-10-06,489.8226013183594,0
2020-10-07,489.2897338867187,0
2020-10-08,473.0140075683594,0
2020-10-09,456.54449462890625,0
2020-10-12,459.8868103027344,0
2020-10-13,454.3162536621094,0
2020-10-14,474.515625,0
2020-10-15,459.3055419921875,0
2020-10-16,462.2119445800781,0
2020-10-19,461.0009765625,0
2020-10-20,462.9869689941406,0
2020-10-21,450.7801208496094,0
2020-10-22,451.652099609375,0
2020-10-23,458.0461120605469,0
2020-10-26,462.0666198730469,0
2020-10-27,483.1863708496094,1
2020-10-28,477.470458984375,0
2020-10-29,476.64697265625,0
2020-10-30,477.470458984375,0
2020-11-02,478.34234619140625,0
2020-11-03,474.2249755859375,0
2020-11-04,477.37359619140625,0
2020-11-05,490.6460876464844,0
2020-11-06,488.46630859375,0
2020-11-09,493.93994140625,0
2020-11-10,482.84722900390625,0
2020-11-11,487.73968505859375,0
2020-11-12,492.8742980957031,0
2020-11-13,497.2338562011719,0
2020-11-14,500.04339599609375,0
2020-11-17,502.1262817382813,0
2020-11-18,500.7699890136719,0
2020-11-19,499.5105285644531,0
2020-11-20,502.8529052734375,0
2020-11-23,505.3717346191406,0
2020-11-24,510.4094543457031,0
2020-11-25,498.7355041503906,0
2020-11-26,503.6278991699219,0
2020-11-27,521.2114868164062,0
2020-12-01,512.7830200195312,0
2020-12-02,522.4224853515625,0
2020-12-03,533.224609375,0
2020-12-04,545.915771484375,0
2020-12-07,550.1300048828125,0
2020-12-08,545.189208984375,0
2020-12-09,547.8533935546875,0
2020-12-10,561.8040771484375,0
2020-12-11,558.4132690429688,0
2020-12-14,558.9945068359375,0
2020-12-15,553.4723510742188,0
2020-12-16,565.3885498046875,0
2020-12-17,559.28515625,0
2020-12-18,555.6521606445312,0
2020-12-21,545.189208984375,-1
2020-12-22,558.0256958007812,0
2020-12-23,586.411376953125,1
2020-12-24,582.2455444335938,0
2020-12-28,583.6503295898438,0
2020-12-29,579.9204711914062,0
2020-12-30,575.8031005859375,0
2020-12-31,571.4920043945312,-1
2021-01-01,582.7300415039062,0
2021-01-04,585.1519165039062,0
2021-01-05,590.52880859375,0
2021-01-06,586.0723266601562,0
2021-01-07,582.1002197265625,0
2021-01-08,590.52880859375,0
2021-01-11,609.371826171875,1
2021-01-12,604.8184814453125,0
2021-01-13,601.0403442382812,0
2021-01-14,594.8399658203125,-1
2021-01-15,583.6019287109375,0
2021-01-18,566.5027465820312,0
2021-01-19,564.5166625976562,0
2021-01-20,578.0313110351562,0
2021-01-21,576.675048828125,0
2021-01-22,566.5027465820312,0
2021-01-25,555.7005615234375,0
2021-01-27,554.7802734375,0
2021-01-28,546.9813842773438,0
2021-01-29,542.3312377929688,0
2021-02-01,565.9214477539062,0
2021-02-02,557.39599609375,0
2021-02-03,562.0462036132812,0
2021-02-04,569.69970703125,0
2021-02-05,574.0108032226562,0
2021-02-08,578.46728515625,1
2021-02-09,580.017333984375,0
2021-02-10,582.0033569335938,0
2021-02-11,591.3038330078125,0
2021-02-12,588.5427856445312,0
2021-02-15,603.6559448242188,0
2021-02-16,608.7421264648438,0
2021-02-17,612.423583984375,0
2021-02-18,604.5278930664062,0
2021-02-19,597.6978149414062,0
2021-02-22,599.0056762695312,0
2021-02-23,607.9186401367188,0
2021-02-24,606.4169921875,0
2021-02-25,608.8875122070312,0
2021-02-26,590.1412963867188,0
2021-03-01,605.0607299804688,0
2021-03-02,612.6172485351562,0
2021-03-03,617.0253295898438,0
2021-03-04,611.40625,0
2021-03-05,603.2200927734375,-1
2021-03-08,596.825927734375,0
2021-03-09,592.6116943359375,0
2021-03-10,601.5730590820312,0
2021-03-12,596.0508422851562,0
2021-03-15,588.6881713867188,0
2021-03-16,591.5945434570312,0
2021-03-17,584.522216796875,0
2021-03-18,576.3359985351562,0
2021-03-19,581.5189819335938,0
2021-03-22,601.1854858398438,0
2021-03-23,614.3126831054688,0
2021-03-24,609.4686889648438,1
2021-03-25,595.6633911132812,-1
2021-03-26,608.6936645507812,1
2021-03-30,609.2750244140625,0
2021-03-31,618.962890625,0
2021-04-01,629.8618774414062,0
2021-04-05,624.8240966796875,0
2021-04-06,653.5004272460938,0
2021-04-07,644.97509765625,0
2021-04-08,649.7705688476562,0
2021-04-09,658.586669921875,0
2021-04-12,635.1417846679688,0
2021-04-13,643.231201171875,0
2021-04-15,638.726318359375,0
2021-04-16,650.351806640625,0
2021-04-19,643.3765258789062,0
2021-04-20,658.877197265625,0
2021-04-22,644.7328491210938,0
2021-04-23,643.8609008789062,-1
2021-04-26,649.2861938476562,0
2021-04-27,652.6769409179688,0
2021-04-28,656.0193481445312,0
2021-04-29,650.8847045898438,0
2021-04-30,648.6080322265625,0
2021-05-03,655.970947265625,0
2021-05-04,625.11474609375,0
2021-05-05,628.796142578125,0
2021-05-06,632.7197875976562,0
2021-05-07,609.371826171875,0
2021-05-10,613.3922729492188,0
2021-05-11,621.57861328125,0
2021-05-12,620.0770263671875,0
2021-05-14,625.017822265625,0
2021-05-17,632.91357421875,0
2021-05-18,632.6229248046875,0
2021-05-19,632.816650390625,0
2021-05-20,624.7757568359375,0
2021-05-21,629.4259643554688,0
2021-05-24,620.1254272460938,0
2021-05-25,629.6680908203125,0
2021-05-26,621.8693237304688,0
2021-05-27,628.3117065429688,0
2021-05-28,634.5120849609375,1
2021-05-31,643.1343383789062,0
2021-06-01,645.0234375,0
2021-06-02,652.5316772460938,0
2021-06-03,658.7803955078125,0
2021-06-04,665.5134887695312,0
2021-06-07,678.1077880859375,0
2021-06-08,688.2802124023438,0
2021-06-09,680.9173583984375,0
2021-06-10,689.589599609375,0
2021-06-11,697.0925903320312,0
2021-06-14,696.4591064453125,0
2021-06-15,701.087646484375,0
2021-06-16,717.0679931640625,0
2021-06-17,725.9351196289062,0
2021-06-18,720.8681030273438,0
2021-06-21,723.5477294921875,0
2021-06-22,737.335693359375,0
2021-06-23,738.4561767578125,0
2021-06-24,738.0665283203125,0
2021-06-25,738.2125854492188,0
2021-06-28,746.056640625,0
2021-06-29,738.6510620117188,0
2021-06-30,735.0945434570312,0
2021-07-01,736.7023315429688,-1
2021-07-02,744.05908203125,0
2021-07-05,746.6900024414062,0
2021-07-06,743.084716796875,0
2021-07-07,743.5231323242188,0
2021-07-08,743.7667846679688,0
2021-07-09,746.3489379882812,0
2021-07-12,756.0443115234375,0
2021-07-13,753.0723266601562,0
2021-07-14,748.5413818359375,0
2021-07-15,752.5851440429688,0
2021-07-16,743.4744262695312,0
2021-07-19,745.9591674804688,0
2021-07-20,737.7254028320312,0
2021-07-22,744.643798828125,0
2021-07-23,755.3135375976562,0
2021-07-26,756.4827880859375,0
2021-07-27,750.0516967773438,0
2021-07-28,735.581787109375,0
2021-07-29,731.9764404296875,0
2021-07-30,736.8971557617188,0
2021-08-02,740.1127319335938,0
2021-08-03,748.0054931640625,0
2021-08-04,739.3331909179688,0
2021-08-05,748.6875610351562,0
2021-08-06,761.3548583984375,0
2021-08-09,745.2770385742188,0
2021-08-10,752.1466674804688,0
2021-08-11,745.4232788085938,0
2021-08-12,754.4365234375,0
2021-08-13,786.7869873046875,1
2021-08-16,781.6226196289062,0
2021-08-17,811.4882202148438,0
2021-08-18,819.8682250976562,0
2021-08-20,825.6171264648438,0
2021-08-23,811.1958618164062,0
2021-08-24,815.4833374023438,0
2021-08-25,814.6063232421875,0
2021-08-26,831.463623046875,0
2021-08-27,826.2505493164062,0
2021-08-30,838.4793701171875,0
2021-08-31,842.8154907226562,0
2021-09-01,845.2515258789062,0
2021-09-02,849.1491088867188,0
2021-09-03,847.5900268554688,0
2021-09-06,847.7849731445312,0
2021-09-07,846.0797729492188,0
2021-09-08,857.2854614257812,0
2021-09-09,853.1929321289062,0
2021-09-13,859.526611328125,0
2021-09-14,858.7471313476562,-1
2021-09-15,849.24658203125,0
2021-09-16,851.6339111328125,0
2021-09-17,851.7800903320312,0
2021-09-20,835.0689697265625,0
2021-09-21,836.9203491210938,0
2021-09-22,832.2918701171875,0
2021-09-23,828.8814086914062,0
2021-09-24,815.337158203125,0
2021-09-27,813.6806030273438,0
2021-09-28,801.6466674804688,0
2021-09-29,802.3775024414062,0
2021-09-30,792.779541015625,0
2021-10-01,780.74560546875,0
2021-10-04,793.461669921875,0
2021-10-05,780.9404907226562,0
2021-10-06,799.649169921875,0
2021-10-07,803.4493408203125,0
2021-10-08,797.7977905273438,0
2021-10-11,795.3617553710938,0
2021-10-12,795.2643432617188,0
2021-10-13,826.4454345703125,0
2021-10-14,827.8582763671875,1
2021-10-18,822.3529052734375,0
2021-10-19,821.7195434570312,0
2021-10-20,805.7879028320312,0
2021-10-21,793.9488525390625,0
2021-10-22,774.899169921875,-1
2021-10-25,768.7603759765625,0
2021-10-26,788.1998291015625,0
2021-10-27,797.7977905273438,0
2021-10-28,788.9793701171875,0
2021-10-29,788.7844848632812,0
2021-11-01,803.7904052734375,1
2021-11-02,812.462646484375,0
2021-11-03,805.7391967773438,0
2021-11-04,806.2264404296875,0
2021-11-08,814.9473266601562,0
2021-11-09,814.2653198242188,0
2021-11-10,820.8425903320312,0
2021-11-11,816.2140502929688,0
2021-11-12,826.2018432617188,0
2021-11-15,830.7327880859375,0
2021-11-16,812.0728759765625,0
2021-11-17,814.99609375,0
2021-11-18,810.7573852539062,0
2021-11-22,791.9513549804688,-1
2021-11-23,799.9414672851562,0
2021-11-24,778.5045166015625,0
2021-11-25,787.1279907226562,0
2021-11-26,747.0797729492188,0
2021-11-29,746.3976440429688,0
2021-11-30,758.6751708984375,0
2021-12-01,753.0236206054688,0
2021-12-02,753.462158203125,0
2021-12-03,754.4852294921875,0
2021-12-06,728.468505859375,0
2021-12-07,741.2333374023438,0
2021-12-08,752.3903198242188,0
2021-12-09,757.6033325195312,0
2021-12-10,749.9542846679688,0
2021-12-13,734.8021850585938,0
2021-12-14,720.5758056640625,0
2021-12-15,727.2017822265625,0
2021-12-16,721.3065795898438,0
2021-12-17,707.7622680664062,0
2021-12-20,691.3922119140625,0
2021-12-21,687.6407470703125,0
2021-12-22,696.654052734375,0
2021-12-23,708.1520385742188,0
2021-12-24,700.5516967773438,0
2021-12-27,700.1132202148438,0
2021-12-28,708.3469848632812,1
2021-12-29,708.0546875,0
2021-12-30,709.3701171875,0
2021-12-31,724.4247436523438,0
2022-01-03,728.8583374023438,0
2022-01-04,719.9423828125,0
2022-01-05,714.8267822265625,0
2022-01-06,706.8853759765625,0
2022-01-07,717.2627563476562,0
2022-01-10,713.1702880859375,0
2022-01-11,719.74755859375,0
2022-01-12,717.2627563476562,0
2022-01-13,711.5138549804688,0
2022-01-14,742.9872436523438,0
2022-01-17,745.520751953125,0
2022-01-18,712.7318115234375,0
2022-01-19,699.2849731445312,0
2022-01-20,704.9365234375,0
2022-01-21,707.9571533203125,0
2022-01-24,673.7554931640625,-1
2022-01-25,689.6383056640625,0
2022-01-27,687.8843994140625,0
2022-01-28,699.5286254882812,0
2022-01-31,708.6880493164062,0
2022-02-01,717.2627563476562,1
2022-02-02,723.4503173828125,0
2022-02-03,719.2116088867188,0
2022-02-04,715.021728515625,0
2022-02-07,686.7637939453125,0
2022-02-08,679.2608032226562,-1
2022-02-09,682.2815551757812,0
2022-02-10,688.615234375,0
2022-02-11,683.06103515625,0
2022-02-14,676.532470703125,0
2022-02-15,684.035400390625,0
2022-02-16,683.06103515625,0
2022-02-17,701.9158325195312,1
2022-02-18,699.1387939453125,0
2022-02-21,694.9488525390625,0
2022-02-22,696.8976440429688,0
2022-02-23,704.7416381835938,0
2022-02-24,660.3572998046875,-1
2022-02-25,691.3435668945312,1
2022-02-28,700.2106323242188,0
2022-03-02,692.8051147460938,0
2022-03-03,669.468017578125,-1
2022-03-04,652.8056640625,0
2022-03-07,642.964111328125,0
2022-03-08,666.2037963867188,0
2022-03-09,681.2584228515625,0
2022-03-10,705.6673583984375,1
2022-03-11,698.1156616210938,0
2022-03-14,703.7672119140625,0
2022-03-15,729.4429321289062,0
2022-03-16,728.7120971679688,0
2022-03-17,752.5364379882812,0
2022-03-21,728.6634521484375,0
2022-03-22,733.6329345703125,0
2022-03-23,729.6378173828125,0
2022-03-24,721.5502319335938,0
2022-03-25,714.5831909179688,0
2022-03-28,722.281005859375,0
2022-03-29,724.18115234375,0
2022-03-30,746.25146484375,0
2022-03-31,757.5059814453125,0
2022-04-01,769.5885620117188,0
2022-04-04,767.9320678710938,0
2022-04-05,786.0074462890625,0
2022-04-06,788.5408935546875,0
2022-04-07,784.3021850585938,0
2022-04-08,796.7745971679688,0
2022-04-11,800.4774169921875,0
2022-04-12,791.31787109375,0
2022-04-13,796.6771850585938,0
2022-04-18,801.2568969726562,0
2022-04-19,771.0989379882812,0
2022-04-20,789.710205078125,-1
2022-04-21,799.0645141601562,0
2022-04-22,794.7283325195312,0
2022-04-25,772.463134765625,0
2022-04-26,801.0133056640625,0
2022-04-27,778.1633911132812,0
2022-04-28,790.8795166015625,0
2022-04-29,802.6697998046875,0
2022-05-02,803.3031616210938,0
2022-05-04,782.7431030273438,0
2022-05-05,756.4827880859375,0
2022-05-06,745.3745727539062,0
2022-05-09,738.8460083007812,0
2022-05-10,726.714599609375,0
2022-05-11,725.05810546875,0
2022-05-12,719.1629028320312,0
2022-05-13,718.7244262695312,0
2022-05-16,716.67822265625,0
2022-05-17,715.460205078125,0
2022-05-18,734.9970703125,0
2022-05-19,702.841552734375,0
2022-05-20,720.6732788085938,0
2022-05-23,711.026611328125,0
2022-05-24,696.8489379882812,0
2022-05-25,697.8721313476562,0
2022-05-26,703.7672119140625,0
2022-05-27,706.8853759765625,0
2022-05-30,730.9533081054688,0
2022-05-31,740.3075561523438,1
2022-06-01,741.623046875,0
2022-06-02,738.8460083007812,0
2022-06-03,734.6073608398438,0
2022-06-06,744.1077880859375,0
2022-06-07,737.2382202148438,0
2022-06-08,737.774169921875,0
2022-06-09,741.015625,0
2022-06-10,743.176513671875,0
2022-06-13,722.8928833007812,0
2022-06-14,722.794677734375,0
2022-06-15,724.6610107421875,0
2022-06-16,712.0880737304688,-1
2022-06-17,699.0240478515625,0
2022-06-20,704.1317749023438,0
2022-06-21,714.3472900390625,0
2022-06-22,696.3719482421875,0
2022-06-23,705.7034301757812,0
2022-06-24,716.0662231445312,0
2022-06-27,716.4591064453125,0
2022-06-28,723.7769165039062,1
2022-06-29,707.2258911132812,0
2022-06-30,693.8180541992188,-1
2022-07-01,706.7838745117188,0
2022-07-04,717.1958618164062,1
2022-07-05,716.1152954101562,0
2022-07-06,736.64453125,0
2022-07-07,741.4575805664062,0
2022-07-08,747.8914184570312,0
2022-07-11,752.3115844726562,0
2022-07-12,743.0292358398438,0
2022-07-13,749.0209350585938,0
2022-07-14,752.2623901367188,0
2022-07-15,776.5242309570312,0
2022-07-18,780.2567749023438,0
2022-07-19,773.2827758789062,0
2022-07-20,780.895263671875,0
2022-07-21,803.7818603515625,0
2022-07-22,789.7847290039062,0
2022-07-25,793.6155395507812,0
2022-07-26,776.81884765625,0
2022-07-27,787.378173828125,0
2022-07-28,792.2894287109375,0
2022-07-29,797.2499389648438,0
2022-08-01,796.7095947265625,0
2022-08-02,797.2007446289062,0
2022-08-03,798.3303833007812,0
2022-08-04,775.247314453125,-1
2022-08-05,770.876220703125,0
2022-08-08,774.70703125,0
2022-08-10,776.5242309570312,0
2022-08-11,759.7276000976562,0
2022-08-12,749.905029296875,0
2022-08-16,765.6702880859375,0
2022-08-17,779.421875,0
2022-08-18,793.5172729492188,0
2022-08-19,772.9880981445312,0
2022-08-22,779.8638916015625,0
2022-08-23,794.9906616210938,0
2022-08-24,791.4053955078125,0
2022-08-25,787.6237182617188,0
2022-08-26,787.7219848632812,0
2022-08-29,791.8474731445312,1
2022-08-30,795.285400390625,0
2022-09-01,823.5252685546875,0
2022-09-02,818.90869140625,0
2022-09-05,822.5921020507812,0
2022-09-06,803.7327880859375,0
2022-09-07,810.4612426757812,0
2022-09-08,804.567626953125,0
2022-09-09,801.8173217773438,0
2022-09-12,810.8541259765625,-1
2022-09-13,833.9371948242188,1
2022-09-14,825.3424682617188,0
2022-09-15,822.5430297851562,0
2022-09-16,781.0917358398438,-1
2022-09-19,778.9307861328125,0
2022-09-20,789.9320678710938,0
2022-09-21,789.9320678710938,0
2022-09-22,788.9497680664062,0
2022-09-23,767.683837890625,0
2022-09-26,766.9962768554688,0
2022-09-27,783.6947021484375,0
2022-09-28,779.5692749023438,0
2022-09-29,778.537841796875,0
2022-09-30,788.60595703125,0
2022-10-03,764.1477661132812,0
2022-10-04,771.2200317382812,0
2022-10-06,780.2076416015625,0
2022-10-07,767.0454711914062,0
2022-10-10,743.7168579101562,0
2022-10-11,729.4249267578125,0
2022-10-12,743.9132080078125,0
2022-10-13,743.96240234375,0
2022-10-14,747.7440795898438,0
2022-10-17,749.6103515625,0
2022-10-18,760.6116333007812,0
2022-10-19,750.9854736328125,0
2022-10-20,757.0264282226562,1
2022-10-21,748.136962890625,0
2022-10-24,757.27197265625,0
2022-10-25,753.3429565429688,0
2022-10-27,756.3878784179688,0
2022-10-28,747.84228515625,0
2022-10-31,756.4861450195312,0
2022-11-01,761.1027221679688,0
2022-11-02,754.4234008789062,0
2022-11-03,749.2174682617188,0
2022-11-04,750.7399291992188,0
2022-11-07,758.45068359375,0
2022-11-09,756.4861450195312,0
2022-11-10,755.0618896484375,0
2022-11-11,759.4820556640625,0
2022-11-14,754.1287841796875,0
2022-11-15,759.0400390625,0
2022-11-16,755.8967895507812,0
2022-11-17,772.054931640625,0
2022-11-18,761.937744140625,0
2022-11-21,757.27197265625,0
2022-11-22,757.61572265625,0
2022-11-23,756.4861450195312,0
2022-11-24,778.6851806640625,0
2022-11-25,775.1491088867188,0
2022-11-28,790.0302124023438,0
2022-11-29,790.7669677734375,0
2022-11-30,803.5363159179688,0
2022-12-01,798.7723388671875,0
2022-12-02,781.4354858398438,0
2022-12-05,786.2976684570312,0
2022-12-06,783.498291015625,0
2022-12-07,785.1680908203125,0
2022-12-08,789.9320678710938,0
2022-12-09,789.0480346679688,0
2022-12-12,795.67822265625,0
2022-12-13,793.271728515625,0
2022-12-14,800.9824829101562,0
2022-12-15,790.61962890625,0
2022-12-16,787.3290405273438,-1
2022-12-19,794.4995727539062,0
2022-12-20,793.9592895507812,0
2022-12-21,788.3603515625,0
2022-12-22,784.4805297851562,0
2022-12-23,765.1791381835938,0
2022-12-26,761.5447387695312,0
2022-12-27,764.0494995117188,0
2022-12-28,766.3087158203125,0
2022-12-29,762.33056640625,0
2022-12-30,753.3429565429688,0
2023-01-02,748.7754516601562,0
2023-01-03,753.5394287109375,0
2023-01-04,748.726318359375,0
2023-01-05,750.2979125976562,0
2023-01-06,747.84228515625,0
2023-01-09,753.3429565429688,0
2023-01-10,755.6021118164062,0
2023-01-11,745.82861328125,0
2023-01-12,740.8682250976562,0
2023-01-13,739.5421752929688,0
2023-01-16,733.992431640625,0
2023-01-17,736.7427368164062,0
2023-01-18,737.184814453125,0
2023-01-19,725.397705078125,0
2023-01-20,725.3486328125,0
2023-01-23,729.277587890625,0
2023-01-24,727.755126953125,0
2023-01-25,726.920166015625,0
2023-01-27,722.205322265625,0
2023-01-30,722.5982666015625,0
2023-01-31,716.557373046875,0
2023-02-01,727.6568603515625,0
2023-02-02,724.0716552734375,1
2023-02-03,713.708740234375,-1
2023-02-06,716.8029174804688,1
2023-02-07,715.2804565429688,0
2023-02-08,711.5478515625,-1
2023-02-09,709.141357421875,0
2023-02-10,713.708740234375,1
2023-02-13,705.06494140625,-1
2023-02-14,708.2081298828125,1
2023-02-15,715.1821899414062,0
2023-02-16,719.6023559570312,0
2023-02-17,713.364990234375,0
2023-02-20,708.9939575195312,0
2023-02-21,713.31591796875,0
2023-02-22,708.650146484375,0
2023-02-23,703.3950805664062,0
2023-02-24,703.4442138671875,0
2023-02-27,697.697998046875,0
2023-02-28,702.6093139648438,0
2023-03-01,702.5601806640625,0
2023-03-02,694.8003540039062,-1
2023-03-03,697.2559814453125,1
2023-03-06,700.939453125,0
2023-03-08,707.717041015625,0
2023-03-09,696.6666259765625,0
2023-03-10,691.9027099609375,0
2023-03-13,681.8345336914062,-1
2023-03-14,680.9996337890625,0
2023-03-15,675.3516235351562,0
2023-03-16,681.6871948242188,0
2023-03-17,693.6707153320312,0
2023-03-20,690.1345825195312,1
2023-03-21,688.4647827148438,0
2023-03-22,698.2874145507812,0
2023-03-23,694.6039428710938,0
2023-03-24,689.8890380859375,0
2023-03-27,686.9421997070312,0
2023-03-28,683.7008056640625,0
2023-03-29,685.1741943359375,0
2023-03-31,696.273681640625,0
2023-04-03,704.3282470703125,0
2023-04-05,714.4946899414062,0
2023-04-06,717.5396118164062,0
2023-04-10,707.8643798828125,0
2023-04-11,704.5737915039062,0
2023-04-12,705.6543579101562,0
2023-04-13,706.8329467773438,0
2023-04-17,700.5465087890625,0
2023-04-18,694.5056762695312,0
2023-04-19,688.4156494140625,-1
2023-04-20,690.92041015625,0
2023-04-21,687.9736328125,0
2023-04-24,719.5532836914062,1
2023-04-25,721.4195556640625,0
2023-04-26,733.4522094726562,0
2023-04-27,740.6226806640625,0
2023-04-28,750.2979125976562,0
2023-05-02,765.7684936523438,0
2023-05-03,767.5365600585938,0
2023-05-04,761.7412109375,0
2023-05-05,762.4779052734375,0
2023-05-08,774.9035034179688,0
2023-05-09,775.001708984375,0
2023-05-10,777.1135864257812,0
2023-05-11,775.4437255859375,0
2023-05-12,775.05078125,0
2023-05-15,772.9880981445312,0
2023-05-16,772.3004760742188,0
2023-05-17,764.4424438476562,-1
2023-05-18,762.5270385742188,0
2023-05-19,760.1436767578125,0
2023-05-22,760.7891235351562,0
2023-05-23,764.7117309570312,0
2023-05-24,765.8041381835938,0
2023-05-25,774.8906860351562,0
2023-05-26,784.2255859375,0
2023-05-29,788.7440185546875,0
2023-05-30,785.417236328125,0
2023-05-31,793.113525390625,1
2023-06-01,788.148193359375,0
2023-06-02,790.531494140625,0
2023-06-05,786.9564819335938,-1
2023-06-06,786.60888671875,0
2023-06-07,817.3939819335938,1
2023-06-08,801.5048828125,0
2023-06-09,795.4472045898438,0
2023-06-12,795.198974609375,-1
2023-06-13,814.2161865234375,1
2023-06-14,856.5208740234375,0
2023-06-15,859.0035400390625,0
2023-06-16,856.7691650390625,0
2023-06-19,851.0590209960938,0
2023-06-20,852.9458618164062,0
2023-06-21,854.1871948242188,0
2023-06-22,836.063720703125,0
2023-06-23,835.0209350585938,0
2023-06-26,856.5704956054688,0
2023-06-27,848.2784423828125,-1
2023-06-28,849.0232543945312,0
2023-06-30,854.9320068359375,0
2023-07-03,852.8961791992188,0
2023-07-04,849.6190185546875,0
2023-07-05,840.0359497070312,0
2023-07-06,839.1918334960938,0
2023-07-07,827.4736328125,0
2023-07-10,819.9263305664062,0
2023-07-11,834.4747314453125,0
2023-07-12,837.404296875,0
2023-07-13,831.5452270507812,0
2023-07-14,845.5971069335938,0
2023-07-17,846.689453125,0
2023-07-18,852.7472534179688,0
2023-07-19,854.485107421875,0
2023-07-20,867.04736328125,1
2023-07-21,846.4412231445312,-1
2023-07-24,857.11669921875,0
2023-07-25,862.5289306640625,1
2023-07-26,867.8418579101562,0
2023-07-27,844.1571655273438,-1
2023-07-28,853.3927001953125,0
2023-07-31,853.343017578125,0
2023-08-01,850.8107299804688,0
2023-08-02,837.2056884765625,0
2023-08-03,829.6087646484375,0
2023-08-04,829.0128784179688,0
2023-08-07,831.9920654296875,0
2023-08-08,841.5751953125,0
2023-08-09,854.23681640625,0
2023-08-10,844.6536865234375,0
2023-08-11,831.098388671875,0
2023-08-14,838.8442993164062,0
2023-08-16,834.8720092773438,0
2023-08-17,838.3973999023438,0
2023-08-18,836.7091674804688,0
2023-08-21,842.617919921875,0
2023-08-22,842.9158325195312,0
2023-08-23,838.6953125,0
2023-08-24,838.3477783203125,0
2023-08-25,826.7785034179688,0
2023-08-28,835.96435546875,0
2023-08-29,832.43896484375,0
2023-08-30,842.4689331054688,0
2023-08-31,828.5659790039062,0
2023-09-01,838.298095703125,0
2023-09-04,840.1848754882812,1
2023-09-05,840.4331665039062,0
2023-09-06,872.8071899414062,0
2023-09-07,852.7472534179688,0
2023-09-08,847.18603515625,0
2023-09-11,856.6201782226562,0
2023-09-12,858.7552490234375,0
2023-09-13,883.1350708007812,0
2023-09-14,878.4180297851562,0
2023-09-15,869.8280029296875,0
2023-09-18,874.8429565429688,0
2023-09-20,863.6709594726562,0
2023-09-21,864.9619750976562,0
2023-09-22,871.6651611328125,0
2023-09-25,894.3567504882812,0
2023-09-26,888.9942016601562,0
2023-09-27,882.6881713867188,0
2023-09-28,870.423828125,0
2023-09-29,870.821044921875,0
2023-10-03,865.855712890625,-1
2023-10-04,858.7552490234375,0
2023-10-05,854.23681640625,0
2023-10-06,868.6859741210938,0
2023-10-09,874.5451049804688,0
2023-10-10,882.5889282226562,0
2023-10-11,882.2413330078125,0
2023-10-12,886.1639404296875,1
2023-10-13,907.0183715820312,0
2023-10-16,902.30126953125,0
2023-10-17,901.5564575195312,0
2023-10-18,889.49072265625,0
2023-10-19,889.1928100585938,0
2023-10-20,892.7182006835938,0
2023-10-23,876.97802734375,-1
2023-10-25,883.8302612304688,0
2023-10-26,874.2471313476562,0
2023-10-27,884.922607421875,0
2023-10-30,887.3555908203125,0
2023-10-31,894.2574462890625,0
2023-11-01,896.8890991210938,0
2023-11-02,904.9329223632812,1
2023-11-03,907.365966796875,0
2023-11-06,912.2816772460938,0
2023-11-07,915.6580200195312,0
2023-11-08,909.9478759765624,0
2023-11-09,896.5911254882812,0
2023-11-10,906.3728637695312,0
2023-11-13,910.1961669921876,0
2023-11-15,923.1557006835938,0
2023-11-16,913.6719360351562,0
2023-11-17,924.3970336914062,0
2023-11-20,924.3970336914062,0
2023-11-21,921.2689208984376,0
2023-11-22,921.8150634765624,0
2023-11-23,926.5321655273438,0
2023-11-24,920.4744873046876,0
2023-11-28,925.3900756835938,0
2023-11-29,927.0783081054688,0
2023-11-30,934.2283935546876,0
2023-12-01,936.3138427734376,0
2023-12-04,940.0875244140624,0
2023-12-05,943.4639282226562,0
2023-12-06,945.1025390625,0
2023-12-07,950.2664794921876,0
2023-12-08,940.037841796875,0
2023-12-11,943.8612060546876,0
2023-12-12,942.1729736328124,-1
2023-12-13,950.6636962890624,1
2023-12-14,943.8612060546876,-1
2023-12-15,948.0817260742188,0
2023-12-18,943.1163940429688,0
2023-12-19,959.452392578125,0
2023-12-20,969.531982421875,1
2023-12-21,972.5111694335938,0
2023-12-22,985.9176025390624,0
2023-12-26,1000.36669921875,0
2023-12-27,1019.6322631835938,0
2023-12-28,1033.783447265625,0
2023-12-29,1079.2659912109375,0
