,2011-01-07,2011-01-14,2011-01-21,2011-01-28,2011-02-04,2011-02-11,2011-02-18,2011-02-25,2011-03-04,2011-03-11,2011-03-18,2011-03-25,2011-04-01,2011-04-08,2011-04-15,2011-04-22,2011-04-29,2011-05-06,2011-05-13,2011-05-20,2011-05-27,2011-06-03,2011-06-10,2011-06-17,2011-06-24,2011-07-01,2011-07-08,2011-07-15,2011-07-22,2011-07-29,2011-08-05,2011-08-12,2011-08-19,2011-08-26,2011-09-02,2011-09-09,2011-09-16,2011-09-23,2011-09-30,2011-10-07,2011-10-14,2011-10-21,2011-10-28,2011-11-04,2011-11-11,2011-11-18,2011-11-25,2011-12-02,2011-12-09
ADANIPORTS.NS,0.015167201925481821,0.006490819114313373,0.027780408208999186,0.007910994854139153,-0.03224780346432499,-0.005325672997309017,0.005827066498634403,0.03768606072730463,-0.0014153174698304793,-0.0006557273695452226,0.004594089741695395,0.0534684485118786,0.0779055653870786,0.12300009613422525,0.12300009613422525,0.10092891840779572,0.08330521390376622,-0.0036961509931683345,0.0550895872432029,0.1254541722616851,0.14610145163242128,0.18624438484735983,0.12798938194565768,0.0802454274888138,0.13273457525546783,0.1769563797984477,0.15500509756563252,0.15243158278490765,0.19634072470295494,0.08043230416642144,0.04059530555902291,0.0428883162960394,0.017506891547974135,0.05116222489981048,0.1390301251912558,0.11657524320585888,0.10521550848806105,0.07329975964368796,0.15821922990001003,0.18356227364904498,0.18814821132358528,0.1466127644857731,0.19716642535472517,0.20483337531825274,0.12205000045481906,-0.002702437298708449,-0.09943863227977023,-0.07165234118491626,-0.08495043655803292
APOLLOHOSP.NS,-0.01439004824668777,-0.020528655503712412,0.0021303167696660186,-0.05871125423182144,-0.12667084752102242,-0.13295997506533364,-0.09463513398642176,-0.09746206201687446,-0.10153848153694955,-0.09950654293740457,-0.046370656554510004,-0.0539540538783807,-0.04907231299549253,-0.03046342713450234,-0.02420649386083451,-0.036636881487422834,-0.029378133931881267,-0.025026427714467947,0.004028949998552411,0.021843153818412064,0.030893413262842007,0.033459374273141274,0.022358233330146637,0.018353427330447536,0.012521398667134198,0.03311529190087725,0.034510724180443875,0.04499414053068018,0.07818868221724751,0.11620742299831699,0.1478760644503756,0.12939748087188496,0.10592424437325954,0.1128041995822231,0.09792803381560411,0.1223860122054985,0.12249249328974621,0.12173780517878807,0.14428692495520146,0.13029563673867228,0.14161103512444995,0.1453482758364526,0.14064465593772013,0.18409374969924586,0.13459807772562726,0.06444152218716148,0.2234182090876662,0.3121226490513911,0.2335325936827195
ASIANPAINT.NS,-0.03437053966195758,-0.01700692020056571,-0.01676724028545229,-0.03246705670692496,-0.0667200935312724,-0.06783953778069707,-0.06816227315568157,-0.12771620474558454,-0.08863830016340712,-0.07974370253096175,-0.07313695578134993,-0.07108036041007681,-0.07359805679214171,-0.06235502883402977,-0.04249896528692498,-0.03891994563120216,0.0016952767888402942,-0.01398877089728734,-0.004858102445834844,0.036554006656567495,0.06934887294279335,0.09902919358190343,0.08298098818717636,0.060951399980803345,0.07257749231231014,0.141374547837257,0.09357876917238528,0.1022250961821407,0.08232418036154843,0.08929311640435844,0.08611530097734343,0.13843434265098153,0.10883960198454834,0.09938930242909971,0.08716746433086664,0.05961903786486911,0.013877389512022331,0.02703820900023368,0.0524533695864573,0.05226832084267774,0.043447038192136356,0.003128750917776646,0.009924934832087118,0.03116533065945437,-0.002459429687154735,-0.01829956643128483,-0.0166292134243341,-0.0439062717889549,-0.051879157019277033
AXISBANK.NS,-0.06361265512785041,-0.10316988627511481,-0.060809473143096815,-0.11199313485078644,-0.12600453062319306,-0.1308776552929365,-0.11257206201155401,-0.1631242000747103,-0.08775032425086748,-0.10033161810087388,-0.11507807582195573,-0.05586872334522919,-0.03984063810554983,-0.0280408821488638,-0.014218055803428276,0.026743763411257504,-0.04087091871532311,-0.05458396078849492,-0.04927529936106789,-0.05199309557593801,-0.025978726447410838,-0.02793434264161987,-0.017114605429815688,-0.0256818745699956,0.010743667344843777,0.012871220821702778,-0.008575180461457332,-0.005476915459990184,0.021621233753145175,0.02181227606038072,-0.061979222581440285,-0.08187158289674246,-0.19004475177468083,-0.22919007095237076,-0.19882344149963127,-0.20683918466068796,-0.14513915543019562,-0.15891422708563374,-0.1884637322854643,-0.15414705173183862,-0.11019518726787203,-0.10555512772416664,-0.11937100109877963,-0.142804320478765,-0.20545817329649918,-0.27003596876466585,-0.2544267951718986,-0.2434845816316531,-0.2729858082586364
BAJAJ-AUTO.NS,-0.10829665111567621,-0.11886199286102428,-0.08767068145138801,-0.12026010788723229,-0.13378140200862687,-0.10668094076786272,-0.07874969757080985,-0.1156479601300423,-0.040567180803085856,-0.0344540573150538,-0.051869421546309025,-0.03389308937148905,0.004920553717391307,-0.022669098507825725,0.0038839824009555546,0.022875212822398794,0.020313958222198947,-0.06577758796252631,-0.036436841491512384,-0.013342074259283354,-0.0046854428208044085,0.0312176139451259,0.003310850874562954,0.0015208760111982134,0.059506391704521766,0.12162096270074252,0.14945573465565487,0.125787536938901,0.15093500480373478,0.16939567432427216,0.10028153481835567,0.13047593382456424,0.10780961583191906,0.12459965579640953,0.16358585581065976,0.1345836299200338,0.1726593262473599,0.13360612386317627,0.1538518434722107,0.14139824235568632,0.20006403243249027,0.1905979650146863,0.23437410307764917,0.24497037534875865,0.26053230666182414,0.22756551186812457,0.23966528087343675,0.31372047448598006,0.29057995883912313
BAJFINANCE.NS,-0.06399449996326356,-0.07969620353099172,-0.08651802486827065,-0.15785373854440288,-0.15326625975439223,-0.14615213486331602,-0.12369538527271295,-0.19734329948979146,-0.16907332944047426,-0.1250294387078109,-0.16645007646754828,-0.14187735586337846,-0.09755495321512475,-0.09824312535739577,-0.09754982711197335,-0.08304601718789217,-0.09116624894600023,-0.17715827012076057,-0.1763230995034627,-0.20032684945563772,-0.17074588044879935,-0.15527047731425592,-0.1439889075402423,-0.20049009411674457,-0.18888666025186318,-0.14367808244464042,-0.13305236726808312,-0.027158658899657184,-0.019133162912092994,-0.05266495596117904,-0.07974505078666172,-0.03869535541698044,-0.12613032239382704,-0.1472369990688691,-0.12354331812322705,-0.08427192150122687,-0.10341341576967833,-0.08557961567296513,-0.09009549155751584,-0.10242326943531233,-0.0509189006951517,-0.09007979058832882,-0.02099424158379859,0.016951029589532096,-0.02458279032408006,-0.023755850899955244,-0.04712676469135091,-0.04173612374596758,-0.026090606461820154
BAJAJFINSV.NS,-0.05218952379263109,-0.08322451414371523,-0.05827911689038234,-0.07487676835401436,-0.07148231163634389,-0.06678408912944922,-0.06001545961468824,-0.059132725088568816,0.1892364435112388,0.2699117145032133,0.1677322979188376,0.19922383742809724,0.21570554617112325,0.2242375599042825,0.19305714923539363,0.24284472776115718,0.21536396683669756,0.1317143491081556,0.11676986161621516,0.11643211995967873,0.12300534493171233,0.15644320568583536,0.2914862773891629,0.25313923718920184,0.23580899429259894,0.2221920794137371,0.22207398246648014,0.30074118108300163,0.30074118108300163,0.28847456888550704,0.22601650053062228,0.2316778857963333,0.22858472190759338,0.2440894799738822,0.178951344882599,0.19866881728093033,0.23050173027214416,0.19585063359538757,0.19278010754001462,0.17929334379492423,0.20451152752847168,0.23392316103463973,0.23620696842243394,0.22514296502976405,0.18633505380848225,0.11069205227824952,0.0456286252823368,0.025004775872020657,-0.030487501111231108
BPCL.NS,-0.0651564331939849,-0.08291595307963706,-0.07461597535791775,-0.026515011384277476,-0.06550218546270248,-0.08427411517188355,-0.10232605318030008,-0.1790738524467249,-0.1396926341983209,-0.15630816803146197,-0.17346456069289296,-0.13161367913217858,-0.10609006478761163,-0.1002622545173002,-0.08203779766645891,-0.034359456661234966,-0.017027754483852298,0.03364130165340473,0.04216315246890501,-0.0004115500333197186,-0.0022382622591646806,-0.011861845481650368,-0.021790582989915097,0.0034998304926814328,0.014771758742044838,-0.013961714149399285,0.020026308728457787,0.027594994710599785,0.021714680242144624,0.0012438331940152203,0.07305584838476431,0.05458497776897042,0.04523262046484344,0.014752745555975944,0.020584139114464772,0.017053812183059458,0.01713100429201697,0.007475761746025711,-0.009195885472202403,-0.02421364304774587,-0.048740797225577004,-0.030691711757044438,-0.04122589925240372,-0.038530893151181855,-0.10975073617378706,-0.15677210160426713,-0.13423705170186007,-0.09866888377648564,-0.10045335725707438
BHARTIARTL.NS,-0.058021341749371236,-0.04510411729913799,-0.07921741529136606,-0.09538867342821955,-0.057105508417740536,-0.09932879462882271,-0.08832340167248309,-0.0909422253495824,-0.10287807604880361,-0.10813198698639148,-0.11672479027637095,-0.053175581480366274,-0.032758096733570885,-0.025894299776281327,0.0008466935653967944,0.022450520706480903,0.034977641957700145,-0.05336122414724398,-0.04675142680023625,-0.03994608934674404,-0.02835099707317812,-0.010040084402716642,-0.025801169171652316,-0.018190101730842012,-0.013027333098526883,-0.04430637261778225,-0.009863526130589495,-0.005561391196760135,0.04010006981759995,0.05115839162189317,-0.009693834026711978,-0.056377925316423605,-0.08314401549502848,-0.06925219314438469,-0.06109490242391069,-0.07359667204534504,-0.07359667204534504,-0.10197438174944606,-0.10881156369097911,-0.16998643699970628,-0.12409660992814231,-0.12882143401065804,-0.1084635363829689,-0.09594834966444199,-0.09947660402251568,-0.11658932460128424,-0.14683612232435683,-0.14001081764985834,-0.21004299288438266
BRITANNIA.NS,-0.033101321485634494,-0.07731884145556023,-0.030651671790212776,-0.043249229774763975,-0.08244994862903321,-0.10135110925145896,-0.08759442873947487,-0.12167816307006263,-0.1005264453998288,-0.0750318029875141,-0.0759417501549009,-0.07161931269661437,-0.040681659844647555,-0.029585317678589518,-0.0017602996825678563,0.009754734245434493,-0.018419649987349462,-0.0026786217693086645,0.003403221621048891,0.021994813133673352,0.037920003106850286,0.12733686452706205,0.11688559966257817,0.17509717472519126,0.16248295215974684,0.21636613195886478,0.19152702028633617,0.19602219831218393,0.20657978463705495,0.20783289735860278,0.18699506993577275,0.1799915209111791,0.16395003428146593,0.19679802593182827,0.22201520457717416,0.1981890557959365,0.16864293336024017,0.1873472968866905,0.2256996536045286,0.19767095229077025,0.20129313928231873,0.19110580092799734,0.24128013407106286,0.24088330589609597,0.27387362472038346,0.26728319887648655,0.2581364039553016,0.24993861711873944,0.2255457458705279
CIPLA.NS,-0.04161097333407604,-0.06528862784435852,-0.04588290272618345,-0.0825692832789251,-0.10425152193216136,-0.11393361826211579,-0.13021127247807862,-0.14313604553303927,-0.13026822363530421,-0.15889853999051784,-0.1786576424659767,-0.1219985248305725,-0.08851435980210087,-0.0830364660931866,-0.07672133202878917,-0.06243192454668911,-0.09248699773873348,-0.11943280206598716,-0.10432076435770499,-0.07135415008270463,-0.04515071460571096,-0.05935064183309291,-0.05722366059873296,-0.08912104404302956,-0.06287874328281451,-0.07532469466957747,-0.06789800946712199,-0.07954228451142753,-0.06676857982208917,-0.09724337170383779,-0.09312560232160894,-0.12073392698619467,-0.1216583525312871,-0.16042623326536776,-0.15832052285767406,-0.11891957242267959,-0.14522481237223994,-0.1248768071803581,-0.14195551393267825,-0.13969219998654958,-0.12462025941617305,-0.1333799072569224,-0.10789983131734382,-0.11182603317456086,-0.12403880683367985,-0.044986365221004965,-0.025238261905765835,-0.00617218460785951,-0.017187837425409858
COALINDIA.NS,-0.02584272249505648,-0.00876346475716605,-0.0055981516423218025,-0.02289512273733252,-0.010695288218104504,-0.010857986729374325,-0.0008640959124930347,-0.03131640447162787,-0.04151475958959783,-0.07257405221828594,-0.043123303586098394,-0.012940903720415231,-0.024331596367059838,-0.02625010196140576,-0.026658656076341214,-0.00016554502745713684,0.044863493556232203,0.017482884287971512,0.0033478364137311534,-0.05844195228012239,-0.0004641488332026711,-0.008815824785355697,0.019996210193030883,0.018194751446041213,0.003781541323004456,-0.030409520583264404,-0.11004320039519055,-0.08734216547501872,-0.08721820439384431,-0.03986063788944649,-0.037042118122639245,-0.0542265914468113,-0.038587744863651796,-0.12390572066418504,-0.07931232044466019,-0.07837002315860364,-0.0743418041921119,-0.10114052935124351,-0.13564222552992622,-0.1337176989943627,-0.18690695398374746,-0.168171372793938,-0.1331861519732559,-0.14806804053543787,-0.151191554580006,-0.21805096646312128,-0.18914358460018232,-0.15859500585778752,-0.20118324878975724
DIVISLAB.NS,-0.025362032520299227,-0.024189483198294837,-0.014842418034954896,-0.027881685915435495,0.0059592899657112675,-0.01822942763363622,-0.03984557981682435,-0.11310982392048996,-0.07369219658395743,-0.061503660443987807,-0.061050262173068415,-0.030465172088372516,0.04958469160908496,0.050343203280924564,0.042985079148357475,0.03685320141318482,0.04156909932985697,-0.001699374877563109,0.00872564784501062,0.03651233757900996,0.04445054970715989,0.04913430351494319,0.05871678064543295,0.03937350167436726,0.049148990266286274,0.0959418111763839,0.12003507425866733,0.1304854785924059,0.11175419612142479,0.11161941149276955,0.08391016128689066,0.05811786127074314,0.02877156609679732,0.0036812103987768907,0.0351149649342275,0.014364967491565572,0.02482666332033423,0.01529041284487831,0.02441326139254607,0.01829352412781815,0.02107222193488556,0.017220748487550175,0.0749096766575299,0.07574623211418818,0.03876310207953804,0.014686870466760427,0.04865260226868706,0.0874653328657038,0.04094117040237255
DRREDDY.NS,0.0012870927256602993,-0.00046810761839088944,0.006385440911724327,-0.03839471913928849,-0.06405920429867962,-0.10466255585749973,-0.10687029935956205,-0.11259296590321544,-0.09772616705889414,-0.1134012372605544,-0.1709298509045979,-0.1500398611489786,-0.11272011110586044,-0.11228443176176539,-0.09023106434684502,-0.0847065178649632,-0.08025659647742811,-0.1271742307613576,-0.09733412706515665,-0.10714996725372683,-0.11085580607707746,-0.11316421328459447,-0.1381572570697941,-0.12881919556504173,-0.13824300388431843,-0.11920230370915841,-0.12409013423977888,-0.0898160330285237,-0.09339670671382372,-0.09453847624444067,-0.13402691823517998,-0.16785268643588325,-0.21794422249661283,-0.21759394332298787,-0.19572475245832532,-0.20297398305703662,-0.16281706056244727,-0.17875580109241973,-0.17966838937459972,-0.1555392787107801,-0.14812932228662,-0.13618946893161055,-0.06490455215750146,-0.09219008287787611,-0.0942596788036193,-0.14323424111282734,-0.1379718837891577,-0.12366616456323265,-0.1276880185691993
EICHERMOT.NS,-0.04913822364171816,-0.002123756528571219,-0.05736839027407936,-0.10725358434345367,-0.06697578079791733,-0.07617976082793299,-0.10906261412265605,-0.11769239643073115,-0.11023664615350026,-0.11380374394694914,-0.04851376447173117,0.011876275859496133,0.07784552129270605,0.030381833111285506,0.025874133726056403,0.038311735624899645,0.0434562008725774,-0.011862480811699494,-0.013356664590165712,-0.004573866063529053,0.01830978546086426,0.006775941912893213,-0.003002229047943783,-0.05420542654302252,0.005860505914677017,0.003664037142215637,0.008490654224809768,0.019869785967943532,0.019485998070905453,0.003861334829957208,-0.0015013052254241321,0.01214852322363602,0.026305991159407682,0.011701753063641851,0.015302590949738848,0.0870864881304374,0.10541900482224964,0.18169443732022605,0.17985745593395053,0.16858672106605055,0.1445439575161609,0.14826897462578703,0.16466548417770888,0.20030676695387561,0.1761308210366732,0.14480792418114508,0.13058980936152098,0.1061049938209162,0.08817502240023267
GRASIM.NS,0.014707138939141773,0.07165538974180663,0.05697199846307943,0.01583641078047182,0.02358443022021528,-0.009526080774465817,-0.020399660853523627,-0.05315553849772092,-0.03424104948756812,-0.012643599978756637,0.01000304446812117,0.02831611336319173,0.05234941718227404,0.033333668335834954,0.028501118560536165,0.008438817594204728,0.0036710691468995194,-0.052086104256877985,-0.046109432123357275,-0.07255787094474175,-0.05621939250379604,-0.04188185613453088,-0.06227038839606058,-0.10794049457159971,-0.07449198057329598,-0.04871455357203591,-0.039515919555484724,-0.04919410979182148,-0.0263077326473371,-0.030501875970547654,-0.0707763538688988,-0.06842531562207244,-0.07486936110321041,-0.08169219298739738,-0.07496262800928555,-0.081411484452516,-0.02060916539848745,0.01220750987716257,0.031118733775957752,0.050097000104576184,0.0754741946526365,0.05431473940678866,0.1434578996368594,0.16233524620620354,0.14014839739148943,0.0849701151725033,0.08339646308799908,0.14703335632461956,0.12751503013917587
HCLTECH.NS,0.02444147003446706,0.03700191659532304,0.08739357789202629,0.05561604202913051,0.033245484085613564,0.015509417474299791,-0.03639831227521195,-0.07617713323216091,-0.03358248414226428,-0.027166621808044744,-0.05710949293361911,-0.014664142040123007,-0.034707732761427024,-0.03560303513389229,-0.0524846156164086,0.06200278124836989,0.07457947271468024,0.0329794329887223,0.04404570425182519,0.057315590269874095,0.08965772983489106,0.09715274818842423,0.08283266998712913,0.03868392181165592,0.10054445404915646,0.11367423007326227,0.12115234973542321,0.13126785098524496,0.1327261954804122,0.06738559732500238,-0.026165782484233402,-0.052878078549847385,-0.0986362817533426,-0.15532845707801757,-0.14115876198311317,-0.09207238399319706,-0.07235872697696821,-0.0825254195913655,-0.02674471219706953,-0.01569612976754453,0.047324022471908256,-0.012010658993287793,0.050421906035570174,0.03858618084814003,0.03301058063154194,-0.027266234811732404,-0.04662004972892342,0.01824158255113595,0.020368576173827035
HDFCBANK.NS,-0.05063794581220593,-0.09593913167329116,-0.08455127206286361,-0.12475071584599773,-0.13738373539500504,-0.12873154704129142,-0.09949538697622162,-0.16475206489186378,-0.09719148290862645,-0.09170785157381334,-0.11854968793416398,-0.07329998883648647,-0.058371039562035376,-0.07735427859257027,-0.05041090747619603,-0.009807590905647756,-0.0493366584723921,-0.04638928795076902,-0.05802257182850257,-0.03182919403392226,-0.015177718194396062,0.012766414062731268,0.0047708518974023395,-0.005096453610018092,0.031319804056545664,0.06764423651440321,0.07900703286538269,0.08772698746153607,0.059216794456162125,0.02063874628381024,-0.010628721734057933,0.0021103622588296567,0.011770208033774043,-0.01971821360625947,0.015395330386432704,0.021873183004938346,0.05311630948920487,-0.008474094877471638,0.03018675073072541,0.01652022608545911,0.059443301311631336,0.07927799831530291,0.07548978532033024,0.06012562326593485,0.015903621655164013,-0.012327983041018009,-0.04286983885503859,0.01173315971373401,-0.028968203020417915
HEROMOTOCO.NS,-0.053735022934086496,-0.044549373700059625,-0.06298748333150139,-0.10991079083820088,-0.16217928900904666,-0.22234876904639544,-0.2540231692854782,-0.2220344504362809,-0.1840176372212986,-0.18542843420732225,-0.21607236934068985,-0.18491739330325085,-0.12951943996026993,-0.10501205870818153,0.0006681092284546164,-0.0009009486955415813,-0.03672808623126733,0.006780701472008266,0.038668751890496234,0.008504249856456036,0.043175927768116074,0.057120573448312895,-0.02021052260099132,-0.02190501505185949,0.048069216680665106,0.07466456943261313,0.07684410418719612,0.039489905305431616,0.04163522278388965,0.018025192157052228,0.012890668963648544,0.03183222050005052,0.08827374006452704,0.07704863899241698,0.13190304082018356,0.15219911078918935,0.1449657444607897,0.05960634408509646,0.040950411236350126,0.030964458775700532,0.04828923169341737,0.07958836165240335,0.12378663977155813,0.08898659887634053,0.11634347457229977,0.10818368047491655,0.03908792569769126,0.06346491427111678,0.04879081727916934
HINDALCO.NS,-0.05201144217305065,-0.01829173411588003,0.02362238425343599,-0.013872926609121206,0.015756126391907488,-0.0774002551204982,-0.1182082797053372,-0.17065151940812717,-0.13481698211937332,-0.15232659713436347,-0.20218965734906702,-0.13546136637506911,-0.0995264455304935,-0.1283046938921285,-0.11653654622668796,-0.04213712173601736,-0.055902014317561255,-0.10745448773664423,-0.12793986686962988,-0.14046793786867684,-0.09967880800789108,-0.11786714937470599,-0.12520642076919597,-0.17613695480915714,-0.15536956979083272,-0.09278635881490171,-0.1030389149260329,-0.12022581302275215,-0.14771884097897336,-0.20681350620008854,-0.23179933770656724,-0.23914453382553125,-0.2644449067930609,-0.2911876627058798,-0.23929352444247032,-0.25713429645013286,-0.24000596011325082,-0.29429122333167335,-0.279211831613825,-0.2678722405173084,-0.2583642313920733,-0.30649650329166644,-0.20027912770902345,-0.18086699226075442,-0.2461751684849507,-0.26110835191651316,-0.2967362191697649,-0.23424282886647785,-0.2586461995813891
HINDUNILVR.NS,-0.0003195771175227291,-0.02118626549595648,-0.032381060367253856,-0.11681817128622762,-0.11095499685783317,-0.12780573180109833,-0.10784899900534173,-0.10784899900534173,-0.08918326173349811,-0.1021325838840913,-0.1315126066772525,-0.11470766653021924,-0.09151143847640453,-0.09995777649899906,-0.09535323668699802,-0.07089866488333574,-0.08200346979187445,-0.09882499668278777,-0.029516044967188848,-0.010862690923644225,-0.017532593590541934,0.03357001668793158,0.02208416677136449,0.04471038081226375,0.05054025205630053,0.09373784770964377,0.0954046164611475,0.08798141307915142,0.08994130636599684,0.06624668699926706,0.052710577838061434,0.037398751344712045,0.05494180960840622,0.07683871887818516,0.07683871887818516,0.12161548267536015,0.10005870400285577,0.07824365256770016,0.11660033012214033,0.1005607058785225,0.10155781952614196,0.0758252103167838,0.12101042554073604,0.14296033390771035,0.1878439906911289,0.15900619854026332,0.11623403595982951,0.1542312847569005,0.1270557590169228
ICICIBANK.NS,-0.08354800456135336,-0.08788621244984995,-0.029213545277370967,-0.08783316824752563,-0.11069108909194436,-0.09088316049383394,-0.0979592404415145,-0.14264182271555337,-0.10246098890570199,-0.10534875063015425,-0.11987773418310277,-0.043143148057319,-0.04131772290147229,-0.059220266372571606,-0.058279846939798596,-0.02839769884046972,-0.026825772294599926,-0.03967370085077804,-0.04849648125605788,-0.061584745980261424,-0.004500723547521623,-0.01983878714138354,-0.040358200977416714,-0.04718916356270131,-0.010698287675997675,0.0034620266791960397,-0.03262504275600531,-0.026521437858917474,-0.007518367068626963,-0.042698582590235956,-0.11490727800351919,-0.12509943832200665,-0.2218377981507188,-0.24995593352662504,-0.2245188146974484,-0.21257751193353824,-0.1929000974154489,-0.2076898987571888,-0.19166896659514931,-0.2057819203075425,-0.1607762772476944,-0.18719913089526974,-0.1264576825785826,-0.17040908065929739,-0.2271709660022202,-0.2750844908022847,-0.2883620380966553,-0.25244099098452066,-0.2988548790162081
ITC.NS,-0.013157722363791313,-0.013446764790746246,-0.030945945687949505,-0.036390035014577826,-0.09328205787237387,-0.10482536058539293,-0.11477186115862392,-0.1254035722720378,-0.10780833636454135,-0.11452637816219435,-0.14260437973606666,-0.09383631651249891,-0.07456690957938261,-0.08007407319192483,-0.04775256113640658,-0.048002966551997095,-0.03749470885728601,-0.07551160407288715,-0.05270637365670916,-0.05041586090956762,-0.056656674140335817,-0.02724023944351106,-0.02479060563517721,-0.020448366783370697,0.024995879921795527,0.06708635513769301,0.07675041847410324,0.072232761354871,0.10280701252856139,0.11864566522934905,0.05170895232138384,0.06788906536247441,0.060965012833109844,0.03391557109196075,0.04057113129357259,0.014396300191902967,0.0234440691681419,0.004059573003072803,0.05466211100417295,0.08070962047345587,0.10825395212921074,0.09882759413562803,0.1442248763846381,0.12919385147896412,0.13910355716751588,0.08686118759926842,0.047626409608030995,0.10122113813068867,0.06346176587743768
INDUSINDBK.NS,-0.12998303171183978,-0.10993996213080226,-0.08933672230735057,-0.17746538609636364,-0.190139610303089,-0.22815015002415695,-0.20354105236476783,-0.25194271877756846,-0.1848683184960579,-0.18891865908117145,-0.1950405701940644,-0.1369558614079408,-0.13418436828589242,-0.1348210944512115,-0.11700025679657122,-0.11587475233519284,-0.16625902995944375,-0.1756213756876509,-0.18177708474608578,-0.16640520903298694,-0.10301330009725407,-0.07763180654471658,-0.09949764740203526,-0.12479369996674938,-0.07236835503644157,-0.044377646244467495,-0.026257445250451372,-0.034388300595325494,-0.03977616517221216,-0.06343222106029578,-0.09693620251435231,-0.12624428662846343,-0.19487107442179152,-0.23003925319817908,-0.19431279213935038,-0.15152452809124395,-0.10282348527174823,-0.15032513768711186,-0.128900603890022,-0.16902378433725007,-0.12893521359212035,-0.11715081730757393,-0.08853604375231339,-0.12191723491242512,-0.14559750969224394,-0.15817422805957437,-0.15285675888233352,-0.11113013018868001,-0.15401419959613316
INFY.NS,-0.0253298739973411,-0.08028125172375955,-0.08730132225943354,-0.11967302387579437,-0.13938218249689682,-0.15237190767861042,-0.153532345798445,-0.19577234281939693,-0.1783035397796665,-0.1752790427325125,-0.21775465630001067,-0.15331036585695867,-0.13211301902055816,-0.1468768729054054,-0.2132243933982665,-0.2121684931648926,-0.22155645498726528,-0.2294272251139743,-0.2374282448061915,-0.23757530457059395,-0.24548014758739645,-0.23582002705826732,-0.22923612586485942,-0.2581507270287716,-0.2169727852131318,-0.19976346506991116,-0.18952542200574152,-0.24218591483817642,-0.21010983606342992,-0.21907021788684655,-0.2811818309523283,-0.3089105319687748,-0.35920194538922057,-0.3568804265113962,-0.3504527772206122,-0.3478146550837665,-0.2894622740924274,-0.2966347424771869,-0.24345704316682804,-0.23343465096133187,-0.18791348730138568,-0.19052888081658803,-0.1638078125693473,-0.1788023342381997,-0.1979883120797883,-0.21740473489063472,-0.23803887414906444,-0.22127444541724572,-0.21863677859027397
JSWSTEEL.NS,-0.13529490365575736,-0.14954875720133165,-0.11671851018354973,-0.2326289836621056,-0.24055265449228835,-0.2726859096260913,-0.2764128609199036,-0.32044307794269766,-0.25590746598003566,-0.26990510577267623,-0.29610225683347635,-0.26961442471263375,-0.23695010570192443,-0.22680074111154125,-0.22566937061051673,-0.19371949115567622,-0.21928638237712272,-0.25272739226692353,-0.2203171355946134,-0.2233175075315088,-0.19001632354881204,-0.20799621570726445,-0.2395239187440844,-0.2565598142337113,-0.2319665949779367,-0.23266207254561866,-0.23153035511297915,-0.22067484298439854,-0.23368139701789536,-0.3193661683834975,-0.3133428938025028,-0.334938780873699,-0.3130710050667477,-0.3697200272291131,-0.297957115788008,-0.3364127233457451,-0.3061348820451132,-0.362844672890168,-0.39024248869948597,-0.3728065692217012,-0.3529511504083145,-0.35222571890109045,-0.2643826190979629,-0.199038096824255,-0.23251605399487674,-0.2860003781866023,-0.3022561294587167,-0.27350438342471206,-0.30395567676667223
KOTAKBANK.NS,-0.04791051767333365,-0.08295963099044124,-0.0607033919707437,-0.13917646460889732,-0.19615504989242294,-0.15526998992623153,-0.1333110119569071,-0.15044917122473556,-0.12077092881182394,-0.11232188466445314,-0.11950914906837495,-0.05128794480294607,-0.054537337347813186,-0.09349168686336973,-0.0745507178813517,-0.05037261469499832,-0.1303422300937076,-0.09002763029712335,-0.10901621979993381,-0.09633743912340387,-0.033460637972074214,-0.031013864829247395,-0.036264473133386765,-0.0443027454102769,-0.012868673091583016,0.02479803827317717,0.009577694243926738,0.024134895960368885,0.018054351261579837,-0.06925839866880168,-0.09886921758344713,-0.05723105619941016,-0.07661906956470266,-0.11010689472674728,-0.10657811978909093,-0.07954731325832953,-0.04547518920572524,-0.0835634403905513,-0.07996081241099995,-0.07892989923060234,-0.03646884082341628,-0.04912395063756181,0.030746899489338286,0.010228487287738508,0.011644534811383611,-0.0435342821545307,-0.07347561405998093,-0.018863532348486034,-0.02345773447885502
LT.NS,-0.06778596038099771,-0.1047972560891588,-0.12091903371285717,-0.1482370015339759,-0.18511342683731347,-0.1761930501345832,-0.18661362046934304,-0.2547425253093397,-0.21433259572608454,-0.22856909002397097,-0.2512603435925598,-0.20548008820457608,-0.2012608312736217,-0.20639095396709894,-0.178059737003328,-0.1638068450268596,-0.2257948355881414,-0.2540672038487942,-0.2648171723195758,-0.1991919138599486,-0.18637901668007617,-0.1455721208943549,-0.16226205776411085,-0.175996513322916,-0.13697433912509627,-0.1268297608351252,-0.10419829217400667,-0.10896369538315231,-0.09171530349036339,-0.15389038481876594,-0.21401505175903457,-0.206498537703932,-0.23849973585812612,-0.25344227785010554,-0.2557317001634236,-0.224912233138435,-0.2421762203905078,-0.29556999677092977,-0.3296174161688068,-0.29203835643777665,-0.2806674830717084,-0.3040433268151387,-0.2380369523906205,-0.24852429479762284,-0.2820888107675824,-0.32659125480670204,-0.30546905481524245,-0.2888339080419927,-0.33683429402342946
M&M.NS,-0.059996364951940606,-0.045803877635539836,-0.003698359531495554,-0.12162831330332602,-0.17562226123916835,-0.1805499279237005,-0.21729929313081497,-0.28438784599103195,-0.214192232742634,-0.22066409519748165,-0.25642322441539,-0.2189023286430194,-0.18076639393881222,-0.19695296124651218,-0.18060940760012867,-0.1323866963886523,-0.14532454741303025,-0.17672741929700453,-0.19921474105239212,-0.17754782381639567,-0.15593424029251224,-0.14829614754729092,-0.14233840255335095,-0.16829276011982908,-0.1150345258176595,-0.11694935240500615,-0.09886633572927772,-0.10456343134681623,-0.08232972133049932,-0.11611534961639747,-0.209951417521395,-0.12518314609745362,-0.14131718530905168,-0.15268529143667275,-0.11594099014820303,-0.09019113812858359,-0.07491919347194931,-0.10307992848364933,-0.0639390116767139,-0.08022553612633643,-0.08159352057695235,-0.09368456354321664,-0.02581028251816153,-0.058457702727301,-0.05197905761414068,-0.11561586745214358,-0.13154018842718995,-0.08748753656875641,-0.1431105427553757
MARUTI.NS,-0.05995596391572133,-0.09986880433148237,-0.11472194566785021,-0.1579758244235978,-0.2049547561774222,-0.21056807815288026,-0.2076015237750568,-0.23300066371688444,-0.16707392675073673,-0.17368002145075723,-0.23994355344965046,-0.2034968384822402,-0.15749770827576426,-0.18762537747247687,-0.174759607661916,-0.14557038579035708,-0.1512388044165358,-0.16313304029211328,-0.17862053366844965,-0.1834935878609999,-0.1713180375866873,-0.15526397566330252,-0.15893201673893997,-0.20009440204018447,-0.2284519971407678,-0.23487737046583368,-0.21739814920226486,-0.2083899020809611,-0.2172510195674131,-0.2004195591469735,-0.21205376680826526,-0.1759539991259328,-0.22038169701655508,-0.2730085869787072,-0.27331166563027176,-0.26132850863812906,-0.2328396025099576,-0.26636392096036354,-0.2621398099494323,-0.23786959731167157,-0.2689682795754398,-0.23911095155420647,-0.2298083838259114,-0.23189590311143116,-0.2758988759132851,-0.33681647845971685,-0.33196410849073865,-0.31331541325481904,-0.3227615756755978
NTPC.NS,-0.007054672677277107,-0.03222849532019134,-0.017224652876231428,-0.020795746931709824,-0.06813390381120177,-0.08240241686804628,-0.07750800488940979,-0.11301855779480074,-0.06445274329148842,-0.09502429689340164,-0.11384078607887915,-0.06285899130195083,-0.04438944784159471,-0.07338532317851498,-0.06531936409340311,-0.05624002819168139,-0.0777409075038401,-0.1095779761216874,-0.0979838808205521,-0.10497600679278396,-0.10310913486564,-0.06942554560036984,-0.057388734619210124,-0.06314912221572422,-0.02291791937142329,0.0003776599292273364,0.03508852197345802,0.038918859473469736,0.022729445258250047,-0.019315563007640035,-0.04926017610312283,-0.02398482503046151,-0.03149450676412002,-0.076967033082877,-0.0917049422079439,-0.0893076699985269,-0.030861549978258407,-0.040058278473674824,-0.016595079693295878,-0.001336848318426953,0.012127089497642185,0.019345598631970162,0.06372957634220788,0.06432311207799724,0.03743881444528019,-0.026726575744449144,-0.022990563724104462,0.05778942853390223,-0.0011435651422845305
NESTLEIND.NS,-0.011965706697187772,-0.02865256621163781,-0.048239534062224365,-0.09292347561177716,-0.11479905442614169,-0.14352948214071737,-0.12589803748232464,-0.10637372193299155,-0.07575293362422642,-0.045810126234241855,-0.12678448599149428,-0.10379047776428718,-0.10809281498930601,-0.10190353998246815,-0.0992530034700555,-0.06899317741050115,-0.050771057739251946,-0.03666593273441909,-0.037786139634432336,-0.06534208070558178,-0.06767652939496283,-0.05082990418519895,-0.042028879233504624,-0.09050086134948954,-0.06590566489129734,0.018461923253283885,-0.02133933039691871,-0.001274465545024861,-0.03155622654706414,-0.005496812437927323,-0.005731345818870581,-0.007294496473694956,-0.00937668160379257,0.02002412541780485,0.04073600882061501,0.024540759649256616,0.002499624673330869,0.022529702096604654,0.032754947726248984,0.03886842834638449,0.030807310967871704,0.06848224467439845,0.06267722733966385,0.12618003109653575,0.15809581939934203,0.16839972246306112,0.1224118957990088,0.11817523677624009,0.11201894332245255
ONGC.NS,-0.0672568760903397,-0.06352405864868726,-0.11518588783197425,-0.11934448021238186,-0.10895130458420643,-0.1733619433917435,-0.20604874368576787,-0.24617039283896747,-0.2503528460396589,-0.19949558079280272,-0.22958210717744,-0.21260099632119267,-0.1735414425230084,-0.20253282658175742,-0.19365355523946737,-0.14651875310612628,-0.13414107766046202,-0.12886152893212488,-0.12757278360523605,-0.1951457412807166,-0.14834151230465287,-0.1408234841540993,-0.1688553411481053,-0.17858984793848043,-0.12536815007395596,-0.14952663326390492,-0.14983316771861288,-0.15618684760735924,-0.14811257106813336,-0.1805263792204771,-0.16958582690841384,-0.1810254927745366,-0.17099354908570252,-0.19559304571859215,-0.22792140187348575,-0.21214601848046022,-0.17110913107543202,-0.20694716329379426,-0.17161389929849336,-0.18273954396006864,-0.2052342649865435,-0.21718045093326432,-0.193244069718446,-0.1957137563129343,-0.23089020170110963,-0.23501253622570728,-0.23561946374369158,-0.21692626874746057,-0.23989795962362082
POWERGRID.NS,-0.00457800292456878,0.01043333320275619,0.02180388272522249,0.0010671470113803316,0.008843664442593546,-0.00035877672231732216,-0.004923056064897402,-0.0024090546428915394,-0.0019050720192126391,-0.0019050720192126391,-0.010491991232264852,-0.002872734828363477,0.054982833895726335,0.045020901657943035,0.05304042397138131,0.05708261864396613,0.05708261864396613,0.024297105991443857,0.010832846244530625,0.0028893181454017203,-0.016745618813447605,0.003118055733561942,0.0001530421583091357,0.0016156601987116215,0.018317582818879297,0.03617450533923239,0.024447568503386474,0.04578977792852523,0.04770274123640794,0.014871229376137052,-0.033770706894647784,-0.0229248053593345,-0.04697443547015934,-0.10007396772483257,-0.10547607464612907,-0.10361022743159343,-0.053256663920684844,-0.07162110689173318,-0.040431512790882085,-0.04141726068361751,-0.03310708275342822,-0.021743564133155924,0.019522988375636707,0.00979930006590446,0.0253568873395702,-0.0174677368650048,-0.0437543198430671,0.018288147314041714,-0.0223834065029348
RELIANCE.NS,0.009283857828505493,-0.021918954601484186,-0.03279866423551947,-0.09113328839654511,-0.0904413449637741,-0.10914063151722941,-0.08893377386383194,-0.07950249184824565,-0.06236684937826298,-0.04797195765980744,-0.0716710688694403,-0.03764257442468277,-0.02760339677376078,-0.05236117126274842,-0.0376087541807133,-0.007615989445310389,-0.03278566115971804,-0.033672154607632954,-0.04505476811989284,-0.06708415700976134,-0.030101851393802392,-0.03449244615610303,-0.027542728847320896,-0.08727057818818873,-0.04548184067688088,-0.05599574218404868,-0.07072531950877214,-0.04905336787027015,-0.04275110467969778,-0.10227742349066582,-0.14425424407883292,-0.1659039670755652,-0.1951300627823409,-0.23510768202427823,-0.18405079374637823,-0.14588325327776597,-0.12538571543830046,-0.17962661860698792,-0.126516366963919,-0.11022577454584437,-0.06982798399831114,-0.06765253667577686,-0.008726989056350942,-0.006016005742736974,-0.004160206692423896,-0.08208290081814229,-0.12007893493551891,-0.08836440020343361,-0.14605133531340098
SHRIRAMFIN.NS,-0.09002682019348696,-0.07956517663140417,-0.1093898540067666,-0.1385184421494604,-0.15394833680796616,-0.14277055185062792,-0.07655106117825117,-0.09116991384977358,-0.024695210340660467,-0.032983188123446916,-0.059656780925381625,-0.01587127612077044,-0.019531924986700866,0.0025830245897326964,0.018761612191114274,0.01131213471027892,-0.031195661284487475,-0.14098238436346888,-0.15569368656080396,-0.06011725341772589,-0.0684290295422918,-0.06683178867081263,-0.13263945960081358,-0.152319766319561,-0.16348364188859388,-0.08822200781934675,-0.08242324516896016,-0.04554398635649348,-0.018436193650054444,-0.10391131501530193,-0.1300403711124467,-0.0993669038656978,-0.07864101184727013,-0.08986210407680206,0.0006843052390030913,-0.010671158496497357,0.01775064084635769,-0.06175849595756977,-0.04316568437988433,-0.10245266228307626,-0.03864744553047661,-0.04275429102215966,0.01477766000371461,0.0001389741452906268,-0.05642640825372813,-0.10650949372062135,-0.10810218453693698,-0.04461565684559543,-0.11195998918832328
SBIN.NS,-0.07836374008070002,-0.09511694868015064,-0.06609548661324893,-0.0920503091886149,-0.09088220472430875,-0.11506545209959129,-0.09445238339156548,-0.16230724681305442,-0.13867776970542967,-0.15804341938930677,-0.16186136909895843,-0.12024022676806811,-0.12974428396353987,-0.1250359034622387,-0.11750936206138507,-0.08235820292229035,-0.11826169256431807,-0.13227683203846607,-0.12354423199893816,-0.21248001082161627,-0.21776588079112547,-0.19147347609618715,-0.21738165947939547,-0.21979636581604245,-0.18189914846686317,-0.14873203724902362,-0.13393330036848472,-0.11977796441655608,-0.1120837916484001,-0.1714148635003473,-0.21036902161210247,-0.2174925683233324,-0.27428532355993096,-0.3355608908371902,-0.3167615360379854,-0.3350976065875154,-0.30576672596429855,-0.2937069856371979,-0.30829356090518556,-0.3489057754678905,-0.30102063863942563,-0.28012559249507485,-0.27972985817122586,-0.2571164935633118,-0.3311146250266558,-0.34120651038647776,-0.3339575005344868,-0.2938176347178727,-0.3106310603504948
SUNPHARMA.NS,0.012415423656279678,0.007745871885584066,0.05094417981291777,-0.026995741097419867,-0.08062849134953587,-0.0623576837978016,-0.06169701705417707,-0.0897112093647573,-0.07068841999228481,-0.06187700424395404,-0.04170581670553275,-0.012601298638406866,-0.006914474797767967,-0.02534161509681787,-0.04838817221440295,-0.022882082924988945,0.02038720903920721,-0.0327923001993764,-0.061136149842281995,-0.06369403286283737,-0.01939677145026031,-0.012534238392670982,-0.024929090515759866,-0.030105934745900065,-0.003150248995678284,0.009827484358986283,0.01578707703915394,0.019609555349575647,0.04312951437378887,0.02834534040510861,-0.019219641528023246,-0.06103452719522484,-0.07480641008761169,-0.07915978618521646,0.006628660915963147,-0.033992647859395486,-0.04207464648014303,-0.05057172720575409,-0.0594182553551299,-0.04384207940932372,-0.00904827925778895,0.023280179796014933,0.08110147790630329,0.09974671833311866,0.11053724560563483,0.08401323132437644,0.06944655970251978,0.11037108439971988,0.08560677917587367
TCS.NS,-0.01329858805485895,-0.022678123980064746,0.04112209304649883,0.01885731596756335,0.009455579304280759,-0.027624274492242473,-0.0473813284814365,-0.07126794251669422,-0.05010452367404694,-0.07684670059525323,-0.08929512546910334,-0.04774879568226775,0.003481426977237412,-0.010744824144067189,0.00016877914676349803,0.041674817125965546,0.013673126691353232,0.005360406848464949,-0.0021205602456230155,0.03660924778777952,0.017059609149946198,0.01719178778570485,0.045996703301423914,-0.012831146858003017,0.05036157314069922,0.08806424871600615,0.07517113620052918,0.06531766545404571,0.07322449008300547,0.07330062316587171,0.00021867175955292417,-0.05768426693869977,-0.10089961781495438,-0.07112689816983242,-0.06884946197877095,-0.07940475986225526,-0.040132318846771375,-0.06629644005893298,-0.028506666014596505,-0.02361842490588839,0.0401626016892187,-0.025204362907950917,0.015308291268278484,0.0007493097682382821,0.024064416607950223,-0.013870467178396129,-0.01691958587191933,0.06391256428270542,0.05621013549562015
TATACONSUM.NS,-0.02869937605237116,-0.027301743866579353,-0.020347147749247618,-0.07981798212250024,-0.11821683163822305,-0.15551413117276058,-0.1564069813208847,-0.22264855275040973,-0.20958374295943605,-0.0978121507291625,-0.13757565376205416,-0.13845375730382858,-0.11964846873734913,-0.09544643622324711,-0.0888281191373983,-0.06477824435006985,-0.07759586103191363,-0.10019470999285252,-0.08684020979349749,-0.0863705487391555,-0.1557662043682373,-0.09015212774863568,-0.06377989001392181,-0.075963031910528,-0.09179226216037539,-0.035553692423075045,-0.07575822080466132,-0.08122437894259837,-0.08434195481799411,-0.07435135951162619,-0.07997442434701252,-0.09701816027445354,-0.19653419694761165,-0.20761980675391534,-0.21313720607975706,-0.19853388456871524,-0.20293516899437647,-0.23458885996809897,-0.2425344285338613,-0.2556096758263925,-0.2360547300760979,-0.2834312834377183,-0.244720477723676,-0.25817865586664246,-0.2782058913654597,-0.32018023044865274,-0.32391104479822497,-0.2593296024668146,-0.26628243138717955
TATAMOTORS.NS,-0.09037413900558977,-0.08596792462719305,-0.07933857381667198,-0.10877996316298622,-0.10582736253508618,-0.10867448939287261,-0.11140170132928484,-0.15044881503433627,-0.07747885127490828,-0.04913945572562972,-0.09632669846895814,-0.04583156230787855,-0.03195557214314482,-0.03265015734299748,-0.019720802190456355,0.0110894563958861,0.006451179627500636,-0.014411261278804877,0.014230494621492618,-0.025062308960874358,-0.06010818078622915,-0.10682581484590314,-0.11040297344619554,-0.13624646642939664,-0.10335715839869553,-0.08781321016020516,-0.04962688232905088,-0.06749950884902756,-0.06548420330124638,-0.11961994977590507,-0.1854538220941584,-0.21271367310912304,-0.30032636781163113,-0.33687653258683625,-0.31500376289066145,-0.30436321695622337,-0.23068797112679984,-0.3013391191297209,-0.25706270265231024,-0.23021820438457297,-0.1882915425949413,-0.23122874842392604,-0.14594738646192873,-0.19048972424762645,-0.22569519583501818,-0.25835715781619895,-0.21107203382025752,-0.16747159847533244,-0.2048398156665736
TATASTEEL.NS,-0.06079105669861451,-0.10156658820865205,-0.09596633333384907,-0.11239706413767925,-0.11766958208208367,-0.17980747460514768,-0.155872726093643,-0.19639409439583044,-0.18176865713666845,-0.210887022164314,-0.216072541377887,-0.19782508895895523,-0.18056274583707976,-0.18225062119014812,-0.17485765349583782,-0.15066011033971194,-0.16448366440977225,-0.19187414678369585,-0.19336782225068094,-0.19092477327832302,-0.15360955158788903,-0.16244892423238488,-0.16016288061101103,-0.14509522778737527,-0.11797701705988484,-0.0985959087536078,-0.10251835198101866,-0.125192272583168,-0.10583208677148148,-0.1470432679959094,-0.20776719763841145,-0.2609095985635821,-0.27603814430900353,-0.3494433517347364,-0.2873540929151406,-0.31299596800538143,-0.30393353496737896,-0.33607153574466675,-0.3667179242706863,-0.3265209681280121,-0.32203075630369304,-0.3328925273223735,-0.2608408458795858,-0.2848006113274777,-0.34225833033149755,-0.3759027185557676,-0.383710167032166,-0.3325052795203173,-0.35458465959098895
TECHM.NS,-0.005550644306490438,-0.027367261417551303,-0.028984650814552926,-0.08572144814611793,-0.10854497891822146,-0.19039748087067854,-0.15767682800716365,-0.20213067113411876,-0.15266951461835754,-0.08798973373608054,-0.12919227903663955,-0.09580589052839172,-0.13496941927716866,-0.08498073594785871,-0.08159455426680506,-0.06363251187843733,-0.10490521948840148,-0.12821713767775722,-0.11991126030406563,-0.14451999228370138,-0.13282699806870168,-0.13333179595294897,-0.14089769011476527,-0.153906125650779,-0.11913336717382206,-0.0970694175906488,-0.09076618924655988,-0.0908884439559221,-0.07801252963267713,-0.07341505056775588,-0.12680522385070225,-0.09650721580985977,-0.208583035747836,-0.23878074218965795,-0.23919998075387694,-0.25473459703020296,-0.23133627287213243,-0.2424685350982697,-0.2798464412914743,-0.26781776533842827,-0.24392439373012176,-0.2604213085858187,-0.22816855392319801,-0.17207753015025862,-0.1968175348680169,-0.2124630788782197,-0.24248773848984817,-0.23840368885417462,-0.2861313488711482
TITAN.NS,-0.07448083084785095,-0.0413898250263357,-0.018721519250608054,-0.04651798300157295,-0.06975202484013898,-0.16055103912701052,-0.14960744289108308,-0.1560192570235971,-0.12620704907609837,-0.11242755854725806,-0.12078281325519502,-0.09883470606245792,-0.01978594150766455,-0.006196781847644939,0.019691561179971284,0.05223932967153777,0.030151360241810643,0.040103631297025544,0.04879128938256816,0.07897797356407388,0.06826667608951875,0.0705401546590314,0.12869989905999968,0.0916039732839764,0.02233412138903179,0.0300499617700436,0.06904902266069657,0.05877876275081606,0.0352655355967344,0.05821474304417906,-0.007213223517656631,-0.026810703122537083,-0.08183534591610986,-0.08748775445303458,-0.06419243972891875,-0.033737313520457834,-0.00827379708612419,-0.0024756267003605004,0.005706629350553216,0.027146417548651547,0.05677816440639294,0.03007763355620985,-0.011752801284791392,-0.013117070837712186,-0.044693854886759365,-0.07111606708245033,-0.11512589588147559,-0.11420064485041836,-0.12226197581364784
ULTRACEMCO.NS,-0.09189104116565683,-0.06885644188219153,-0.05664999802487869,-0.07504884254124877,-0.07131329778979933,-0.14474996957650466,-0.13589063204983498,-0.13773341465974187,-0.06459646474388481,-0.05898594719646355,-0.05318695247416316,-0.022237682658877156,0.015788727656439905,-0.009433438599380284,-0.01764609322694799,-0.04963345068621683,-0.0006838022468810268,-0.018011476071584154,-0.006477228956481618,-0.019750661186674234,-0.018564796266943073,-0.007190469569147373,0.0018153659480859563,-0.05946556714043927,-0.04702734727090252,-0.07263756023042278,-0.0415902780151155,-0.02209980605153805,-0.015772386608995603,0.013010376877747865,-0.014952477113200802,0.039846091593344735,0.004513501441254286,0.04740902228565247,0.07944746218175025,0.06453916063728116,0.08945325077298016,0.11404458893930447,0.11796176224767718,0.11288223919465024,0.1543184378021869,0.15133914016446082,0.18691420256353242,0.1842882954925935,0.2031578537900356,0.1651936156357785,0.17422229073898898,0.1815523429056849,0.19967418498679135
WIPRO.NS,-0.01262828528374993,-0.0158160163379788,-0.03858851293102816,-0.04797273349072273,-0.051014895816757555,-0.06579750338133639,-0.04752726438466304,-0.08553736746047436,-0.07885966583785986,-0.07463747241977636,-0.10779834868824512,-0.06256101486300325,-0.033843091741346476,-0.06487660543922269,-0.0856120165931813,-0.04917210377569636,-0.0816007073738586,-0.09216769383719825,-0.07884632515007473,-0.06335255314450505,-0.05909544038854775,-0.05632693287729851,-0.0724418828918364,-0.12910299304335426,-0.08169372967096578,-0.07174798590554288,-0.05621860241433663,-0.06989665283995039,-0.08743530229587704,-0.13382558051252758,-0.18819613716139705,-0.22199769274952807,-0.2678230180570137,-0.2955812657424626,-0.28390877616665977,-0.24696363943689914,-0.21558710245904122,-0.21903770230332265,-0.21731521925213715,-0.2087819272473076,-0.1761263678039724,-0.18247643735187768,-0.14606343623589502,-0.13383426174034485,-0.10381259457357583,-0.1348113132923685,-0.13516217801735397,-0.08925268674220721,-0.05470410539624704
