Date,HDFCBANK.NS(close)
2011-01-03,214.27261352539062
2011-01-04,210.2435302734375
2011-01-05,206.8956756591797
2011-01-06,208.64801025390625
2011-01-07,203.4222869873047
2011-01-10,192.91702270507812
2011-01-11,192.41064453125
2011-01-12,197.6721954345703
2011-01-13,192.08798217773438
2011-01-14,183.7115478515625
2011-01-17,185.374267578125
2011-01-18,189.0717010498047
2011-01-19,186.03309631347656
2011-01-20,189.80674743652344
2011-01-21,187.70925903320312
2011-01-24,192.58990478515625
2011-01-25,186.82635498046875
2011-01-27,183.83255004882812
2011-01-28,184.13282775878906
2011-01-31,183.5098419189453
2011-02-01,182.8196563720703
2011-02-02,181.05384826660156
2011-02-03,184.7333984375
2011-02-04,180.8611602783203
2011-02-07,182.75242614746094
2011-02-08,179.52560424804688
2011-02-09,181.2689971923828
2011-02-10,180.6908416748047
2011-02-11,184.58547973632812
2011-02-14,188.72216796875
2011-02-15,188.86109924316406
2011-02-16,187.77200317382812
2011-02-17,195.90638732910156
2011-02-18,195.0548553466797
2011-02-21,197.34950256347656
2011-02-22,191.6800994873047
2011-02-23,189.4975128173828
2011-02-24,184.5675506591797
2011-02-25,183.0482635498047
2011-02-28,183.95358276367188
2011-03-01,191.72938537597656
2011-03-03,196.58316040039062
2011-03-04,198.83297729492188
2011-03-07,194.79042053222656
2011-03-08,197.77978515625
2011-03-09,197.7394256591797
2011-03-10,197.95004272460938
2011-03-11,195.97360229492188
2011-03-14,198.51927185058594
2011-03-15,195.82125854492188
2011-03-16,195.7405548095703
2011-03-17,195.53883361816406
2011-03-18,192.6526336669922
2011-03-21,193.11428833007812
2011-03-22,192.85877990722656
2011-03-23,193.98818969726562
2011-03-24,196.55174255371094
2011-03-25,203.02793884277344
2011-03-28,205.8693389892578
2011-03-29,206.62225341796875
2011-03-30,209.8804931640625
2011-03-31,210.27040100097656
2011-04-01,209.1858367919922
2011-04-04,215.19589233398438
2011-04-05,214.7431640625
2011-04-06,212.9684295654297
2011-04-07,211.06817626953125
2011-04-08,210.8574981689453
2011-04-11,205.80657958984375
2011-04-13,212.34100341796875
2011-04-15,211.8166046142578
2011-04-18,207.21835327148438
2011-04-19,210.41830444335938
2011-04-20,212.6099090576172
2011-04-21,216.0787811279297
2011-04-25,214.31744384765625
2011-04-26,211.52528381347656
2011-04-27,210.9337158203125
2011-04-28,209.5443572998047
2011-04-29,205.76173400878906
2011-05-02,205.2777099609375
2011-05-03,200.39263916015625
2011-05-04,202.7052001953125
2011-05-05,199.03016662597656
2011-05-06,205.91415405273438
2011-05-09,204.26486206054688
2011-05-10,201.35621643066406
2011-05-11,202.66937255859375
2011-05-12,200.8004608154297
2011-05-13,201.7729949951172
2011-05-16,201.95225524902344
2011-05-17,201.89852905273438
2011-05-18,203.2340545654297
2011-05-19,203.8122100830078
2011-05-20,207.5679168701172
2011-05-23,202.99652099609375
2011-05-24,202.15396118164062
2011-05-25,202.1046600341797
2011-05-26,202.9517059326172
2011-05-27,206.48782348632812
2011-05-30,206.84185791015625
2011-05-31,215.08383178710938
2011-06-01,214.96282958984375
2011-06-02,213.03134155273438
2011-06-03,212.71092224121094
2011-06-06,214.92218017578125
2011-06-07,214.4934539794922
2011-06-08,212.57553100585938
2011-06-09,213.25694274902344
2011-06-10,213.22535705566406
2011-06-13,214.14144897460938
2011-06-14,215.0350341796875
2011-06-15,214.1595458984375
2011-06-16,211.4699249267578
2011-06-17,212.0384979248047
2011-06-20,207.49864196777344
2011-06-21,209.8949432373047
2011-06-22,209.6376953125
2011-06-23,210.63504028320312
2011-06-24,215.09365844726562
2011-06-27,218.07215881347656
2011-06-28,218.6948699951172
2011-06-29,224.65631103515625
2011-06-30,227.04356384277344
2011-07-01,225.75291442871094
2011-07-04,228.54632568359375
2011-07-05,229.3541259765625
2011-07-06,229.72869873046875
2011-07-07,231.5789031982422
2011-07-08,230.97874450683594
2011-07-11,227.8378448486328
2011-07-12,223.81239318847656
2011-07-13,227.41812133789062
2011-07-14,228.32521057128906
2011-07-15,229.67904663085938
2011-07-18,232.4318389892578
2011-07-19,230.5364990234375
2011-07-20,227.03907775878906
2011-07-21,223.97036743164062
2011-07-22,226.33956909179688
2011-07-25,227.9867401123047
2011-07-26,224.8052215576172
2011-07-27,226.56521606445312
2011-07-28,219.90884399414062
2011-07-29,219.68319702148438
2011-08-01,220.2247314453125
2011-08-02,217.900634765625
2011-08-03,217.5395965576172
2011-08-04,215.01246643066406
2011-08-05,213.4781036376953
2011-08-08,208.5365753173828
2011-08-09,209.5970916748047
2011-08-10,216.56935119628906
2011-08-11,216.59193420410156
2011-08-12,211.22169494628906
2011-08-16,205.9868621826172
2011-08-17,210.9735107421875
2011-08-18,208.67193603515625
2011-08-19,207.9724884033203
2011-08-22,204.45249938964844
2011-08-23,207.31808471679688
2011-08-24,205.78378295898438
2011-08-25,200.21046447753906
2011-08-26,198.0894317626953
2011-08-29,205.9868621826172
2011-08-30,212.98167419433594
2011-09-02,213.36526489257812
2011-09-05,212.21450805664062
2011-09-06,213.36526489257812
2011-09-07,220.26986694335938
2011-09-08,218.28424072265625
2011-09-09,213.56834411621094
2011-09-12,211.808349609375
2011-09-13,211.06375122070312
2011-09-14,216.1180877685547
2011-09-15,218.7129364013672
2011-09-16,218.28424072265625
2011-09-19,218.758056640625
2011-09-20,221.73654174804688
2011-09-21,223.15805053710938
2011-09-22,213.1396484375
2011-09-23,205.9642791748047
2011-09-26,203.12124633789062
2011-09-27,206.43812561035156
2011-09-28,206.6863250732422
2011-09-29,212.3724822998047
2011-09-30,211.0412139892578
2011-10-03,205.8063201904297
2011-10-04,202.57968139648438
2011-10-05,197.97662353515625
2011-10-07,203.07608032226562
2011-10-10,205.1970977783203
2011-10-11,206.46072387695312
2011-10-12,210.81553649902344
2011-10-13,212.39503479003906
2011-10-14,213.86167907714844
2011-10-17,215.7344970703125
2011-10-18,215.77964782714844
2011-10-19,221.96217346191406
2011-10-20,220.92420959472656
2011-10-21,219.77345275878906
2011-10-24,218.5775604248047
2011-10-25,211.1991424560547
2011-10-28,217.8103790283203
2011-10-31,221.12733459472656
2011-11-01,217.6524658203125
2011-11-02,218.0134735107422
2011-11-03,217.44935607910156
2011-11-04,217.9683074951172
2011-11-08,218.5324249267578
2011-11-09,215.37347412109375
2011-11-11,209.41656494140625
2011-11-14,212.73348999023438
2011-11-15,213.11709594726562
2011-11-16,210.16114807128906
2011-11-17,207.2955780029297
2011-11-18,206.8217010498047
2011-11-21,200.66172790527344
2011-11-22,200.39096069335938
2011-11-23,192.29049682617188
2011-11-24,193.8925323486328
2011-11-25,194.45663452148438
2011-11-28,198.9468994140625
2011-11-29,196.3971405029297
2011-11-30,199.69149780273438
2011-12-01,204.65554809570312
2011-12-02,210.2965545654297
2011-12-05,208.64939880371094
2011-12-07,210.79298400878906
2011-12-08,204.76840209960938
2011-12-09,200.2555694580078
2011-12-12,194.9755859375
2011-12-13,197.8412322998047
2011-12-14,196.0135498046875
2011-12-15,194.6597137451172
2011-12-16,187.41665649414062
2011-12-19,183.21974182128906
2011-12-20,186.9202423095703
2011-12-21,196.50997924804688
2011-12-22,199.84942626953125
2011-12-23,197.45761108398438
2011-12-26,200.2330322265625
2011-12-27,198.4279022216797
2011-12-28,198.47303771972656
2011-12-29,193.86996459960938
2011-12-30,192.6289520263672
2012-01-02,192.6289520263672
2012-01-03,198.17970275878906
2012-01-04,200.05252075195312
2012-01-05,200.21046447753906
2012-01-06,204.56532287597656
2012-01-09,205.6483917236328
2012-01-10,207.45350646972656
2012-01-11,208.7847900390625
2012-01-12,210.5898895263672
2012-01-13,211.9211883544922
2012-01-16,207.8145294189453
2012-01-17,211.37962341308594
2012-01-18,217.47193908691406
2012-01-19,219.68319702148438
2012-01-20,221.37548828125
2012-01-23,218.41961669921875
2012-01-24,220.5857696533203
2012-01-25,221.21754455566406
2012-01-27,218.50987243652344
2012-01-30,216.18576049804688
2012-01-31,222.0749969482422
2012-02-01,224.3539276123047
2012-02-02,224.6923828125
2012-02-03,228.4606170654297
2012-02-06,229.11495971679688
2012-02-07,229.83702087402344
2012-02-08,229.4534149169922
2012-02-09,235.8164520263672
2012-02-10,233.5375213623047
2012-02-13,235.5457000732422
2012-02-14,233.71800231933594
2012-02-15,240.55487060546875
2012-02-16,237.5764617919922
2012-02-17,238.41134643554688
2012-02-21,240.10362243652344
2012-02-22,239.83287048339844
2012-02-23,240.6000518798828
2012-02-24,236.76417541503906
2012-02-27,232.68006896972656
2012-02-28,239.4041748046875
2012-02-29,233.3569793701172
2012-03-01,231.95802307128906
2012-03-02,234.10162353515625
2012-03-05,230.58160400390625
2012-03-06,228.97955322265625
2012-03-07,232.70265197753906
2012-03-09,236.10980224609375
2012-03-12,234.19187927246094
2012-03-13,236.65133666992188
2012-03-14,238.36624145507812
2012-03-15,230.51390075683594
2012-03-16,229.18264770507812
2012-03-19,225.12112426757812
2012-03-20,228.07701110839844
2012-03-21,232.70265197753906
2012-03-22,227.55807495117188
2012-03-23,231.93545532226562
2012-03-26,230.8975372314453
2012-03-27,234.14674377441406
2012-03-28,231.70980834960938
2012-03-29,230.1980438232422
2012-03-30,234.59799194335938
2012-04-02,238.4338836669922
2012-04-03,239.26873779296875
2012-04-04,237.62161254882812
2012-04-09,235.4554443359375
2012-04-10,236.85438537597656
2012-04-11,237.5764617919922
2012-04-12,239.3590087890625
2012-04-13,238.88516235351562
2012-04-16,239.065673828125
2012-04-17,239.29132080078125
2012-04-18,242.6307830810547
2012-04-19,250.03179931640625
2012-04-20,248.70054626464844
2012-04-23,246.10562133789062
2012-04-24,244.52610778808594
2012-04-25,246.6923370361328
2012-04-26,243.91696166992188
2012-04-27,244.21023559570312
2012-04-30,244.81948852539062
2012-05-02,248.15899658203125
2012-05-03,250.03179931640625
2012-05-04,242.5631103515625
2012-05-07,240.19387817382812
2012-05-08,232.56723022460938
2012-05-09,231.3488311767578
2012-05-10,233.5375213623047
2012-05-11,230.40110778808594
2012-05-14,225.88827514648438
2012-05-15,225.2339324951172
2012-05-16,223.47398376464844
2012-05-17,224.6472625732422
2012-05-18,225.88827514648438
2012-05-21,224.48934936523438
2012-05-22,220.78883361816406
2012-05-23,219.86373901367188
2012-05-24,225.5047149658203
2012-05-25,225.6400909423828
2012-05-28,229.5887908935547
2012-05-29,227.87393188476562
2012-05-30,225.9334259033203
2012-05-31,228.43804931640625
2012-06-01,221.3078155517578
2012-06-04,223.67703247070312
2012-06-05,226.31704711914062
2012-06-06,234.6205596923828
2012-06-07,242.69851684570312
2012-06-08,243.28515625
2012-06-11,244.57131958007812
2012-06-12,248.02357482910156
2012-06-13,244.48104858398438
2012-06-14,241.1641387939453
2012-06-15,247.09848022460938
2012-06-18,241.41236877441406
2012-06-19,242.08929443359375
2012-06-20,241.07391357421875
2012-06-21,245.00003051757812
2012-06-22,245.65438842773438
2012-06-25,242.20208740234375
2012-06-26,245.24822998046875
2012-06-27,247.75286865234375
2012-06-28,249.48123168945312
2012-06-29,256.32659912109375
2012-07-02,261.0570373535156
2012-07-03,261.92120361328125
2012-07-04,262.8990478515625
2012-07-05,265.673583984375
2012-07-06,264.4910583496094
2012-07-09,262.96728515625
2012-07-10,267.7431335449219
2012-07-11,266.99267578125
2012-07-12,263.8542785644531
2012-07-13,267.0154113769531
2012-07-16,265.0141296386719
2012-07-17,265.2869567871094
2012-07-18,266.99267578125
2012-07-19,268.08428955078125
2012-07-20,264.9913635253906
2012-07-23,260.6248779296875
2012-07-24,261.10247802734375
2012-07-25,262.0120849609375
2012-07-26,257.3499755859375
2012-07-27,265.9010314941406
2012-07-30,267.1063537597656
2012-07-31,267.3338317871094
2012-08-01,266.7652282714844
2012-08-02,264.94586181640625
2012-08-03,267.5384216308594
2012-08-06,273.0193176269531
2012-08-07,272.9510803222656
2012-08-08,272.4052734375
2012-08-09,275.0206604003906
2012-08-10,273.88360595703125
2012-08-13,276.294189453125
2012-08-14,276.61260986328125
2012-08-16,272.9283142089844
2012-08-17,270.6768798828125
2012-08-21,271.26824951171875
2012-08-22,271.49566650390625
2012-08-23,271.8595275878906
2012-08-24,271.2226867675781
2012-08-27,270.335693359375
2012-08-28,268.0615234375
2012-08-29,267.6976318359375
2012-08-30,271.04083251953125
2012-08-31,270.79058837890625
2012-09-03,268.5619201660156
2012-09-04,268.4027404785156
2012-09-05,269.3123474121094
2012-09-06,267.5157470703125
2012-09-07,268.53912353515625
2012-09-10,268.8802490234375
2012-09-11,270.3585205078125
2012-09-12,272.541748046875
2012-09-13,272.541748046875
2012-09-14,278.7048645019531
2012-09-17,276.6807861328125
2012-09-18,275.3845520019531
2012-09-20,276.0440673828125
2012-09-21,284.34490966796875
2012-09-24,288.8251647949219
2012-09-25,289.6893310546875
2012-09-26,286.8920593261719
2012-09-27,286.914794921875
2012-09-28,286.1642150878906
2012-10-01,283.29876708984375
2012-10-03,281.7523193359375
2012-10-04,287.1421813964844
2012-10-05,283.0941467285156
2012-10-08,282.3209228515625
2012-10-09,284.6178894042969
2012-10-10,281.0700378417969
2012-10-11,284.2084655761719
2012-10-12,287.073974609375
2012-10-15,288.43853759765625
2012-10-16,286.73284912109375
2012-10-17,285.6866760253906
2012-10-18,289.37091064453125
2012-10-19,285.86865234375
2012-10-22,290.64447021484375
2012-10-23,288.41571044921875
2012-10-25,289.89404296875
2012-10-29,291.37225341796875
2012-10-30,288.2110900878906
2012-10-31,288.4612121582031
2012-11-01,285.9140930175781
2012-11-02,286.68731689453125
2012-11-05,288.8251647949219
2012-11-06,290.8946533203125
2012-11-07,291.1221008300781
2012-11-08,290.64447021484375
2012-11-09,290.80364990234375
2012-11-12,296.23907470703125
2012-11-15,293.9421081542969
2012-11-16,292.12274169921875
2012-11-19,294.16949462890625
2012-11-20,297.39892578125
2012-11-21,301.87908935546875
2012-11-22,304.33526611328125
2012-11-23,304.63092041015625
2012-11-26,301.0603942871094
2012-11-27,309.52044677734375
2012-11-29,318.3216247558594
2012-11-30,320.18646240234375
2012-12-03,312.45416259765625
2012-12-04,311.6355285644531
2012-12-05,315.02410888671875
2012-12-06,316.0019836425781
2012-12-07,315.2514343261719
2012-12-10,315.2060852050781
2012-12-11,314.22808837890625
2012-12-12,315.59259033203125
2012-12-13,314.3190612792969
2012-12-14,313.2728576660156
2012-12-17,307.7010803222656
2012-12-18,307.450927734375
2012-12-19,312.93182373046875
2012-12-20,310.83953857421875
2012-12-21,307.4737548828125
2012-12-24,307.5191345214844
2012-12-26,309.42950439453125
2012-12-27,309.3385009765625
2012-12-28,308.22418212890625
2012-12-31,308.6562805175781
2013-01-01,311.3398742675781
2013-01-02,312.6361389160156
2013-01-03,310.8167419433594
2013-01-04,308.9974060058594
2013-01-07,303.9259033203125
2013-01-08,304.85833740234375
2013-01-09,303.6074523925781
2013-01-10,307.3826904296875
2013-01-11,304.4261779785156
2013-01-14,304.4261779785156
2013-01-15,303.971435546875
2013-01-16,300.42364501953125
2013-01-17,303.2891540527344
2013-01-18,301.49249267578125
2013-01-21,299.53662109375
2013-01-22,297.3534240722656
2013-01-23,298.6496887207031
2013-01-24,300.3326721191406
2013-01-25,302.4931640625
2013-01-28,304.9037780761719
2013-01-29,296.7621154785156
2013-01-30,298.6725158691406
2013-01-31,292.4866027832031
2013-02-01,291.16754150390625
2013-02-04,294.23773193359375
2013-02-05,292.98699951171875
2013-02-06,290.8719482421875
2013-02-07,291.7815856933594
2013-02-08,295.6705017089844
2013-02-11,298.8089599609375
2013-02-12,302.5613708496094
2013-02-13,302.1065673828125
2013-02-14,306.9278259277344
2013-02-15,307.8148193359375
2013-02-18,307.4737548828125
2013-02-19,306.9278259277344
2013-02-20,307.90576171875
2013-02-21,303.0389404296875
2013-02-22,299.8777770996094
2013-02-25,298.58148193359375
2013-02-26,296.2163391113281
2013-02-27,292.35015869140625
2013-02-28,284.43585205078125
2013-03-01,283.1395568847656
2013-03-04,285.4820251464844
2013-03-05,287.89276123046875
2013-03-06,286.7783508300781
2013-03-07,291.9180603027344
2013-03-08,298.9681091308594
2013-03-11,298.0357360839844
2013-03-12,292.9187316894531
2013-03-13,288.7796325683594
2013-03-14,295.306640625
2013-03-15,290.8264465332031
2013-03-18,292.6003112792969
2013-03-19,287.2559509277344
2013-03-20,284.504150390625
2013-03-21,276.0895080566406
2013-03-22,275.2935485839844
2013-03-25,277.1811828613281
2013-03-26,279.5008239746094
2013-03-28,284.43585205078125
2013-04-01,283.7535705566406
2013-04-02,286.5054016113281
2013-04-03,283.66265869140625
2013-04-04,280.25140380859375
2013-04-05,282.4345703125
2013-04-08,284.02655029296875
2013-04-09,282.275390625
2013-04-10,287.46063232421875
2013-04-11,290.7581787109375
2013-04-12,292.7822570800781
2013-04-15,291.80438232421875
2013-04-16,301.71990966796875
2013-04-17,300.2416076660156
2013-04-18,306.382080078125
2013-04-22,317.6167297363281
2013-04-23,313.3865966796875
2013-04-25,313.6368103027344
2013-04-26,313.4320983886719
2013-04-29,316.1839599609375
2013-04-30,310.3392028808594
2013-05-02,314.9786071777344
2013-05-03,309.72515869140625
2013-05-06,307.2462158203125
2013-05-07,312.95452880859375
2013-05-08,317.0936279296875
2013-05-09,313.8642272949219
2013-05-10,319.91363525390625
2013-05-13,315.09228515625
2013-05-14,313.4093933105469
2013-05-15,325.14434814453125
2013-05-16,328.7602844238281
2013-05-17,326.9864196777344
2013-05-20,324.9850769042969
2013-05-21,321.93768310546875
2013-05-22,319.9590759277344
2013-05-23,317.7531433105469
2013-05-24,319.0038757324219
2013-05-27,325.2352600097656
2013-05-28,324.43927001953125
2013-05-29,325.6446228027344
2013-05-30,329.8291931152344
2013-05-31,318.6172790527344
2013-06-03,313.454833984375
2013-06-04,310.6802673339844
2013-06-05,312.9090270996094
2013-06-06,310.2936706542969
2013-06-07,307.5419006347656
2013-06-10,307.6329040527344
2013-06-11,302.4249572753906
2013-06-12,301.9928283691406
2013-06-13,300.4563293457031
2013-06-14,305.01983642578125
2013-06-17,306.0747375488281
2013-06-18,301.5341491699219
2013-06-19,305.08868408203125
2013-06-20,291.9714660644531
2013-06-21,291.3522644042969
2013-06-24,286.811767578125
2013-06-25,290.779052734375
2013-06-26,285.6651916503906
2013-06-27,296.5120544433594
2013-06-28,307.06085205078125
2013-07-01,306.71685791015625
2013-07-02,301.1213684082031
2013-07-03,298.4154052734375
2013-07-04,300.4793395996094
2013-07-05,306.2581787109375
2013-07-08,302.91009521484375
2013-07-09,307.4277038574219
2013-07-10,302.3826599121094
2013-07-11,313.36712646484375
2013-07-12,319.10015869140625
2013-07-15,318.9625549316406
2013-07-16,311.2802734375
2013-07-17,304.03375244140625
2013-07-18,313.7569885253906
2013-07-19,311.8765563964844
2013-07-22,312.8167724609375
2013-07-23,313.5277099609375
2013-07-24,302.6807556152344
2013-07-25,299.8830261230469
2013-07-26,295.4112854003906
2013-07-29,290.09100341796875
2013-07-30,286.811767578125
2013-07-31,279.65692138671875
2013-08-01,289.9534606933594
2013-08-02,289.5177307128906
2013-08-05,290.1827697753906
2013-08-06,279.1524353027344
2013-08-07,275.7355651855469
2013-08-08,280.0009460449219
2013-08-12,276.1941833496094
2013-08-13,284.58734130859375
2013-08-14,284.9771423339844
2013-08-16,269.6356201171875
2013-08-19,268.16796875
2013-08-20,268.1908874511719
2013-08-21,272.13525390625
2013-08-22,270.0025634765625
2013-08-23,278.6479187011719
2013-08-26,280.36785888671875
2013-08-27,257.7109680175781
2013-08-28,257.7339172363281
2013-08-29,262.3661193847656
2013-08-30,272.4333190917969
2013-09-02,270.36944580078125
2013-09-03,258.009033203125
2013-09-04,258.6969909667969
2013-09-05,279.54229736328125
2013-09-06,282.615234375
2013-09-10,292.6135559082031
2013-09-11,296.85601806640625
2013-09-12,290.7560729980469
2013-09-13,288.5775146484375
2013-09-16,294.8150329589844
2013-09-17,294.5627746582031
2013-09-18,298.3465881347656
2013-09-19,313.34423828125
2013-09-20,302.2679443359375
2013-09-23,294.42523193359375
2013-09-24,292.8199462890625
2013-09-25,284.6332092285156
2013-09-26,284.8854675292969
2013-09-27,279.26715087890625
2013-09-30,271.99755859375
2013-10-01,280.52838134765625
2013-10-03,291.7879943847656
2013-10-04,293.7372741699219
2013-10-07,290.9165954589844
2013-10-08,290.1598815917969
2013-10-09,297.7274475097656
2013-10-10,294.012451171875
2013-10-11,303.2999572753906
2013-10-14,306.14349365234375
2013-10-15,299.240966796875
2013-10-17,300.0436096191406
2013-10-18,310.3171691894531
2013-10-21,307.8634338378906
2013-10-22,306.8315124511719
2013-10-23,302.7954406738281
2013-10-24,306.9690856933594
2013-10-25,308.45965576171875
2013-10-28,306.3270568847656
2013-10-29,314.857666015625
2013-10-30,311.5783996582031
2013-10-31,312.24346923828125
2013-11-01,313.6193542480469
2013-11-05,310.15667724609375
2013-11-06,306.78564453125
2013-11-07,305.1803894042969
2013-11-08,299.26385498046875
2013-11-11,300.0665588378906
2013-11-12,296.259765625
2013-11-13,290.64141845703125
2013-11-14,294.5398864746094
2013-11-18,306.73974609375
2013-11-19,302.7266540527344
2013-11-20,297.9108581542969
2013-11-21,292.45306396484375
2013-11-22,294.5169677734375
2013-11-25,302.58905029296875
2013-11-26,299.4702453613281
2013-11-27,299.7454833984375
2013-11-28,299.6766662597656
2013-11-29,303.2999572753906
2013-12-02,303.2999572753906
2013-12-03,300.7544860839844
2013-12-04,301.6029357910156
2013-12-05,315.591552734375
2013-12-06,313.11492919921875
2013-12-09,319.512939453125
2013-12-10,319.535888671875
2013-12-11,319.0084533691406
2013-12-12,318.847900390625
2013-12-13,316.4400329589844
2013-12-16,313.87164306640625
2013-12-17,301.6029357910156
2013-12-18,305.5701599121094
2013-12-19,299.28680419921875
2013-12-20,304.8134460449219
2013-12-23,304.74468994140625
2013-12-24,301.46533203125
2013-12-26,306.8544006347656
2013-12-27,307.1296081542969
2013-12-30,307.06085205078125
2013-12-31,305.3867492675781
2014-01-01,305.06573486328125
2014-01-02,301.3277893066406
2014-01-03,304.12548828125
2014-01-06,303.4833984375
2014-01-07,304.7217102050781
2014-01-08,304.8593444824219
2014-01-09,304.05670166015625
2014-01-10,303.6438903808594
2014-01-13,308.5972595214844
2014-01-14,308.344970703125
2014-01-15,312.1287841796875
2014-01-16,308.68896484375
2014-01-17,304.99688720703125
2014-01-20,307.3130187988281
2014-01-21,310.0878601074219
2014-01-22,310.54644775390625
2014-01-23,311.6472473144531
2014-01-24,308.84954833984375
2014-01-27,297.7503356933594
2014-01-28,295.57183837890625
2014-01-29,296.0304870605469
2014-01-30,289.77001953125
2014-01-31,288.2564392089844
2014-02-03,287.3392028808594
2014-02-04,289.21966552734375
2014-02-05,292.3613586425781
2014-02-06,296.7413330078125
2014-02-07,297.0853271484375
2014-02-10,295.319580078125
2014-02-11,295.7323303222656
2014-02-12,296.0304870605469
2014-02-13,290.09100341796875
2014-02-14,294.3564147949219
2014-02-17,298.3007507324219
2014-02-18,302.88714599609375
2014-02-19,307.3130187988281
2014-02-20,303.9649353027344
2014-02-21,304.7217102050781
2014-02-24,307.7487487792969
2014-02-25,307.7946472167969
2014-02-26,310.68402099609375
2014-02-28,307.1066589355469
2014-03-03,305.5472717285156
2014-03-04,308.06982421875
2014-03-05,307.1754455566406
2014-03-06,309.8584899902344
2014-03-07,326.3009033203125
2014-03-10,336.8495788574219
2014-03-11,332.584228515625
2014-03-12,332.76763916015625
2014-03-13,340.472900390625
2014-03-14,335.79473876953125
2014-03-18,336.6432189941406
2014-03-19,338.6841735839844
2014-03-20,334.9004211425781
2014-03-21,336.57440185546875
2014-03-24,344.27960205078125
2014-03-25,344.0502624511719
2014-03-26,342.1698303222656
2014-03-27,342.4908752441406
2014-03-28,341.66534423828125
2014-03-31,343.43109130859375
2014-04-01,338.5236511230469
2014-04-02,335.6800537109375
2014-04-03,334.25823974609375
2014-04-04,332.7218322753906
2014-04-07,332.67596435546875
2014-04-09,340.2435607910156
2014-04-10,339.119873046875
2014-04-11,338.54656982421875
2014-04-15,332.03387451171875
2014-04-16,332.951171875
2014-04-17,329.6259460449219
2014-04-21,328.593994140625
2014-04-22,333.6849670410156
2014-04-23,336.1845397949219
2014-04-24,336.1845397949219
2014-04-25,333.15753173828125
2014-04-28,332.6072082519531
2014-04-29,328.2959289550781
2014-04-30,330.8184814453125
2014-05-02,328.89215087890625
2014-05-05,328.70867919921875
2014-05-06,330.31396484375
2014-05-07,328.20416259765625
2014-05-08,329.4425048828125
2014-05-09,347.10028076171875
2014-05-12,363.31329345703125
2014-05-13,361.4787292480469
2014-05-14,355.6539306640625
2014-05-15,361.5703430175781
2014-05-16,369.0692443847656
2014-05-19,372.3714599609375
2014-05-20,374.2747802734375
2014-05-21,371.2706604003906
2014-05-22,368.10601806640625
2014-05-23,362.16668701171875
2014-05-26,365.6065368652344
2014-05-27,369.1609191894531
2014-05-28,377.668701171875
2014-05-29,371.6146545410156
2014-05-30,363.5884704589844
2014-06-02,375.81121826171875
2014-06-03,378.0814514160156
2014-06-04,374.5729064941406
2014-06-05,372.5378112792969
2014-06-06,377.07049560546875
2014-06-09,379.0130920410156
2014-06-10,377.7180480957031
2014-06-11,379.4987487792969
2014-06-12,388.4485778808594
2014-06-13,386.3903503417969
2014-06-16,388.0553894042969
2014-06-17,391.5473937988281
2014-06-18,386.13592529296875
2014-06-19,381.927001953125
2014-06-20,380.16937255859375
2014-06-23,379.9381408691406
2014-06-24,383.4302062988281
2014-06-25,381.1637878417969
2014-06-26,375.75244140625
2014-06-27,377.5098876953125
2014-06-30,379.9844055175781
2014-07-01,380.7937927246094
2014-07-02,388.4717102050781
2014-07-03,387.0378723144531
2014-07-04,396.2189025878906
2014-07-07,388.7260437011719
2014-07-08,383.54583740234375
2014-07-09,384.0314636230469
2014-07-10,380.8169250488281
2014-07-11,375.47479248046875
2014-07-14,378.08807373046875
2014-07-15,382.41259765625
2014-07-16,386.5522155761719
2014-07-17,384.7252502441406
2014-07-18,385.02587890625
2014-07-21,382.71331787109375
2014-07-22,388.4485778808594
2014-07-23,386.80657958984375
2014-07-24,389.55859375
2014-07-25,386.43658447265625
2014-07-28,383.6845703125
2014-07-30,387.96295166015625
2014-07-31,385.7427673339844
2014-08-01,377.16302490234375
2014-08-04,376.0298156738281
2014-08-05,379.3600158691406
2014-08-06,374.64227294921875
2014-08-07,375.3360595703125
2014-08-08,368.23638916015625
2014-08-11,366.75628662109375
2014-08-12,373.3471984863281
2014-08-13,375.75244140625
2014-08-14,382.3664245605469
2014-08-18,384.9796142578125
2014-08-19,381.04815673828125
2014-08-20,379.5218811035156
2014-08-21,385.04901123046875
2014-08-22,391.6399230957031
2014-08-25,390.1136169433594
2014-08-26,389.6741638183594
2014-08-27,386.9453125
2014-08-28,390.1598205566406
2014-09-01,389.0729675292969
2014-09-02,397.3983154296875
2014-09-03,396.2189025878906
2014-09-04,393.9988098144531
2014-09-05,392.4262390136719
2014-09-08,399.9653625488281
2014-09-09,400.35845947265625
2014-09-10,396.51947021484375
2014-09-11,395.15509033203125
2014-09-12,395.77947998046875
2014-09-15,397.93023681640625
2014-09-16,393.6056823730469
2014-09-17,391.4780578613281
2014-09-18,396.91265869140625
2014-09-19,397.8839416503906
2014-09-22,396.31134033203125
2014-09-23,392.6112060546875
2014-09-24,395.66387939453125
2014-09-25,393.1200256347656
2014-09-26,403.15673828125
2014-09-29,400.1271667480469
2014-09-30,403.61920166015625
2014-10-01,401.46844482421875
2014-10-07,398.90155029296875
2014-10-08,401.2834777832031
2014-10-09,410.5339050292969
2014-10-10,401.14471435546875
2014-10-13,405.5387268066406
2014-10-14,401.6304016113281
2014-10-15,401.6304016113281
2014-10-16,397.2364196777344
2014-10-17,409.4469909667969
2014-10-20,413.401611328125
2014-10-21,414.2109375
2014-10-22,413.33221435546875
2014-10-27,414.99725341796875
2014-10-28,414.0953369140625
2014-10-29,412.3608703613281
2014-10-30,414.7197570800781
2014-10-31,421.7501220703125
2014-11-03,421.2181701660156
2014-11-05,422.189453125
2014-11-07,416.0148010253906
2014-11-10,418.4198913574219
2014-11-11,419.92315673828125
2014-11-12,421.70379638671875
2014-11-13,423.6464538574219
2014-11-14,430.1910705566406
2014-11-17,425.0339660644531
2014-11-18,431.1624450683594
2014-11-19,428.5491027832031
2014-11-20,424.6871032714844
2014-11-21,431.4629821777344
2014-11-24,437.1751708984375
2014-11-25,441.03717041015625
2014-11-26,439.9964904785156
2014-11-27,438.5396423339844
2014-11-28,442.70233154296875
2014-12-01,439.395263671875
2014-12-02,436.2963562011719
2014-12-03,431.5787048339844
2014-12-04,435.4175720214844
2014-12-05,436.0419921875
2014-12-08,428.8266906738281
2014-12-09,428.6416320800781
2014-12-10,430.7923889160156
2014-12-11,431.80987548828125
2014-12-12,430.838623046875
2014-12-15,435.4638366699219
2014-12-16,428.1791076660156
2014-12-17,426.37530517578125
2014-12-18,432.0180358886719
2014-12-19,435.44073486328125
2014-12-22,445.7318115234375
2014-12-23,443.9048156738281
2014-12-24,437.19830322265625
2014-12-26,438.7709045410156
2014-12-29,440.18157958984375
2014-12-30,442.3785400390625
2014-12-31,440.1352844238281
2015-01-01,440.3434143066406
2015-01-02,446.47186279296875
2015-01-05,442.70233154296875
2015-01-06,435.8107604980469
2015-01-07,437.0826416015625
2015-01-08,446.26373291015625
2015-01-09,451.25897216796875
2015-01-12,447.28125
2015-01-13,445.5698547363281
2015-01-14,445.8243103027344
2015-01-15,459.3530578613281
2015-01-16,463.1457214355469
2015-01-19,464.6257629394531
2015-01-20,472.2111511230469
2015-01-21,471.7486572265625
2015-01-22,472.349853515625
2015-01-23,482.3172912597656
2015-01-27,496.7710876464844
2015-01-28,489.5094909667969
2015-01-29,506.46087646484375
2015-01-30,498.2972717285156
2015-02-02,500.26312255859375
2015-02-03,492.1689147949219
2015-02-04,493.833984375
2015-02-05,497.90423583984375
2015-02-06,487.2662048339844
2015-02-09,481.0683898925781
2015-02-10,487.70556640625
2015-02-11,489.5325622558594
2015-02-12,497.6729431152344
2015-02-13,492.9552307128906
2015-02-16,493.7646484375
2015-02-18,497.1179504394531
2015-02-19,499.43048095703125
2015-02-20,496.3085021972656
2015-02-23,493.7414855957031
2015-02-24,493.8109436035156
2015-02-25,486.7805480957031
2015-02-26,480.16656494140625
2015-02-27,487.4975280761719
2015-03-02,500.7025146484375
2015-03-03,501.0724182128906
2015-03-04,492.72393798828125
2015-03-05,501.8819274902344
2015-03-09,489.8101501464844
2015-03-10,486.8268127441406
2015-03-11,488.6306457519531
2015-03-12,487.77496337890625
2015-03-13,482.2478332519531
2015-03-16,486.36431884765625
2015-03-17,489.3707275390625
2015-03-18,491.9146728515625
2015-03-19,486.6649475097656
2015-03-20,488.37628173828125
2015-03-23,484.6067199707031
2015-03-24,480.07391357421875
2015-03-25,478.3627014160156
2015-03-26,465.7358703613281
2015-03-27,469.29730224609375
2015-03-30,479.5884094238281
2015-03-31,473.0205383300781
2015-04-01,477.90020751953125
2015-04-06,477.298828125
2015-04-07,477.6688537597656
2015-04-08,478.9639892578125
2015-04-09,488.46875
2015-04-10,482.2478332519531
2015-04-13,480.4671325683594
2015-04-15,477.16015625
2015-04-16,476.2350769042969
2015-04-17,470.9622802734375
2015-04-20,464.88018798828125
2015-04-21,463.9089050292969
2015-04-22,468.5803527832031
2015-04-23,468.7653503417969
2015-04-24,465.50457763671875
2015-04-27,465.0420227050781
2015-04-28,464.6257629394531
2015-04-29,459.3530578613281
2015-04-30,457.3410339355469
2015-05-04,462.960693359375
2015-05-05,456.8092041015625
2015-05-06,448.92315673828125
2015-05-07,439.9964904785156
2015-05-08,454.1959533691406
2015-05-11,458.0348205566406
2015-05-12,449.5476379394531
2015-05-13,458.0117492675781
2015-05-14,458.38177490234375
2015-05-15,457.9424133300781
2015-05-18,467.0771789550781
2015-05-19,466.0133361816406
2015-05-20,473.6449890136719
2015-05-21,473.9455261230469
2015-05-22,473.7605895996094
2015-05-25,473.4137268066406
2015-05-26,475.1944580078125
2015-05-27,480.16656494140625
2015-05-28,476.1194763183594
2015-05-29,485.90179443359375
2015-06-01,479.26458740234375
2015-06-02,466.591552734375
2015-06-03,465.08831787109375
2015-06-04,469.4360656738281
2015-06-05,467.95599365234375
2015-06-08,464.11700439453125
2015-06-09,463.376953125
2015-06-10,469.7366638183594
2015-06-11,462.61383056640625
2015-06-12,466.75335693359375
2015-06-15,464.9264221191406
2015-06-16,466.406494140625
2015-06-17,464.6951904296875
2015-06-18,471.5867614746094
2015-06-19,476.6282653808594
2015-06-22,484.32916259765625
2015-06-23,486.61871337890625
2015-06-24,483.7048645019531
2015-06-25,492.58526611328125
2015-06-26,491.5908203125
2015-06-29,488.7232360839844
2015-06-30,493.57965087890625
2015-07-01,495.9847717285156
2015-07-02,493.11883544921875
2015-07-03,500.5981750488281
2015-07-06,504.9085998535156
2015-07-07,506.4696960449219
2015-07-08,498.0816650390625
2015-07-09,500.5049133300781
2015-07-10,508.2870788574219
2015-07-13,510.803466796875
2015-07-14,508.7997131347656
2015-07-15,511.0597839355469
2015-07-16,519.4476318359375
2015-07-17,517.513916015625
2015-07-20,519.7040405273438
2015-07-21,511.68896484375
2015-07-22,519.307861328125
2015-07-23,516.2789306640625
2015-07-24,516.2557373046875
2015-07-27,510.6636657714844
2015-07-28,516.5584716796875
2015-07-29,516.4886474609375
2015-07-30,517.513916015625
2015-07-31,518.0264892578125
2015-08-03,510.45391845703125
2015-08-04,506.2832946777344
2015-08-05,508.9627380371094
2015-08-06,510.7102355957031
2015-08-07,509.17242431640625
2015-08-10,510.1043701171875
2015-08-11,510.1278381347656
2015-08-12,498.8273620605469
2015-08-13,502.135986328125
2015-08-14,513.4364013671875
2015-08-17,508.6366882324219
2015-08-18,506.2366943359375
2015-08-19,504.1396179199219
2015-08-20,500.80780029296875
2015-08-21,494.5635070800781
2015-08-24,474.875
2015-08-25,474.595458984375
2015-08-26,472.2887268066406
2015-08-27,476.2962951660156
2015-08-28,479.0223693847656
2015-08-31,478.7894287109375
2015-09-01,466.04437255859375
2015-09-02,463.73773193359375
2015-09-03,470.79754638671875
2015-09-04,464.1570739746094
2015-09-07,458.7514953613281
2015-09-08,467.8850402832031
2015-09-09,473.59356689453125
2015-09-10,471.123779296875
2015-09-11,470.89080810546875
2015-09-14,475.17791748046875
2015-09-15,472.12567138671875
2015-09-16,476.87884521484375
2015-09-18,489.1811218261719
2015-09-21,490.67230224609375
2015-09-22,480.2806091308594
2015-09-23,488.9247741699219
2015-09-24,489.9500732421875
2015-09-28,487.62005615234375
2015-09-29,496.19439697265625
2015-09-30,498.0584411621094
2015-10-01,497.5225830078125
2015-10-05,511.82861328125
2015-10-06,506.0502014160156
2015-10-07,506.88916015625
2015-10-08,504.7222900390625
2015-10-09,506.1435852050781
2015-10-12,503.5340270996094
2015-10-13,501.57672119140625
2015-10-14,505.4911193847656
2015-10-15,505.21148681640625
2015-10-16,512.6209106445312
2015-10-19,511.5723571777344
2015-10-20,510.22100830078125
2015-10-21,510.26763916015625
2015-10-23,516.5584716796875
2015-10-26,513.2965698242188
2015-10-27,517.6770629882812
2015-10-28,517.9564819335938
2015-10-29,514.2518310546875
2015-10-30,512.4111938476562
2015-11-02,504.7222900390625
2015-11-03,505.5610046386719
2015-11-04,504.0698547363281
2015-11-05,503.20770263671875
2015-11-06,503.697021484375
2015-11-09,496.19439697265625
2015-11-10,491.4412536621094
2015-11-13,490.25299072265625
2015-11-16,494.4002380371094
2015-11-17,494.3304443359375
2015-11-18,488.645263671875
2015-11-19,498.10504150390625
2015-11-20,499.01373291015625
2015-11-23,496.7768859863281
2015-11-24,495.9847717285156
2015-11-26,495.7982482910156
2015-11-27,502.9980163574219
2015-11-30,502.2290954589844
2015-12-01,504.6755676269531
2015-12-02,502.25238037109375
2015-12-03,501.7630615234375
2015-12-04,493.4450378417969
2015-12-07,494.86627197265625
2015-12-08,488.9482421875
2015-12-09,488.1093444824219
2015-12-10,494.23724365234375
2015-12-11,487.5967712402344
2015-12-14,491.6510009765625
2015-12-15,493.7012939453125
2015-12-16,497.3594970703125
2015-12-17,503.3941345214844
2015-12-18,500.01556396484375
2015-12-21,501.13409423828125
2015-12-22,496.96331787109375
2015-12-23,500.5281677246094
2015-12-24,500.4816589355469
2015-12-28,501.99615478515625
2015-12-29,502.322265625
2015-12-30,500.6214294433594
2015-12-31,504.279541015625
2016-01-01,507.3551330566406
2016-01-04,498.8505859375
2016-01-05,495.0760803222656
2016-01-06,497.2662353515625
2016-01-07,492.18682861328125
2016-01-08,495.05267333984375
2016-01-11,493.3051452636719
2016-01-12,487.8763122558594
2016-01-13,494.0275573730469
2016-01-14,489.1811218261719
2016-01-15,485.6396179199219
2016-01-18,478.0438232421875
2016-01-19,482.6805419921875
2016-01-20,474.5255432128906
2016-01-21,476.7157287597656
2016-01-22,480.1175537109375
2016-01-25,485.1735534667969
2016-01-27,482.61065673828125
2016-01-28,480.7698669433594
2016-01-29,489.2277526855469
2016-02-01,493.8412170410156
2016-02-02,491.0684814453125
2016-02-03,486.4317932128906
2016-02-04,488.9247741699219
2016-02-05,491.74420166015625
2016-02-08,482.7037353515625
2016-02-09,478.13702392578125
2016-02-10,472.0324401855469
2016-02-11,454.4877014160156
2016-02-12,452.6702880859375
2016-02-15,453.6954345703125
2016-02-16,453.6255798339844
2016-02-17,454.30126953125
2016-02-18,461.0815124511719
2016-02-19,461.0115966796875
2016-02-22,460.75531005859375
2016-02-23,452.0411376953125
2016-02-24,442.511474609375
2016-02-25,439.2727966308594
2016-02-26,447.8238525390625
2016-02-29,452.8798828125
2016-03-01,458.61175537109375
2016-03-02,469.3529968261719
2016-03-03,473.3837890625
2016-03-04,475.57403564453125
2016-03-08,472.5916748046875
2016-03-09,477.55450439453125
2016-03-10,475.9002380371094
2016-03-11,479.37188720703125
2016-03-14,478.8360595703125
2016-03-15,478.4399108886719
2016-03-16,480.1873779296875
2016-03-17,474.5721435546875
2016-03-18,479.2321472167969
2016-03-21,487.24725341796875
2016-03-22,491.0917663574219
2016-03-23,488.9947814941406
2016-03-28,488.1326599121094
2016-03-29,491.0684814453125
2016-03-30,496.26434326171875
2016-03-31,499.1535949707031
2016-04-01,496.03131103515625
2016-04-04,498.1748962402344
2016-04-05,492.7692565917969
2016-04-06,494.6565856933594
2016-04-07,491.8606262207031
2016-04-08,493.65472412109375
2016-04-11,499.06024169921875
2016-04-12,495.3555908203125
2016-04-13,504.093017578125
2016-04-18,506.91241455078125
2016-04-20,511.5956726074219
2016-04-21,508.47344970703125
2016-04-22,508.9395446777344
2016-04-25,509.4520568847656
2016-04-26,519.0516357421875
2016-04-27,523.8745727539062
2016-04-28,519.0982055664062
2016-04-29,527.6724853515625
2016-05-02,520.822509765625
2016-05-03,520.9855346679688
2016-05-04,525.342529296875
2016-05-05,527.6493530273438
2016-05-06,521.7544555664062
2016-05-09,531.889892578125
2016-05-10,533.5209350585938
2016-05-11,530.6782836914062
2016-05-12,535.47802734375
2016-05-13,531.6568603515625
2016-05-16,541.8622436523438
2016-05-17,537.505126953125
2016-05-18,531.5404663085938
2016-05-19,530.9112548828125
2016-05-20,531.6568603515625
2016-05-23,529.7229614257812
2016-05-24,531.2141723632812
2016-05-25,546.755126953125
2016-05-26,551.3919067382812
2016-05-27,553.046142578125
2016-05-30,549.760986328125
2016-05-31,550.7626953125
2016-06-01,547.6171875
2016-06-02,547.5241088867188
2016-06-03,546.0328369140625
2016-06-06,545.72998046875
2016-06-07,546.9415893554688
2016-06-08,541.76904296875
2016-06-09,540.27783203125
2016-06-10,541.1864624023438
2016-06-13,537.2489624023438
2016-06-14,536.759521484375
2016-06-15,545.0076293945312
2016-06-16,541.559326171875
2016-06-17,545.2173461914062
2016-06-20,546.1727905273438
2016-06-21,543.6563110351562
2016-06-22,545.9164428710938
2016-06-23,554.583984375
2016-06-24,541.4428100585938
2016-06-27,540.5341796875
2016-06-28,543.7960205078125
2016-06-29,548.8936157226562
2016-06-30,552.72265625
2016-07-01,551.8065795898438
2016-07-04,551.0079345703125
2016-07-05,547.6251220703125
2016-07-07,557.0451049804688
2016-07-08,551.9710083007812
2016-07-11,563.6695556640625
2016-07-12,564.797119140625
2016-07-13,562.72998046875
2016-07-14,563.9514770507812
2016-07-15,574.9218139648438
2016-07-18,576.6836547851562
2016-07-19,572.4083251953125
2016-07-20,578.915283203125
2016-07-21,577.2239990234375
2016-07-22,578.2576904296875
2016-07-25,585.8451538085938
2016-07-26,582.0161743164062
2016-07-27,581.14697265625
2016-07-28,586.5498657226562
2016-07-29,585.4927368164062
2016-08-01,583.6605834960938
2016-08-02,584.13037109375
2016-08-03,582.7913818359375
2016-08-04,583.0497436523438
2016-08-05,586.92578125
2016-08-08,587.0902099609375
2016-08-09,585.962646484375
2016-08-10,576.42529296875
2016-08-11,577.0595703125
2016-08-12,577.2709350585938
2016-08-16,576.6133422851562
2016-08-17,580.1838989257812
2016-08-18,588.4526977539062
2016-08-19,585.9157104492188
2016-08-22,587.4191284179688
2016-08-23,587.9593505859375
2016-08-24,592.8221435546875
2016-08-25,591.295166015625
2016-08-26,590.6139526367188
2016-08-29,581.6871948242188
2016-08-30,596.0404052734375
2016-08-31,606.634765625
2016-09-01,603.1111450195312
2016-09-02,603.7689819335938
2016-09-06,610.9572143554688
2016-09-07,604.5441284179688
2016-09-08,605.7892456054688
2016-09-09,606.259033203125
2016-09-12,601.3258056640625
2016-09-14,596.4161376953125
2016-09-15,601.1848754882812
2016-09-16,609.7592163085938
2016-09-19,606.1415405273438
2016-09-20,605.3427734375
2016-09-21,607.4805297851562
2016-09-22,614.0110473632812
2016-09-23,616.736083984375
2016-09-26,608.9605102539062
2016-09-27,609.8531494140625
2016-09-28,608.53759765625
2016-09-29,600.1983032226562
2016-09-30,598.0135498046875
2016-10-03,604.7556762695312
2016-10-04,605.8597412109375
2016-10-05,604.23876953125
2016-10-06,602.2890625
2016-10-07,601.65478515625
2016-10-10,603.4165649414062
2016-10-13,593.268310546875
2016-10-14,592.8221435546875
2016-10-17,581.4993286132812
2016-10-18,590.96630859375
2016-10-19,591.2012329101562
2016-10-20,589.8621826171875
2016-10-21,597.0034790039062
2016-10-24,593.644287109375
2016-10-25,587.4191284179688
2016-10-26,582.2511596679688
2016-10-27,588.2647705078125
2016-10-28,591.5300903320312
2016-11-01,591.8824462890625
2016-11-02,585.4694213867188
2016-11-03,589.6036987304688
2016-11-04,584.3182373046875
2016-11-07,587.019775390625
2016-11-08,589.2984008789062
2016-11-09,587.865478515625
2016-11-10,600.6915893554688
2016-11-11,599.399658203125
2016-11-15,589.5098266601562
2016-11-16,584.6236572265625
2016-11-17,577.9756469726562
2016-11-18,569.1430053710938
2016-11-21,563.1763305664062
2016-11-22,562.8709106445312
2016-11-23,556.622314453125
2016-11-24,547.578125
2016-11-25,558.7599487304688
2016-11-28,556.4812622070312
2016-11-29,553.8033447265625
2016-11-30,563.59912109375
2016-12-01,562.4950561523438
2016-12-02,558.666015625
2016-12-05,562.0722045898438
2016-12-06,561.1795043945312
2016-12-07,555.1422729492188
2016-12-08,563.5521240234375
2016-12-09,562.98828125
2016-12-12,556.4812622070312
2016-12-13,557.3269653320312
2016-12-14,552.370361328125
2016-12-15,552.793212890625
2016-12-16,555.47119140625
2016-12-19,552.8637084960938
2016-12-20,555.283203125
2016-12-21,554.3905639648438
2016-12-22,551.14892578125
2016-12-23,557.3269653320312
2016-12-26,552.0414428710938
2016-12-27,556.833740234375
2016-12-28,557.5619506835938
2016-12-29,566.2301635742188
2016-12-30,566.6998901367188
2017-01-02,562.424560546875
2017-01-03,559.0418090820312
2017-01-04,556.974609375
2017-01-05,557.3034057617188
2017-01-06,560.8036499023438
2017-01-09,561.5319213867188
2017-01-10,570.5289306640625
2017-01-11,579.760986328125
2017-01-12,580.2308349609375
2017-01-13,579.0562133789062
2017-01-16,586.1741333007812
2017-01-17,581.8753051757812
2017-01-18,583.8014526367188
2017-01-19,580.8416137695312
2017-01-20,580.8651123046875
2017-01-23,584.7646484375
2017-01-24,595.5235595703125
2017-01-25,606.35302734375
2017-01-27,606.9637451171875
2017-01-30,603.698486328125
2017-01-31,604.4971923828125
2017-02-01,613.4473266601562
2017-02-02,610.1585693359375
2017-02-03,615.9608764648438
2017-02-06,617.393798828125
2017-02-07,614.1285400390625
2017-02-08,613.4237060546875
2017-02-09,609.665283203125
2017-02-10,612.460693359375
2017-02-13,615.5614624023438
2017-02-14,615.9842529296875
2017-02-15,621.1992797851562
2017-02-16,623.87744140625
2017-02-17,646.9691772460938
2017-02-20,662.0269775390625
2017-02-21,665.0572509765625
2017-02-22,657.3521728515625
2017-02-23,655.0736083984375
2017-02-27,654.7447509765625
2017-02-28,653.1002197265625
2017-03-01,653.82861328125
2017-03-02,648.402099609375
2017-03-03,646.945556640625
2017-03-06,648.7074584960938
2017-03-07,651.26806640625
2017-03-08,654.0869140625
2017-03-09,655.0265502929688
2017-03-10,657.7984619140625
2017-03-14,662.7786254882812
2017-03-15,665.5505981445312
2017-03-16,665.9029541015625
2017-03-17,669.896484375
2017-03-20,674.712158203125
2017-03-21,676.9907836914062
2017-03-22,672.26904296875
2017-03-23,672.26904296875
2017-03-24,669.1917724609375
2017-03-27,662.3792724609375
2017-03-28,667.241943359375
2017-03-29,671.1884155273438
2017-03-30,688.853759765625
2017-03-31,677.742431640625
2017-04-03,673.3496704101562
2017-04-05,672.9503784179688
2017-04-06,675.8397216796875
2017-04-07,676.004150390625
2017-04-10,673.7959594726562
2017-04-11,676.3095092773438
2017-04-12,678.2826538085938
2017-04-13,676.6853637695312
2017-04-17,675.0410766601562
2017-04-18,679.9741821289062
2017-04-19,680.7727661132812
2017-04-20,686.9510498046875
2017-04-21,703.136474609375
2017-04-24,720.261474609375
2017-04-25,722.1407470703125
2017-04-26,728.5303955078125
2017-04-27,736.9636840820312
2017-04-28,726.58056640625
2017-05-02,723.80859375
2017-05-03,725.5469360351562
2017-05-04,721.0836791992188
2017-05-05,719.862060546875
2017-05-08,721.0836791992188
2017-05-09,721.530029296875
2017-05-10,729.0706787109375
2017-05-11,726.5335693359375
2017-05-12,729.0001831054688
2017-05-15,729.8223876953125
2017-05-16,732.7587890625
2017-05-17,731.5841064453125
2017-05-18,731.5606689453125
2017-05-19,733.5103759765625
2017-05-22,740.4403686523438
2017-05-23,737.1986083984375
2017-05-24,736.0944213867188
2017-05-25,759.7734985351562
2017-05-26,763.9314575195312
2017-05-29,766.7033081054688
2017-05-30,765.3644409179688
2017-05-31,768.7235107421875
2017-06-01,765.1530151367188
2017-06-02,767.8074951171875
2017-06-05,768.4183349609375
2017-06-06,770.015625
2017-06-07,770.8849487304688
2017-06-08,772.7406005859375
2017-06-09,783.100341796875
2017-06-12,784.016357421875
2017-06-13,787.7514038085938
2017-06-14,785.1674194335938
2017-06-15,781.9490966796875
2017-06-16,784.2512817382812
2017-06-19,795.3626098632812
2017-06-20,792.3792114257812
2017-06-21,798.0875854492188
2017-06-22,797.7586669921875
2017-06-23,788.6676025390625
2017-06-27,783.4995727539062
2017-06-28,782.9356689453125
2017-06-29,786.5300903320312
2017-06-30,781.3277587890625
2017-07-03,784.4254760742188
2017-07-04,781.942626953125
2017-07-05,779.7669677734375
2017-07-06,784.2127685546875
2017-07-07,788.4927978515625
2017-07-10,792.8203125
2017-07-11,794.7357788085938
2017-07-12,795.1378173828125
2017-07-13,796.2255249023438
2017-07-14,794.5228881835938
2017-07-17,795.657958984375
2017-07-18,796.2255249023438
2017-07-19,800.3637084960938
2017-07-20,809.1605834960938
2017-07-21,805.447998046875
2017-07-24,820.6058349609375
2017-07-25,822.7577514648438
2017-07-26,826.4939575195312
2017-07-27,846.4049072265625
2017-07-28,841.1315307617188
2017-07-31,843.9219360351562
2017-08-01,849.9756469726562
2017-08-02,847.350830078125
2017-08-03,841.8171997070312
2017-08-04,846.6885986328125
2017-08-07,845.8847045898438
2017-08-08,840.8478393554688
2017-08-09,834.4866333007812
2017-08-10,832.5949096679688
2017-08-11,827.203369140625
2017-08-14,831.0578002929688
2017-08-16,842.4321899414062
2017-08-17,834.93603515625
2017-08-18,828.6694946289062
2017-08-21,824.4365844726562
2017-08-22,826.2338256835938
2017-08-23,838.2702026367188
2017-08-24,833.564453125
2017-08-28,833.4461669921875
2017-08-29,825.831787109375
2017-08-30,836.42578125
2017-08-31,840.1619873046875
2017-09-01,835.9765014648438
2017-09-04,828.0783081054688
2017-09-05,830.1829223632812
2017-09-06,832.3348999023438
2017-09-07,835.4799194335938
2017-09-08,845.4590454101562
2017-09-11,862.3431396484375
2017-09-12,867.9475708007812
2017-09-13,871.0925903320312
2017-09-14,869.9339599609375
2017-09-15,874.4505004882812
2017-09-18,879.889404296875
2017-09-19,874.80517578125
2017-09-20,874.4031982421875
2017-09-21,869.7919921875
2017-09-22,862.6978149414062
2017-09-25,851.181640625
2017-09-26,847.6582641601562
2017-09-27,840.1857299804688
2017-09-28,849.0769653320312
2017-09-29,853.9956665039062
2017-10-03,855.4854736328125
2017-10-04,849.8810424804688
2017-10-05,850.6377563476562
2017-10-06,851.3472290039062
2017-10-09,849.1715698242188
2017-10-10,852.5767822265625
2017-10-11,846.6412963867188
2017-10-12,860.1912231445312
2017-10-13,875.325439453125
2017-10-16,878.32861328125
2017-10-17,875.538330078125
2017-10-18,883.6964721679688
2017-10-19,874.1904296875
2017-10-23,881.2373046875
2017-10-24,883.0344848632812
2017-10-25,848.982421875
2017-10-26,849.1007080078125
2017-10-27,847.0669555664062
2017-10-30,858.39404296875
2017-10-31,855.3198852539062
2017-11-01,861.3262939453125
2017-11-02,861.7520141601562
2017-11-03,865.8192749023438
2017-11-06,864.8260498046875
2017-11-07,862.5086669921875
2017-11-08,863.5728149414062
2017-11-09,864.4713745117188
2017-11-10,861.7047119140625
2017-11-13,857.7083129882812
2017-11-14,852.4113159179688
2017-11-15,851.4180908203125
2017-11-16,854.9415283203125
2017-11-17,863.3836669921875
2017-11-20,869.3427124023438
2017-11-21,873.173583984375
2017-11-22,877.4300537109375
2017-11-23,871.5654907226562
2017-11-24,875.6092529296875
2017-11-27,878.5178833007812
2017-11-28,882.206787109375
2017-11-29,885.9667358398438
2017-11-30,876.697021484375
2017-12-01,874.095703125
2017-12-04,867.42724609375
2017-12-05,860.9716186523438
2017-12-06,852.860595703125
2017-12-07,855.86376953125
2017-12-08,870.4068603515625
2017-12-11,873.2445678710938
2017-12-12,860.7114868164062
2017-12-13,861.397216796875
2017-12-14,869.2954711914062
2017-12-15,886.0375366210938
2017-12-18,888.6387939453125
2017-12-19,891.2636108398438
2017-12-20,883.531005859375
2017-12-21,883.6019897460938
2017-12-22,887.551025390625
2017-12-26,883.6256713867188
2017-12-27,878.139404296875
2017-12-28,888.2132568359375
2017-12-29,885.541015625
2018-01-01,877.0753173828125
2018-01-02,885.5173950195312
2018-01-03,876.2003784179688
2018-01-04,879.6292724609375
2018-01-05,881.379150390625
2018-01-08,879.9603271484375
2018-01-09,881.426513671875
2018-01-10,881.6629028320312
2018-01-11,885.612060546875
2018-01-12,882.18310546875
2018-01-15,897.5301513671875
2018-01-16,898.6652221679688
2018-01-17,894.101318359375
2018-01-18,914.8162841796875
2018-01-19,923.281982421875
2018-01-22,928.5552978515625
2018-01-23,922.8563842773438
2018-01-24,925.8595581054688
2018-01-25,934.04150390625
2018-01-29,945.7232666015625
2018-01-30,943.760498046875
2018-01-31,948.5845336914062
2018-02-01,941.703125
2018-02-02,921.2955932617188
2018-02-05,905.1445922851562
2018-02-06,897.0809326171875
2018-02-07,885.7302856445312
2018-02-08,889.584716796875
2018-02-09,874.7106323242188
2018-02-12,887.551025390625
2018-02-14,890.625244140625
2018-02-15,890.0340576171875
2018-02-16,888.4732666015625
2018-02-19,888.2840576171875
2018-02-20,881.18994140625
2018-02-21,878.4468383789062
2018-02-22,876.4605102539062
2018-02-23,889.3955688476562
2018-02-26,904.0568237304688
2018-02-27,899.8004150390625
2018-02-28,891.121826171875
2018-03-01,886.4632568359375
2018-03-05,884.3822631835938
2018-03-06,873.173583984375
2018-03-07,866.7178344726562
2018-03-08,876.294921875
2018-03-09,875.44384765625
2018-03-12,883.1053466796875
2018-03-13,879.7947387695312
2018-03-14,881.8046875
2018-03-15,889.5138549804688
2018-03-16,876.365966796875
2018-03-19,873.6465454101562
2018-03-20,869.9811401367188
2018-03-21,879.1563720703125
2018-03-22,883.3418579101562
2018-03-23,870.95068359375
2018-03-26,895.4965209960938
2018-03-27,895.0945434570312
2018-03-28,892.0203247070312
2018-04-02,913.3500366210938
2018-04-03,906.1140747070312
2018-04-04,890.6724853515625
2018-04-05,902.8036499023438
2018-04-06,909.6612548828125
2018-04-09,917.0628051757812
2018-04-10,908.4552001953125
2018-04-11,907.5092163085938
2018-04-12,912.215087890625
2018-04-13,910.41796875
2018-04-16,918.5052490234375
2018-04-17,921.5321655273438
2018-04-18,914.0122680664062
2018-04-19,917.0391235351562
2018-04-20,925.0319213867188
2018-04-23,915.5021362304688
2018-04-24,915.1473388671875
2018-04-25,908.407958984375
2018-04-26,912.9009399414062
2018-04-27,909.6612548828125
2018-04-30,919.5457763671875
2018-05-02,931.4639282226562
2018-05-03,930.7073364257812
2018-05-04,940.4498901367188
2018-05-07,935.2001953125
2018-05-08,930.3052368164062
2018-05-09,935.6731567382812
2018-05-10,942.4362182617188
2018-05-11,951.4458618164062
2018-05-14,956.17529296875
2018-05-15,963.7660522460938
2018-05-16,956.9319458007812
2018-05-17,959.0130004882812
2018-05-18,951.635009765625
2018-05-21,942.601806640625
2018-05-22,941.1119995117188
2018-05-23,930.51806640625
2018-05-24,939.2674560546875
2018-05-25,950.0032958984375
2018-05-28,965.8469848632812
2018-05-29,961.3067626953125
2018-05-30,968.755615234375
2018-05-31,1018.303466796875
2018-06-01,1004.5720825195312
2018-06-04,973.9197998046875
2018-06-05,982.20166015625
2018-06-06,979.2268676757812
2018-06-07,981.5352172851562
2018-06-08,975.419189453125
2018-06-11,972.0635986328125
2018-06-12,972.8013305664062
2018-06-13,966.8993530273438
2018-06-14,969.7313842773438
2018-06-15,966.0188598632812
2018-06-18,961.0449829101562
2018-06-19,963.115478515625
2018-06-20,978.6556396484375
2018-06-21,979.3458862304688
2018-06-22,991.6019897460938
2018-06-25,997.1232299804688
2018-06-26,996.5281372070312
2018-06-27,1005.5239868164062
2018-06-28,1014.21044921875
2018-06-29,1003.5487060546875
2018-07-02,986.794677734375
2018-07-03,985.343017578125
2018-07-04,1001.21630859375
2018-07-05,1010.8309326171875
2018-07-06,1006.7376098632812
2018-07-09,1011.7351684570312
2018-07-10,1021.6114501953125
2018-07-11,1022.491943359375
2018-07-12,1030.916748046875
2018-07-13,1038.0323486328125
2018-07-16,1032.2969970703125
2018-07-17,1036.05712890625
2018-07-18,1035.795166015625
2018-07-19,1040.507568359375
2018-07-20,1041.9114990234375
2018-07-23,1026.39501953125
2018-07-24,1027.9658203125
2018-07-25,1033.010986328125
2018-07-26,1043.601318359375
2018-07-27,1048.1466064453125
2018-07-30,1032.7967529296875
2018-07-31,1037.365966796875
2018-08-01,1027.4659423828125
2018-08-02,1013.9009399414062
2018-08-03,1009.8314208984375
2018-08-06,1006.3331298828125
2018-08-07,1014.2339477539062
2018-08-08,1016.8280639648438
2018-08-09,1008.3320922851562
2018-08-10,1006.4044799804688
2018-08-13,995.5524291992188
2018-08-14,994.3387451171875
2018-08-16,987.9607543945312
2018-08-17,988.7462158203125
2018-08-20,997.7180786132812
2018-08-21,997.6467895507812
2018-08-23,989.9599609375
2018-08-24,985.176513671875
2018-08-27,990.2216796875
2018-08-28,997.0755615234375
2018-08-29,989.2935791015625
2018-08-30,983.3916015625
2018-08-31,981.059326171875
2018-09-03,987.6515502929688
2018-09-04,976.5852661132812
2018-09-05,973.7532958984375
2018-09-06,976.775634765625
2018-09-07,979.0364379882812
2018-09-10,971.5162963867188
2018-09-11,952.12060546875
2018-09-12,957.5704956054688
2018-09-14,966.0188598632812
2018-09-17,948.2177124023438
2018-09-18,946.789794921875
2018-09-19,933.5341796875
2018-09-21,937.7703247070312
2018-09-24,916.5659790039062
2018-09-25,929.2743530273438
2018-09-26,936.7945556640625
2018-09-27,940.5785522460938
2018-09-28,954.8099365234375
2018-10-01,968.8032836914062
2018-10-03,966.756591796875
2018-10-04,931.8207397460938
2018-10-05,935.4142456054688
2018-10-08,925.752197265625
2018-10-09,923.6578979492188
2018-10-10,936.2948608398438
2018-10-11,922.206298828125
2018-10-12,943.29150390625
2018-10-15,955.7618408203125
2018-10-16,948.4795532226562
2018-10-17,939.8406982421875
2018-10-19,936.5804443359375
2018-10-22,951.4066772460938
2018-10-23,944.7192993164062
2018-10-24,948.2415161132812
2018-10-25,937.0801391601562
2018-10-26,933.4627685546875
2018-10-29,916.8515625
2018-10-30,910.4022216796875
2018-10-31,909.9263916015625
2018-11-01,910.1405029296875
2018-11-02,927.8701782226562
2018-11-05,930.9878540039062
2018-11-06,926.4899291992188
2018-11-07,931.9159545898438
2018-11-09,925.9425659179688
2018-11-12,914.3527221679688
2018-11-13,917.5418090820312
2018-11-14,931.8207397460938
2018-11-15,940.1025390625
2018-11-16,953.9769287109375
2018-11-19,958.546142578125
2018-11-20,957.8560180664062
2018-11-21,960.8545532226562
2018-11-22,954.5480346679688
2018-11-26,975.6334228515625
2018-11-27,982.39208984375
2018-11-28,994.4100952148438
2018-11-29,1014.3056640625
2018-11-30,1013.0680541992188
2018-12-03,1005.8571166992188
2018-12-04,992.6490478515625
2018-12-05,999.1459350585938
2018-12-06,998.1226806640625
2018-12-07,1003.1441040039062
2018-12-10,994.1722412109375
2018-12-11,980.2739868164062
2018-12-12,992.5301513671875
2018-12-13,1000.1455688476562
2018-12-14,997.4801635742188
2018-12-17,1013.9009399414062
2018-12-18,1016.3997192382812
2018-12-19,1010.688232421875
2018-12-20,1017.3516235351562
2018-12-21,1004.8336181640625
2018-12-24,990.3168334960938
2018-12-26,1010.1646118164062
2018-12-27,1001.9304809570312
2018-12-28,1010.4263916015625
2018-12-31,1009.8551635742188
2019-01-01,1022.420654296875
2019-01-02,1013.0917358398438
2019-01-03,1005.1431884765625
2019-01-04,1007.8323974609375
2019-01-07,1009.35546875
2019-01-08,1000.9546508789062
2019-01-09,1007.5230102539062
2019-01-10,1003.5724487304688
2019-01-11,1005.1907348632812
2019-01-14,1000.3120727539062
2019-01-15,1009.9502563476562
2019-01-16,1009.1412963867188
2019-01-17,1014.900390625
2019-01-18,1013.9246826171875
2019-01-21,1022.4445190429688
2019-01-22,1016.5901489257812
2019-01-23,1002.0968627929688
2019-01-24,1000.5977172851562
2019-01-25,997.6229248046875
2019-01-28,991.9826049804688
2019-01-29,979.3458862304688
2019-01-30,968.4461669921875
2019-01-31,989.983642578125
2019-02-01,994.9813232421875
2019-02-04,1001.8590698242188
2019-02-05,1006.214111328125
2019-02-06,1010.3072509765625
2019-02-07,1007.7372436523438
2019-02-08,1010.3072509765625
2019-02-11,1018.398681640625
2019-02-12,1013.6629638671875
2019-02-14,1004.3815307617188
2019-02-15,999.8361206054688
2019-02-18,994.7194213867188
2019-02-19,991.9351806640625
2019-02-20,1003.5010375976562
2019-02-21,1007.0946655273438
2019-02-22,995.4571533203125
2019-02-25,1011.6162719726562
2019-02-26,1004.5957641601562
2019-02-27,995.8380737304688
2019-02-28,988.8414916992188
2019-03-01,991.6019897460938
2019-03-05,1002.9061279296875
2019-03-06,1001.5496215820312
2019-03-07,1012.1397094726562
2019-03-08,1012.948974609375
2019-03-11,1013.0680541992188
2019-03-12,1033.3203125
2019-03-13,1059.7601318359375
2019-03-14,1058.9034423828125
2019-03-15,1072.349365234375
2019-03-18,1076.371337890625
2019-03-19,1079.3699951171875
2019-03-20,1094.2437744140625
2019-03-22,1083.3680419921875
2019-03-25,1085.8193359375
2019-03-26,1100.1220703125
2019-03-27,1094.4578857421875
2019-03-28,1096.052490234375
2019-04-01,1100.336181640625
2019-04-02,1092.2685546875
2019-04-03,1091.26904296875
2019-04-04,1087.08056640625
2019-04-05,1097.38525390625
2019-04-08,1089.674560546875
2019-04-09,1088.6512451171875
2019-04-10,1064.9007568359375
2019-04-11,1074.4913330078125
2019-04-12,1078.18017578125
2019-04-15,1089.3890380859375
2019-04-16,1097.12353515625
2019-04-18,1091.697265625
2019-04-22,1079.8221435546875
2019-04-23,1068.6844482421875
2019-04-24,1085.08154296875
2019-04-25,1077.3233642578125
2019-04-26,1085.6527099609375
2019-04-30,1103.0252685546875
2019-05-02,1121.27880859375
2019-05-03,1127.0616455078125
2019-05-06,1108.260986328125
2019-05-07,1105.3575439453125
2019-05-08,1098.1705322265625
2019-05-09,1090.3885498046875
2019-05-10,1093.053955078125
2019-05-13,1088.6275634765625
2019-05-14,1088.9605712890625
2019-05-15,1088.389404296875
2019-05-16,1099.788818359375
2019-05-17,1124.2772216796875
2019-05-20,1157.7138671875
2019-05-21,1144.0772705078125
2019-05-22,1145.052978515625
2019-05-23,1109.9981689453125
2019-05-24,1129.6319580078125
2019-05-27,1146.29052734375
2019-05-28,1150.027099609375
2019-05-29,1150.3599853515625
2019-05-30,1161.1407470703125
2019-05-31,1154.382080078125
2019-06-03,1169.493896484375
2019-06-04,1167.2093505859375
2019-06-06,1153.43017578125
2019-06-07,1164.99609375
2019-06-10,1161.4500732421875
2019-06-11,1165.3529052734375
2019-06-12,1155.191162109375
2019-06-13,1163.5919189453125
2019-06-14,1159.0228271484375
2019-06-17,1152.78759765625
2019-06-18,1150.5267333984375
2019-06-19,1155.81005859375
2019-06-20,1162.035888671875
2019-06-21,1156.2169189453125
2019-06-24,1158.012939453125
2019-06-25,1163.161376953125
2019-06-26,1181.93505859375
2019-06-27,1179.2532958984375
2019-06-28,1170.369140625
2019-07-01,1190.3880615234375
2019-07-02,1194.9139404296875
2019-07-03,1192.3516845703125
2019-07-04,1189.550048828125
2019-07-05,1184.0902099609375
2019-07-08,1154.0140380859375
2019-07-09,1139.4306640625
2019-07-10,1144.0284423828125
2019-07-11,1152.840576171875
2019-07-12,1146.4947509765625
2019-07-15,1146.90185546875
2019-07-16,1145.20166015625
2019-07-17,1148.195068359375
2019-07-18,1155.115478515625
2019-07-19,1137.7545166015625
2019-07-22,1100.2069091796875
2019-07-23,1084.043212890625
2019-07-24,1092.37646484375
2019-07-25,1094.843017578125
2019-07-26,1090.65234375
2019-07-29,1074.8477783203125
2019-07-30,1078.6553955078125
2019-07-31,1078.367919921875
2019-08-01,1066.4403076171875
2019-08-02,1062.8643798828125
2019-08-05,1046.0166015625
2019-08-06,1050.74462890625
2019-08-07,1048.2965087890625
2019-08-08,1071.8880615234375
2019-08-09,1095.3355712890625
2019-08-13,1065.7442626953125
2019-08-14,1070.112060546875
2019-08-16,1069.2720947265625
2019-08-19,1059.264404296875
2019-08-20,1065.8641357421875
2019-08-21,1068.38427734375
2019-08-22,1043.5447998046875
2019-08-23,1038.07275390625
2019-08-26,1082.9278564453125
2019-08-27,1084.7518310546875
2019-08-28,1078.77587890625
2019-08-29,1068.9122314453125
2019-08-30,1069.39208984375
2019-09-03,1061.2322998046875
2019-09-04,1078.89599609375
2019-09-05,1072.84814453125
2019-09-06,1078.0079345703125
2019-09-09,1079.783935546875
2019-09-11,1080.5999755859375
2019-09-12,1089.9837646484375
2019-09-13,1083.5517578125
2019-09-16,1077.16796875
2019-09-17,1061.4244384765625
2019-09-18,1050.0965576171875
2019-09-19,1056.984619140625
2019-09-20,1151.59033203125
2019-09-23,1206.93310546875
2019-09-24,1203.62109375
2019-09-25,1190.08544921875
2019-09-26,1192.7733154296875
2019-09-27,1194.4053955078125
2019-09-30,1178.32568359375
2019-10-01,1198.8214111328125
2019-10-03,1174.5819091796875
2019-10-04,1142.08642578125
2019-10-07,1139.398681640625
2019-10-09,1178.997802734375
2019-10-10,1152.5023193359375
2019-10-11,1150.8223876953125
2019-10-14,1156.1981201171875
2019-10-15,1174.101806640625
2019-10-16,1172.229736328125
2019-10-17,1171.173828125
2019-10-18,1179.8135986328125
2019-10-22,1189.7015380859375
2019-10-23,1191.9093017578125
2019-10-24,1186.6295166015625
2019-10-25,1179.8135986328125
2019-10-27,1188.16552734375
2019-10-29,1192.7733154296875
2019-10-30,1198.38916015625
2019-10-31,1181.109619140625
2019-11-01,1190.4215087890625
2019-11-04,1187.349609375
2019-11-05,1189.8934326171875
2019-11-06,1206.35693359375
2019-11-07,1213.125
2019-11-08,1205.3489990234375
2019-11-11,1214.1329345703125
2019-11-13,1207.2210693359375
2019-11-14,1222.9166259765625
2019-11-15,1226.7567138671875
2019-11-18,1211.5408935546875
2019-11-19,1220.996826171875
2019-11-20,1222.3885498046875
2019-11-21,1231.988525390625
2019-11-22,1214.1329345703125
2019-11-25,1220.228759765625
2019-11-26,1224.0208740234375
2019-11-27,1227.236572265625
2019-11-28,1214.660888671875
2019-11-29,1223.9246826171875
2019-12-02,1215.0928955078125
2019-12-03,1205.1572265625
2019-12-04,1201.55712890625
2019-12-05,1195.7493896484375
2019-12-06,1196.1812744140625
2019-12-09,1193.205322265625
2019-12-10,1199.4932861328125
2019-12-11,1198.773193359375
2019-12-12,1213.0289306640625
2019-12-13,1213.2689208984375
2019-12-16,1207.0289306640625
2019-12-17,1220.228759765625
2019-12-18,1240.6282958984375
2019-12-19,1237.220458984375
2019-12-20,1244.80419921875
2019-12-23,1250.276123046875
2019-12-24,1237.556396484375
2019-12-26,1219.604736328125
2019-12-27,1223.9725341796875
2019-12-30,1230.8365478515625
2019-12-31,1221.1888427734375
2020-01-01,1227.4285888671875
2020-01-02,1235.25244140625
2020-01-03,1217.6368408203125
2020-01-06,1191.285400390625
2020-01-07,1210.1490478515625
2020-01-08,1206.981201171875
2020-01-09,1220.516845703125
2020-01-10,1231.3643798828125
2020-01-13,1234.532470703125
2020-01-14,1237.892333984375
2020-01-15,1232.8525390625
2020-01-16,1236.116455078125
2020-01-17,1226.9967041015625
2020-01-20,1204.6771240234375
2020-01-21,1194.54931640625
2020-01-22,1191.1893310546875
2020-01-23,1195.029296875
2020-01-24,1194.741455078125
2020-01-27,1164.6458740234375
2020-01-28,1174.2457275390625
2020-01-29,1186.389404296875
2020-01-30,1176.9818115234375
2020-01-31,1177.2216796875
2020-02-03,1145.0625
2020-02-04,1180.5816650390625
2020-02-05,1194.8372802734375
2020-02-06,1190.1815185546875
2020-02-07,1192.4854736328125
2020-02-10,1190.661376953125
2020-02-11,1190.949462890625
2020-02-12,1199.0133056640625
2020-02-13,1191.7174072265625
2020-02-14,1170.5499267578125
2020-02-17,1168.4378662109375
2020-02-18,1164.694091796875
2020-02-19,1178.085693359375
2020-02-20,1168.3900146484375
2020-02-24,1161.5260009765625
2020-02-25,1152.2623291015625
2020-02-26,1151.25439453125
2020-02-27,1151.4461669921875
2020-02-28,1130.518798828125
2020-03-02,1132.390625
2020-03-03,1134.502685546875
2020-03-04,1102.871337890625
2020-03-05,1105.2713623046875
2020-03-06,1089.479736328125
2020-03-09,1062.984375
2020-03-11,1069.22412109375
2020-03-12,980.4262084960938
2020-03-13,1026.985107421875
2020-03-16,959.4985961914062
2020-03-17,936.0750732421875
2020-03-18,841.8052368164062
2020-03-19,859.7088012695312
2020-03-20,847.5170288085938
2020-03-23,740.6714477539062
2020-03-24,736.9755249023438
2020-03-25,822.4616088867188
2020-03-26,865.0366821289062
2020-03-27,868.2526245117188
2020-03-30,798.3662719726562
2020-03-31,827.4055786132812
2020-04-01,796.4461669921875
2020-04-03,781.2785034179688
2020-04-07,860.2367553710938
2020-04-08,853.324951171875
2020-04-09,888.0281982421875
2020-04-13,859.516845703125
2020-04-15,828.7495727539062
2020-04-16,844.5411376953125
2020-04-17,873.8684692382812
2020-04-20,907.0357055664062
2020-04-21,884.7643432617188
2020-04-22,891.43603515625
2020-04-23,916.7315673828125
2020-04-24,900.5078735351562
2020-04-27,892.4920654296875
2020-04-28,894.1240234375
2020-04-29,937.9950561523438
2020-04-30,961.70654296875
2020-05-04,886.0602416992188
2020-05-05,874.9724731445312
2020-05-06,908.5237426757812
2020-05-07,887.9801635742188
2020-05-08,891.8681030273438
2020-05-11,879.1483764648438
2020-05-12,865.4686889648438
2020-05-13,890.524169921875
2020-05-14,857.932861328125
2020-05-15,852.60498046875
2020-05-18,803.1660766601562
2020-05-19,797.4061889648438
2020-05-20,822.797607421875
2020-05-21,825.1495361328125
2020-05-22,805.2780151367188
2020-05-26,818.2857666015625
2020-05-27,867.4846801757812
2020-05-28,907.4197998046875
2020-05-29,913.5636596679688
2020-06-01,948.1228637695312
2020-06-02,960.9385375976562
2020-06-03,981.3380737304688
2020-06-04,961.6105346679688
2020-06-05,991.9938354492188
2020-06-08,975.2422485351562
2020-06-09,947.7868041992188
2020-06-10,952.1547241210938
2020-06-11,929.8352661132812
2020-06-12,943.4189453125
2020-06-15,911.8356323242188
2020-06-16,950.7628173828125
2020-06-17,940.05908203125
2020-06-18,979.1301879882812
2020-06-19,991.9938354492188
2020-06-22,987.5780029296875
2020-06-23,1000.5856323242188
2020-06-24,991.1779174804688
2020-06-25,987.5780029296875
2020-06-26,1014.16943359375
2020-06-29,1032.985107421875
2020-06-30,1023.1931762695312
2020-07-01,1041.192626953125
2020-07-02,1045.80078125
2020-07-03,1030.968994140625
2020-07-06,1058.8563232421875
2020-07-07,1060.92041015625
2020-07-08,1065.9122314453125
2020-07-09,1079.9278564453125
2020-07-10,1060.8721923828125
2020-07-13,1037.0169677734375
2020-07-14,1016.4733276367188
2020-07-15,1011.0015258789062
2020-07-16,1020.025146484375
2020-07-17,1054.4884033203125
2020-07-20,1087.7037353515625
2020-07-21,1092.9837646484375
2020-07-22,1081.2718505859375
2020-07-23,1085.1597900390625
2020-07-24,1074.3118896484375
2020-07-27,1036.296875
2020-07-28,1043.1607666015625
2020-07-29,1021.9932250976562
2020-07-30,1008.6015625
2020-07-31,991.4659423828125
2020-08-03,961.8985595703125
2020-08-04,999.9617309570312
2020-08-05,986.4260864257812
2020-08-06,999.0496826171875
2020-08-07,1002.0736083984375
2020-08-10,1008.6015625
2020-08-11,1023.961181640625
2020-08-12,1021.1292724609375
2020-08-13,1016.6654052734375
2020-08-14,993.0498046875
2020-08-17,991.4179077148438
2020-08-18,1014.2173461914062
2020-08-19,1023.9130859375
2020-08-20,1016.6173706054688
2020-08-21,1042.2008056640625
2020-08-24,1072.34423828125
2020-08-25,1074.887939453125
2020-08-26,1073.68798828125
2020-08-27,1067.592041015625
2020-08-28,1069.8961181640625
2020-08-31,1071.192138671875
2020-09-01,1082.1839599609375
2020-09-02,1088.7596435546875
2020-09-03,1085.6397705078125
2020-09-04,1074.5040283203125
2020-09-07,1066.05615234375
2020-09-08,1067.9281005859375
2020-09-09,1052.6165771484375
2020-09-10,1046.9046630859375
2020-09-11,1035.48095703125
2020-09-14,1015.6093139648438
2020-09-15,1027.6571044921875
2020-09-16,1049.880615234375
2020-09-17,1040.232666015625
2020-09-18,1014.9853515625
2020-09-21,1007.3055419921875
2020-09-22,993.9618530273438
2020-09-23,1005.337646484375
2020-09-24,989.1619873046875
2020-09-25,1002.217529296875
2020-09-28,1012.0093383789062
2020-09-29,1020.025146484375
2020-09-30,1035.4329833984375
2020-10-01,1062.6483154296875
2020-10-05,1069.7520751953125
2020-10-06,1098.3114013671875
2020-10-07,1115.735107421875
2020-10-08,1144.1025390625
2020-10-09,1184.181640625
2020-10-12,1165.0780029296875
2020-10-13,1150.486328125
2020-10-14,1163.01416015625
2020-10-15,1122.4549560546875
2020-10-16,1151.350341796875
2020-10-19,1155.38232421875
2020-10-20,1174.9656982421875
2020-10-21,1196.8052978515625
2020-10-22,1183.9415283203125
2020-10-23,1186.341552734375
2020-10-26,1162.4381103515625
2020-10-27,1183.7496337890625
2020-10-28,1161.18994140625
2020-10-29,1139.6866455078125
2020-10-30,1136.1826171875
2020-11-02,1166.6141357421875
2020-11-03,1198.00537109375
2020-11-04,1207.0771484375
2020-11-05,1218.40478515625
2020-11-06,1255.3160400390625
2020-11-09,1286.8992919921875
2020-11-10,1337.8741455078125
2020-11-11,1334.322265625
2020-11-12,1316.8026123046875
2020-11-13,1304.4189453125
2020-11-14,1314.882568359375
2020-11-17,1352.081787109375
2020-11-18,1352.32177734375
2020-11-19,1319.3466796875
2020-11-20,1347.4739990234375
2020-11-23,1338.7861328125
2020-11-24,1380.64111328125
2020-11-25,1346.657958984375
2020-11-26,1369.553466796875
2020-11-27,1383.1851806640625
2020-12-01,1375.9373779296875
2020-12-02,1350.641845703125
2020-12-03,1322.0826416015625
2020-12-04,1330.1463623046875
2020-12-07,1317.3306884765625
2020-12-08,1321.218505859375
2020-12-09,1350.8817138671875
2020-12-10,1330.3863525390625
2020-12-11,1327.4586181640625
2020-12-14,1317.234619140625
2020-12-15,1335.6181640625
2020-12-16,1354.24169921875
2020-12-17,1384.09716796875
2020-12-18,1354.8658447265625
2020-12-21,1317.714599609375
2020-12-22,1318.1466064453125
2020-12-23,1320.5946044921875
2020-12-24,1341.18603515625
2020-12-28,1356.3057861328125
2020-12-29,1370.0814208984375
2020-12-30,1375.1693115234375
2020-12-31,1378.8173828125
2021-01-01,1368.017578125
2021-01-04,1359.3297119140625
2021-01-05,1369.601318359375
2021-01-06,1363.6976318359375
2021-01-07,1359.5697021484375
2021-01-08,1374.353515625
2021-01-11,1393.3607177734375
2021-01-12,1421.7281494140625
2021-01-13,1411.7926025390625
2021-01-14,1409.9686279296875
2021-01-15,1407.9527587890625
2021-01-18,1423.744140625
2021-01-19,1443.663818359375
2021-01-20,1432.2880859375
2021-01-21,1415.7764892578125
2021-01-22,1385.777099609375
2021-01-25,1404.3046875
2021-01-27,1353.1859130859375
2021-01-28,1316.5625
2021-01-29,1334.8502197265625
2021-02-01,1417.6484375
2021-02-02,1498.0946044921875
2021-02-03,1511.7744140625
2021-02-04,1515.9022216796875
2021-02-05,1533.6617431640625
2021-02-08,1541.005615234375
2021-02-09,1547.341552734375
2021-02-10,1518.446044921875
2021-02-11,1509.4222412109375
2021-02-12,1518.63818359375
2021-02-15,1551.9013671875
2021-02-16,1561.5491943359375
2021-02-17,1523.0059814453125
2021-02-18,1492.0948486328125
2021-02-19,1477.5030517578125
2021-02-22,1486.046875
2021-02-23,1467.951416015625
2021-02-24,1542.1575927734375
2021-02-25,1542.109619140625
2021-02-26,1472.9912109375
2021-03-01,1496.5107421875
2021-03-02,1505.4383544921875
2021-03-03,1523.342041015625
2021-03-04,1489.934814453125
2021-03-05,1468.7672119140625
2021-03-08,1458.6875
2021-03-09,1499.9664306640625
2021-03-10,1493.48681640625
2021-03-12,1489.8387451171875
2021-03-15,1467.4713134765625
2021-03-16,1451.6317138671875
2021-03-17,1435.50390625
2021-03-18,1431.3280029296875
2021-03-19,1437.56787109375
2021-03-22,1410.3526611328125
2021-03-23,1440.11181640625
2021-03-24,1419.6163330078125
2021-03-25,1404.7845458984375
2021-03-26,1431.6160888671875
2021-03-30,1491.5186767578125
2021-03-31,1433.8720703125
2021-04-01,1427.248291015625
2021-04-05,1391.5849609375
2021-04-06,1382.609130859375
2021-04-07,1389.2808837890625
2021-04-08,1375.4573974609375
2021-04-09,1364.849609375
2021-04-12,1312.3388671875
2021-04-13,1344.3060302734375
2021-04-15,1372.8653564453125
2021-04-16,1371.473388671875
2021-04-19,1355.873779296875
2021-04-20,1335.7142333984375
2021-04-22,1365.569580078125
2021-04-23,1357.5537109375
2021-04-26,1348.577880859375
2021-04-27,1381.1212158203125
2021-04-28,1417.6964111328125
2021-04-29,1413.5684814453125
2021-04-30,1355.77783203125
2021-05-03,1357.8416748046875
2021-05-04,1332.7862548828125
2021-05-05,1346.4659423828125
2021-05-06,1344.8341064453125
2021-05-07,1358.1297607421875
2021-05-10,1363.025634765625
2021-05-11,1347.3779296875
2021-05-12,1343.490234375
2021-05-14,1331.3463134765625
2021-05-17,1382.609130859375
2021-05-18,1417.600341796875
2021-05-19,1399.8408203125
2021-05-20,1375.4573974609375
2021-05-21,1437.3759765625
2021-05-24,1449.5196533203125
2021-05-25,1419.76025390625
2021-05-26,1417.9364013671875
2021-05-27,1423.3123779296875
2021-05-28,1443.27978515625
2021-05-31,1455.18359375
2021-06-01,1451.199462890625
2021-06-02,1443.807861328125
2021-06-03,1459.6954345703125
2021-06-04,1440.8798828125
2021-06-07,1439.8238525390625
2021-06-08,1423.6962890625
2021-06-09,1421.056396484375
2021-06-10,1421.7763671875
2021-06-11,1426.8641357421875
2021-06-14,1420.240234375
2021-06-15,1430.608154296875
2021-06-16,1425.1842041015625
2021-06-17,1407.4246826171875
2021-06-18,1420.5762939453125
2021-06-21,1429.1199951171875
2021-06-22,1424.416259765625
2021-06-23,1426.0482177734375
2021-06-24,1445.9677734375
2021-06-25,1454.4635009765625
2021-06-28,1447.9837646484375
2021-06-29,1448.1766357421875
2021-06-30,1444.17529296875
2021-07-01,1433.42529296875
2021-07-02,1427.3031005859375
2021-07-05,1441.813232421875
2021-07-06,1479.6553955078125
2021-07-07,1484.2833251953125
2021-07-08,1465.9166259765625
2021-07-09,1448.1282958984375
2021-07-12,1433.6663818359375
2021-07-13,1447.983642578125
2021-07-14,1445.380615234375
2021-07-15,1466.15771484375
2021-07-16,1467.7484130859375
2021-07-19,1418.240234375
2021-07-20,1391.3890380859375
2021-07-22,1396.739990234375
2021-07-23,1391.0035400390625
2021-07-26,1383.0975341796875
2021-07-27,1388.1109619140625
2021-07-28,1366.4661865234375
2021-07-29,1367.3822021484375
2021-07-30,1375.2879638671875
2021-08-02,1371.6243896484375
2021-08-03,1383.2420654296875
2021-08-04,1412.74462890625
2021-08-05,1431.5933837890625
2021-08-06,1439.11376953125
2021-08-09,1449.960205078125
2021-08-10,1453.5758056640625
2021-08-11,1441.3310546875
2021-08-12,1447.5498046875
2021-08-13,1471.46044921875
2021-08-16,1475.7025146484375
2021-08-17,1460.3245849609375
2021-08-18,1458.73388671875
2021-08-20,1460.4210205078125
2021-08-23,1469.9176025390625
2021-08-24,1502.939208984375
2021-08-25,1501.541259765625
2021-08-26,1499.0345458984375
2021-08-27,1492.9122314453125
2021-08-30,1512.002197265625
2021-08-31,1524.6805419921875
2021-09-01,1522.4630126953125
2021-09-02,1532.0079345703125
2021-09-03,1519.5225830078125
2021-09-06,1509.5435791015625
2021-09-07,1512.96630859375
2021-09-08,1519.85986328125
2021-09-09,1512.339599609375
2021-09-13,1499.7576904296875
2021-09-14,1493.0087890625
2021-09-15,1491.321533203125
2021-09-16,1503.999755859375
2021-09-17,1525.4036865234375
2021-09-20,1503.9033203125
2021-09-21,1496.2867431640625
2021-09-22,1478.6912841796875
2021-09-23,1513.689453125
2021-09-24,1544.1077880859375
2021-09-27,1566.8131103515625
2021-09-28,1557.12353515625
2021-09-29,1536.6839599609375
2021-09-30,1537.7445068359375
2021-10-01,1525.933837890625
2021-10-04,1528.87451171875
2021-10-05,1538.2265625
2021-10-06,1556.97900390625
2021-10-07,1552.73681640625
2021-10-08,1545.1683349609375
2021-10-11,1575.201171875
2021-10-12,1571.1517333984375
2021-10-13,1580.600341796875
2021-10-14,1626.878662109375
2021-10-18,1610.39208984375
2021-10-19,1628.132080078125
2021-10-20,1613.814697265625
2021-10-21,1616.1768798828125
2021-10-22,1620.4671630859375
2021-10-25,1597.5689697265625
2021-10-26,1593.471435546875
2021-10-27,1583.87841796875
2021-10-28,1536.4429931640625
2021-10-29,1526.0784912109375
2021-11-01,1547.723388671875
2021-11-02,1549.1212158203125
2021-11-03,1524.7286376953125
2021-11-04,1536.7803955078125
2021-11-08,1542.8543701171875
2021-11-09,1515.8587646484375
2021-11-10,1499.468505859375
2021-11-11,1492.7677001953125
2021-11-12,1497.2991943359375
2021-11-15,1501.396728515625
2021-11-16,1492.478515625
2021-11-17,1475.8953857421875
2021-11-18,1484.1868896484375
2021-11-22,1460.9993896484375
2021-11-23,1461.1925048828125
2021-11-24,1463.602783203125
2021-11-25,1471.2193603515625
2021-11-26,1436.4622802734375
2021-11-29,1447.4052734375
2021-11-30,1439.9814453125
2021-12-01,1450.683349609375
2021-12-02,1471.026611328125
2021-12-03,1459.26416015625
2021-12-06,1449.8638916015625
2021-12-07,1470.9781494140625
2021-12-08,1498.0704345703125
2021-12-09,1472.0870361328125
2021-12-10,1467.94140625
2021-12-13,1456.9503173828125
2021-12-14,1448.562255859375
2021-12-15,1446.2000732421875
2021-12-16,1446.29638671875
2021-12-17,1420.2166748046875
2021-12-20,1374.5167236328125
2021-12-21,1390.0875244140625
2021-12-22,1393.365478515625
2021-12-23,1392.304931640625
2021-12-24,1387.2916259765625
2021-12-27,1398.7647705078125
2021-12-28,1408.406005859375
2021-12-29,1401.7054443359375
2021-12-30,1409.0809326171875
2021-12-31,1426.3388671875
2022-01-03,1465.145263671875
2022-01-04,1473.72607421875
2022-01-05,1508.72412109375
2022-01-06,1484.5242919921875
2022-01-07,1494.93701171875
2022-01-10,1503.2286376953125
2022-01-11,1509.7364501953125
2022-01-12,1500.8182373046875
2022-01-13,1473.19580078125
2022-01-14,1489.730712890625
2022-01-17,1466.9288330078125
2022-01-18,1474.40087890625
2022-01-19,1463.98828125
2022-01-20,1454.877197265625
2022-01-21,1467.025390625
2022-01-24,1433.3289794921875
2022-01-25,1434.6787109375
2022-01-27,1422.0484619140625
2022-01-28,1410.7681884765625
2022-01-31,1432.412841796875
2022-02-01,1443.3077392578125
2022-02-02,1476.2808837890625
2022-02-03,1460.9993896484375
2022-02-04,1469.33935546875
2022-02-07,1415.4923095703125
2022-02-08,1409.41845703125
2022-02-09,1443.8861083984375
2022-02-10,1470.39990234375
2022-02-11,1464.3740234375
2022-02-14,1420.8433837890625
2022-02-15,1463.3616943359375
2022-02-16,1461.3851318359375
2022-02-17,1452.4669189453125
2022-02-18,1458.1070556640625
2022-02-21,1467.5074462890625
2022-02-22,1456.5162353515625
2022-02-23,1447.06787109375
2022-02-24,1368.4908447265625
2022-02-25,1403.8746337890625
2022-02-28,1375.09521484375
2022-03-02,1324.960205078125
2022-03-03,1321.826904296875
2022-03-04,1317.48828125
2022-03-07,1277.2840576171875
2022-03-08,1280.17626953125
2022-03-09,1321.9715576171875
2022-03-10,1342.7484130859375
2022-03-11,1346.7015380859375
2022-03-14,1390.810546875
2022-03-15,1372.9259033203125
2022-03-16,1396.209716796875
2022-03-17,1426.9656982421875
2022-03-21,1433.1842041015625
2022-03-22,1440.56005859375
2022-03-23,1426.1942138671875
2022-03-24,1390.9071044921875
2022-03-25,1379.5784912109375
2022-03-28,1381.410400390625
2022-03-29,1399.7288818359375
2022-03-30,1423.9766845703125
2022-03-31,1417.6134033203125
2022-04-01,1451.9849853515625
2022-04-04,1597.376220703125
2022-04-05,1550.5675048828125
2022-04-06,1495.2261962890625
2022-04-07,1462.3492431640625
2022-04-08,1460.3245849609375
2022-04-11,1442.4881591796875
2022-04-12,1439.93310546875
2022-04-13,1412.4071044921875
2022-04-18,1345.39990234375
2022-04-19,1294.059814453125
2022-04-20,1305.7259521484375
2022-04-21,1325.0567626953125
2022-04-22,1306.9791259765625
2022-04-25,1316.76513671875
2022-04-26,1322.8392333984375
2022-04-27,1323.3214111328125
2022-04-28,1322.164306640625
2022-04-29,1334.9390869140625
2022-05-02,1353.35400390625
2022-05-04,1307.3648681640625
2022-05-05,1304.4241943359375
2022-05-06,1270.342041015625
2022-05-09,1272.5113525390625
2022-05-10,1292.9510498046875
2022-05-11,1300.230224609375
2022-05-12,1270.9212646484375
2022-05-13,1259.5096435546875
2022-05-16,1272.9205322265625
2022-05-17,1281.6011962890625
2022-05-18,1281.503662109375
2022-05-19,1255.3157958984375
2022-05-20,1288.3797607421875
2022-05-23,1271.8477783203125
2022-05-24,1286.4290771484375
2022-05-25,1296.0362548828125
2022-05-26,1333.001708984375
2022-05-27,1357.726806640625
2022-05-30,1366.9925537109375
2022-05-31,1354.703125
2022-06-01,1360.4576416015625
2022-06-02,1350.9481201171875
2022-06-03,1346.2664794921875
2022-06-06,1344.4620361328125
2022-06-07,1329.0029296875
2022-06-08,1333.6845703125
2022-06-09,1343.73046875
2022-06-10,1317.786376953125
2022-06-13,1293.8905029296875
2022-06-14,1279.6505126953125
2022-06-15,1275.212646484375
2022-06-16,1249.70751953125
2022-06-17,1257.9490966796875
2022-06-20,1289.55029296875
2022-06-21,1303.59521484375
2022-06-22,1297.4505615234375
2022-06-23,1302.229736328125
2022-06-24,1320.419921875
2022-06-27,1322.8094482421875
2022-06-28,1312.7147216796875
2022-06-29,1310.8126220703125
2022-06-30,1314.762939453125
2022-07-01,1320.37109375
2022-07-04,1322.2242431640625
2022-07-05,1319.24951171875
2022-07-06,1337.4395751953125
2022-07-07,1361.38427734375
2022-07-08,1362.6522216796875
2022-07-11,1371.4791259765625
2022-07-12,1357.4830322265625
2022-07-13,1324.3699951171875
2022-07-14,1317.73779296875
2022-07-15,1328.466552734375
2022-07-18,1314.3240966796875
2022-07-19,1314.8116455078125
2022-07-20,1331.3924560546875
2022-07-21,1327.198486328125
2022-07-22,1358.1656494140625
2022-07-25,1362.16455078125
2022-07-26,1359.3848876953125
2022-07-27,1369.772216796875
2022-07-28,1381.915283203125
2022-07-29,1398.83740234375
2022-08-01,1410.492919921875
2022-08-02,1394.98486328125
2022-08-03,1398.252197265625
2022-08-04,1396.5941162109375
2022-08-05,1391.8638916015625
2022-08-08,1426.0008544921875
2022-08-10,1430.14599609375
2022-08-11,1449.0675048828125
2022-08-12,1448.5311279296875
2022-08-16,1465.112060546875
2022-08-17,1472.6710205078125
2022-08-18,1474.426513671875
2022-08-19,1456.236572265625
2022-08-22,1434.0960693359375
2022-08-23,1429.658447265625
2022-08-24,1436.5345458984375
2022-08-25,1428.731689453125
2022-08-26,1428.9755859375
2022-08-29,1403.9093017578125
2022-08-30,1449.457763671875
2022-09-01,1435.851806640625
2022-09-02,1448.87255859375
2022-09-05,1458.1871337890625
2022-09-06,1452.6275634765625
2022-09-07,1445.75146484375
2022-09-08,1460.6741943359375
2022-09-09,1461.6495361328125
2022-09-12,1456.72412109375
2022-09-13,1475.7919921875
2022-09-14,1490.9586181640625
2022-09-15,1483.2047119140625
2022-09-16,1455.94384765625
2022-09-19,1465.551025390625
2022-09-20,1483.2047119140625
2022-09-21,1480.91259765625
2022-09-22,1449.3602294921875
2022-09-23,1410.492919921875
2022-09-26,1391.4736328125
2022-09-27,1378.9892578125
2022-09-28,1355.2884521484375
2022-09-29,1348.265869140625
2022-09-30,1386.3043212890625
2022-10-03,1378.355224609375
2022-10-04,1417.1739501953125
2022-10-06,1401.5684814453125
2022-10-07,1395.521240234375
2022-10-10,1380.11083984375
2022-10-11,1366.11474609375
2022-10-12,1375.0391845703125
2022-10-13,1359.238525390625
2022-10-14,1403.5191650390625
2022-10-17,1410.883056640625
2022-10-18,1408.24951171875
2022-10-19,1422.6846923828125
2022-10-20,1413.07763671875
2022-10-21,1403.12890625
2022-10-24,1425.0255126953125
2022-10-25,1415.125732421875
2022-10-27,1418.5394287109375
2022-10-28,1422.7332763671875
2022-10-31,1459.79638671875
2022-11-01,1475.9384765625
2022-11-02,1476.8648681640625
2022-11-03,1470.37890625
2022-11-04,1460.2353515625
2022-11-07,1471.59814453125
2022-11-09,1471.1591796875
2022-11-10,1487.15478515625
2022-11-11,1571.424560546875
2022-11-14,1575.228271484375
2022-11-15,1579.0809326171875
2022-11-16,1592.63818359375
2022-11-17,1578.2518310546875
2022-11-18,1574.106689453125
2022-11-21,1557.9647216796875
2022-11-22,1555.6727294921875
2022-11-23,1559.7203369140625
2022-11-24,1585.0792236328125
2022-11-25,1577.7642822265625
2022-11-28,1560.793212890625
2022-11-29,1558.452392578125
2022-11-30,1568.791015625
2022-12-01,1579.568603515625
2022-12-02,1567.474365234375
2022-12-05,1573.1800537109375
2022-12-06,1571.424560546875
2022-12-07,1570.74169921875
2022-12-08,1579.568603515625
2022-12-09,1590.8338623046875
2022-12-12,1603.220703125
2022-12-13,1607.6585693359375
2022-12-14,1621.2645263671875
2022-12-15,1591.5654296875
2022-12-16,1599.2216796875
2022-12-19,1604.196044921875
2022-12-20,1593.1258544921875
2022-12-21,1577.7154541015625
2022-12-22,1572.3023681640625
2022-12-23,1558.25732421875
2022-12-26,1589.273193359375
2022-12-27,1590.882568359375
2022-12-28,1589.6146240234375
2022-12-29,1600.8310546875
2022-12-30,1588.00537109375
2023-01-02,1588.541748046875
2023-01-03,1598.9290771484375
2023-01-04,1570.3516845703125
2023-01-05,1560.2567138671875
2023-01-06,1555.0875244140625
2023-01-09,1558.1109619140625
2023-01-10,1529.6309814453125
2023-01-11,1551.6737060546875
2023-01-12,1559.9642333984375
2023-01-13,1561.1834716796875
2023-01-16,1546.2119140625
2023-01-17,1569.22998046875
2023-01-18,1596.9298095703125
2023-01-19,1603.56201171875
2023-01-20,1619.9964599609375
2023-01-23,1631.8470458984375
2023-01-24,1653.6947021484375
2023-01-25,1607.9998779296875
2023-01-27,1575.9599609375
2023-01-30,1574.3505859375
2023-01-31,1563.963134765625
2023-02-01,1587.420166015625
2023-02-02,1563.8167724609375
2023-02-03,1617.899658203125
2023-02-06,1611.0234375
2023-02-07,1613.4129638671875
2023-02-08,1613.218017578125
2023-02-09,1609.85302734375
2023-02-10,1616.2415771484375
2023-02-13,1617.460693359375
2023-02-14,1632.43212890625
2023-02-15,1629.1160888671875
2023-02-16,1623.2152099609375
2023-02-17,1615.071044921875
2023-02-20,1599.9044189453125
2023-02-21,1605.90283203125
2023-02-22,1574.399169921875
2023-02-23,1563.71923828125
2023-02-24,1549.7718505859375
2023-02-27,1553.62451171875
2023-02-28,1560.1591796875
2023-03-01,1558.6474609375
2023-03-02,1545.3826904296875
2023-03-03,1576.057373046875
2023-03-06,1587.1763916015625
2023-03-08,1590.34619140625
2023-03-09,1590.492431640625
2023-03-10,1549.479248046875
2023-03-13,1529.8748779296875
2023-03-14,1525.7783203125
2023-03-15,1503.882080078125
2023-03-16,1513.635498046875
2023-03-17,1533.873779296875
2023-03-20,1523.2425537109375
2023-03-21,1540.506103515625
2023-03-22,1536.9461669921875
2023-03-23,1524.6080322265625
2023-03-24,1522.169677734375
2023-03-27,1528.8018798828125
2023-03-28,1541.237548828125
2023-03-29,1548.6502685546875
2023-03-31,1569.864013671875
2023-04-03,1570.8392333984375
2023-04-05,1612.97412109375
2023-04-06,1625.263427734375
2023-04-10,1617.55810546875
2023-04-11,1622.2886962890625
2023-04-12,1643.3560791015625
2023-04-13,1650.7198486328125
2023-04-17,1625.55615234375
2023-04-18,1618.679931640625
2023-04-19,1624.62939453125
2023-04-20,1630.6766357421875
2023-04-21,1633.3099365234375
2023-04-24,1646.5260009765625
2023-04-25,1623.11767578125
2023-04-26,1630.5791015625
2023-04-27,1639.55224609375
2023-04-28,1645.989501953125
2023-05-02,1645.6480712890625
2023-05-03,1651.402587890625
2023-05-04,1685.1983642578125
2023-05-05,1585.5670166015625
2023-05-08,1603.9034423828125
2023-05-09,1603.9521484375
2023-05-10,1611.36474609375
2023-05-11,1612.4376220703125
2023-05-12,1626.677734375
2023-05-15,1634.48046875
2023-05-16,1625.1085205078125
2023-05-17,1616.3775634765625
2023-05-18,1622.83935546875
2023-05-19,1624.7138671875
2023-05-22,1618.942626953125
2023-05-23,1615.1444091796875
2023-05-24,1594.0328369140625
2023-05-25,1587.916259765625
2023-05-26,1594.0328369140625
2023-05-29,1613.4674072265625
2023-05-30,1614.7005615234375
2023-05-31,1589.1494140625
2023-06-01,1582.3917236328125
2023-06-02,1584.8580322265625
2023-06-05,1582.786376953125
2023-06-06,1577.853759765625
2023-06-07,1586.0418701171875
2023-06-08,1587.0283203125
2023-06-09,1588.90283203125
2023-06-12,1579.23486328125
2023-06-13,1581.8984375
2023-06-14,1580.1719970703125
2023-06-15,1560.7374267578125
2023-06-16,1581.1585693359375
2023-06-19,1582.539794921875
2023-06-20,1585.8446044921875
2023-06-21,1613.5660400390625
2023-06-22,1621.458251953125
2023-06-23,1621.359619140625
2023-06-26,1613.5167236328125
2023-06-27,1636.2562255859375
2023-06-28,1653.56982421875
2023-06-30,1678.4796142578125
2023-07-03,1696.6318359375
2023-07-04,1704.9185791015625
2023-07-05,1650.7581787109375
2023-07-06,1652.435302734375
2023-07-07,1638.031982421875
2023-07-10,1634.1351318359375
2023-07-11,1626.193603515625
2023-07-12,1610.95166015625
2023-07-13,1618.991943359375
2023-07-14,1622.34619140625
2023-07-17,1656.28271484375
2023-07-18,1654.901611328125
2023-07-19,1662.399169921875
2023-07-20,1666.0
2023-07-21,1653.1751708984375
2023-07-24,1655.7894287109375
2023-07-25,1673.7442626953125
2023-07-26,1667.9237060546875
2023-07-27,1650.6102294921875
2023-07-28,1621.359619140625
2023-07-31,1628.955810546875
2023-08-01,1639.8570556640625
2023-08-02,1618.4000244140625
2023-08-03,1606.709716796875
2023-08-04,1629.9423828125
2023-08-07,1629.0052490234375
2023-08-08,1627.6734619140625
2023-08-09,1628.2652587890625
2023-08-10,1613.8126220703125
2023-08-11,1596.992431640625
2023-08-14,1589.1988525390625
2023-08-16,1584.56201171875
2023-08-17,1575.7821044921875
2023-08-18,1569.3201904296875
2023-08-21,1568.0870361328125
2023-08-22,1561.378662109375
2023-08-23,1565.22607421875
2023-08-24,1558.0245361328125
2023-08-25,1540.4642333984375
2023-08-28,1556.495361328125
2023-08-29,1568.8763427734375
2023-08-30,1557.4324951171875
2023-08-31,1550.2801513671875
2023-09-01,1553.4864501953125
2023-09-04,1563.203857421875
2023-09-05,1553.683837890625
2023-09-06,1574.0062255859375
2023-09-07,1589.1494140625
2023-09-08,1601.5303955078125
2023-09-11,1609.8172607421875
2023-09-12,1614.8485107421875
2023-09-13,1621.7542724609375
2023-09-14,1620.7677001953125
2023-09-15,1639.36376953125
2023-09-18,1607.1043701171875
2023-09-20,1542.6346435546875
2023-09-21,1532.424072265625
2023-09-22,1509.0433349609375
2023-09-25,1510.3751220703125
2023-09-26,1516.935546875
2023-09-27,1506.281005859375
2023-09-28,1503.1734619140625
2023-09-29,1505.738525390625
2023-10-03,1487.734375
2023-10-04,1508.9447021484375
2023-10-05,1515.0611572265625
2023-10-06,1513.3841552734375
2023-10-09,1495.8238525390625
2023-10-10,1504.3079833984375
2023-10-11,1518.8592529296875
2023-10-12,1528.97119140625
2023-10-13,1515.0611572265625
2023-10-16,1508.9940185546875
2023-10-17,1520.437744140625
2023-10-18,1499.2767333984375
2023-10-19,1494.5413818359375
2023-10-20,1502.28564453125
2023-10-23,1485.7613525390625
2023-10-25,1476.3399658203125
2023-10-26,1443.6859130859375
2023-10-27,1449.3583984375
2023-10-30,1465.093505859375
2023-10-31,1456.609375
2023-11-01,1454.6363525390625
2023-11-02,1456.85595703125
2023-11-03,1463.76171875
2023-11-06,1474.3668212890625
2023-11-07,1467.2144775390625
2023-11-08,1471.4566650390625
2023-11-09,1465.6361083984375
2023-11-10,1471.4072265625
2023-11-13,1468.74365234375
2023-11-15,1484.133544921875
2023-11-16,1488.0302734375
2023-11-17,1484.8240966796875
2023-11-20,1484.9227294921875
2023-11-21,1497.5008544921875
2023-11-22,1492.1737060546875
2023-11-23,1500.805908203125
2023-11-24,1511.4603271484375
2023-11-28,1508.056884765625
2023-11-29,1538.14599609375
2023-11-30,1537.8006591796875
2023-12-01,1534.446533203125
2023-12-04,1587.718994140625
2023-12-05,1601.8262939453125
2023-12-06,1605.8712158203125
2023-12-07,1608.4853515625
2023-12-08,1630.928955078125
2023-12-11,1628.758544921875
2023-12-12,1612.5794677734375
2023-12-13,1608.9293212890625
2023-12-14,1627.9200439453125
2023-12-15,1634.23388671875
2023-12-18,1633.395263671875
2023-12-19,1630.633056640625
2023-12-20,1634.677734375
2023-12-21,1663.9775390625
2023-12-22,1648.3411865234375
2023-12-26,1659.784912109375
2023-12-27,1680.3541259765625
2023-12-28,1682.2777099609375
2023-12-29,1686.223876953125
