Date,TATAMOTORS.NS(close)
2011-01-03,245.7106170654297
2011-01-04,243.82333374023438
2011-01-05,240.89385986328125
2011-01-06,236.8000946044922
2011-01-07,223.5047607421875
2011-01-10,220.9696044921875
2011-01-11,217.4673614501953
2011-01-12,228.72525024414062
2011-01-13,232.2368621826172
2011-01-14,222.0399932861328
2011-01-17,221.3733367919922
2011-01-18,225.2605438232422
2011-01-19,223.9835968017578
2011-01-20,224.3497772216797
2011-01-21,222.9789276123047
2011-01-24,223.14793395996094
2011-01-25,218.96026611328125
2011-01-27,224.56573486328125
2011-01-28,216.0120086669922
2011-01-31,215.40170288085938
2011-02-01,200.75425720214844
2011-02-02,209.2422637939453
2011-02-03,217.2326202392578
2011-02-04,216.11529541015625
2011-02-07,215.27024841308594
2011-02-08,208.86668395996094
2011-02-09,201.60870361328125
2011-02-10,207.0357666015625
2011-02-11,214.58482360839844
2011-02-14,227.08209228515625
2011-02-15,232.35891723632812
2011-02-16,232.56544494628906
2011-02-17,234.4715118408203
2011-02-18,226.38726806640625
2011-02-21,218.16217041015625
2011-02-22,213.48626708984375
2011-02-23,214.81015014648438
2011-02-24,198.00318908691406
2011-02-25,208.57562255859375
2011-02-28,203.32696533203125
2011-03-01,214.42520141601562
2011-03-03,220.93203735351562
2011-03-04,220.7911834716797
2011-03-07,211.81497192382812
2011-03-08,218.23728942871094
2011-03-09,218.4532470703125
2011-03-10,218.77249145507812
2011-03-11,218.32179260253906
2011-03-14,220.8005828857422
2011-03-15,214.47213745117188
2011-03-16,219.0541534423828
2011-03-17,214.0684051513672
2011-03-18,209.84317016601562
2011-03-21,210.54739379882812
2011-03-22,213.34542846679688
2011-03-23,213.49566650390625
2011-03-24,217.32652282714844
2011-03-25,222.31227111816406
2011-03-28,229.85194396972656
2011-03-29,232.75328063964844
2011-03-30,234.54664611816406
2011-03-31,234.42457580566406
2011-04-01,233.19456481933594
2011-04-04,235.52313232421875
2011-04-05,240.4337615966797
2011-04-06,243.87965393066406
2011-04-07,242.41494750976562
2011-04-08,235.3541259765625
2011-04-11,229.0162811279297
2011-04-13,234.5184783935547
2011-04-15,232.07723999023438
2011-04-18,226.443603515625
2011-04-19,225.58917236328125
2011-04-20,235.06304931640625
2011-04-21,233.5607452392578
2011-04-25,233.3354034423828
2011-04-26,236.85643005371094
2011-04-27,234.64053344726562
2011-04-28,231.4105987548828
2011-04-29,232.26502990722656
2011-05-02,230.10545349121094
2011-05-03,218.41567993164062
2011-05-04,217.70208740234375
2011-05-05,213.5426025390625
2011-05-06,225.33566284179688
2011-05-09,220.9977569580078
2011-05-10,222.76295471191406
2011-05-11,227.53277587890625
2011-05-12,222.90382385253906
2011-05-13,227.4200897216797
2011-05-16,228.30271911621094
2011-05-17,223.27940368652344
2011-05-18,215.7960662841797
2011-05-19,216.11529541015625
2011-05-20,219.45791625976562
2011-05-23,212.0966339111328
2011-05-24,210.66944885253906
2011-05-25,212.9134979248047
2011-05-26,218.2842559814453
2011-05-27,204.4724578857422
2011-05-30,202.31289672851562
2011-05-31,205.68370056152344
2011-06-01,202.79176330566406
2011-06-02,196.83889770507812
2011-06-03,192.2568817138672
2011-06-06,192.2380828857422
2011-06-07,192.89537048339844
2011-06-08,193.14886474609375
2011-06-09,191.75926208496094
2011-06-10,191.4681854248047
2011-06-13,189.72177124023438
2011-06-14,184.78294372558594
2011-06-15,186.68899536132812
2011-06-16,184.71722412109375
2011-06-17,184.21018981933594
2011-06-20,174.8302001953125
2011-06-21,175.8066864013672
2011-06-22,175.75035095214844
2011-06-23,177.459228515625
2011-06-24,181.4872589111328
2011-06-27,183.60926818847656
2011-06-28,184.91439819335938
2011-06-29,187.25234985351562
2011-06-30,186.6983642578125
2011-07-01,186.79226684570312
2011-07-04,189.9752655029297
2011-07-05,190.78273010253906
2011-07-06,194.45399475097656
2011-07-07,198.20034790039062
2011-07-08,197.92808532714844
2011-07-11,197.7121124267578
2011-07-12,192.4634246826172
2011-07-13,196.36941528320312
2011-07-14,200.5758514404297
2011-07-15,193.99391174316406
2011-07-18,190.56678771972656
2011-07-19,188.48834228515625
2011-07-20,185.5957489013672
2011-07-21,187.15699768066406
2011-07-22,190.97865295410156
2011-07-25,192.78890991210938
2011-07-26,186.4003143310547
2011-07-27,183.4597930908203
2011-07-28,182.11888122558594
2011-07-29,181.6208038330078
2011-08-01,184.187744140625
2011-08-02,183.21078491210938
2011-08-03,177.7991180419922
2011-08-04,175.07894897460938
2011-08-05,170.4143829345703
2011-08-08,158.556640625
2011-08-09,152.11053466796875
2011-08-10,161.7174072265625
2011-08-11,162.63693237304688
2011-08-12,153.25035095214844
2011-08-16,153.54727172851562
2011-08-17,149.19879150390625
2011-08-18,144.06491088867188
2011-08-19,136.4598388671875
2011-08-22,141.18190002441406
2011-08-23,139.38119506835938
2011-08-24,134.2377166748047
2011-08-25,136.8238067626953
2011-08-26,133.80670166015625
2011-08-29,139.96543884277344
2011-08-30,142.19715881347656
2011-09-02,144.58212280273438
2011-09-05,144.2852020263672
2011-09-06,146.69891357421875
2011-09-07,147.33102416992188
2011-09-08,151.45921325683594
2011-09-09,146.52647399902344
2011-09-12,140.17616271972656
2011-09-13,133.7109375
2011-09-14,136.4885711669922
2011-09-15,144.8215789794922
2011-09-16,155.02227783203125
2011-09-19,154.8786163330078
2011-09-20,159.1887969970703
2011-09-21,157.895751953125
2011-09-22,148.12600708007812
2011-09-23,140.6550750732422
2011-09-26,140.55929565429688
2011-09-27,149.17962646484375
2011-09-28,149.4669647216797
2011-09-29,154.11236572265625
2011-09-30,149.4669647216797
2011-10-03,147.1203155517578
2011-10-04,140.5113983154297
2011-10-05,141.18190002441406
2011-10-07,152.4362030029297
2011-10-10,163.54685974121094
2011-10-11,169.29373168945312
2011-10-12,173.12498474121094
2011-10-13,168.43170166015625
2011-10-14,172.4545440673828
2011-10-17,180.16493225097656
2011-10-18,173.60389709472656
2011-10-19,179.06344604492188
2011-10-20,175.3758544921875
2011-10-21,170.6346893310547
2011-10-24,178.2971954345703
2011-10-25,183.70883178710938
2011-10-28,198.07608032226562
2011-10-31,190.07830810546875
2011-11-01,185.28924560546875
2011-11-02,183.99618530273438
2011-11-03,180.7396240234375
2011-11-04,180.16493225097656
2011-11-08,181.69744873046875
2011-11-09,176.95623779296875
2011-11-11,173.79547119140625
2011-11-14,170.29946899414062
2011-11-15,173.60389709472656
2011-11-16,174.609619140625
2011-11-17,167.76121520996094
2011-11-18,163.1158447265625
2011-11-21,154.7349395751953
2011-11-22,165.17514038085938
2011-11-23,161.24810791015625
2011-11-24,165.74981689453125
2011-11-25,164.60044860839844
2011-11-28,174.1785888671875
2011-11-29,169.96420288085938
2011-11-30,165.51036071777344
2011-12-01,175.2800750732422
2011-12-02,183.80462646484375
2011-12-05,183.5172882080078
2011-12-07,183.32574462890625
2011-12-08,180.59596252441406
2011-12-09,175.2800750732422
2011-12-12,169.86842346191406
2011-12-13,171.35305786132812
2011-12-14,169.6289825439453
2011-12-15,165.36669921875
2011-12-16,165.12725830078125
2011-12-19,172.21507263183594
2011-12-20,167.5217742919922
2011-12-21,169.53318786621094
2011-12-22,175.8547821044922
2011-12-23,177.14781188964844
2011-12-26,178.87188720703125
2011-12-27,174.4180450439453
2011-12-28,172.59820556640625
2011-12-29,171.5924835205078
2011-12-30,171.16146850585938
2012-01-02,176.1899871826172
2012-01-03,185.76815795898438
2012-01-04,192.71231079101562
2012-01-05,193.57432556152344
2012-01-06,195.01107788085938
2012-01-09,192.13760375976562
2012-01-10,196.44778442382812
2012-01-11,196.25621032714844
2012-01-12,197.50135803222656
2012-01-13,199.99169921875
2012-01-16,204.7328643798828
2012-01-17,208.22889709472656
2012-01-18,204.8286590576172
2012-01-19,209.234619140625
2012-01-20,209.85719299316406
2012-01-23,209.85719299316406
2012-01-24,212.5869598388672
2012-01-25,221.20729064941406
2012-01-27,229.73184204101562
2012-01-30,224.0328369140625
2012-01-31,233.4673309326172
2012-02-01,237.92117309570312
2012-02-02,236.05340576171875
2012-02-03,237.20278930664062
2012-02-06,241.1298370361328
2012-02-07,239.78887939453125
2012-02-08,240.02833557128906
2012-02-09,246.4457244873047
2012-02-10,246.4936065673828
2012-02-13,247.40350341796875
2012-02-14,256.64642333984375
2012-02-15,275.7069396972656
2012-02-16,264.2610778808594
2012-02-17,262.3932800292969
2012-02-21,259.8551025390625
2012-02-22,257.1253662109375
2012-02-23,257.1253662109375
2012-02-24,254.25189208984375
2012-02-27,248.98391723632812
2012-02-28,261.8186340332031
2012-02-29,259.5199279785156
2012-03-01,255.92808532714844
2012-03-02,256.3591003417969
2012-03-05,262.5848693847656
2012-03-06,255.7365264892578
2012-03-07,256.64642333984375
2012-03-09,268.8106994628906
2012-03-12,272.2109069824219
2012-03-13,271.0615539550781
2012-03-14,277.7662048339844
2012-03-15,278.197265625
2012-03-16,274.6054382324219
2012-03-19,271.49261474609375
2012-03-20,259.95086669921875
2012-03-21,264.45263671875
2012-03-22,258.7057189941406
2012-03-23,261.1960754394531
2012-03-26,257.07745361328125
2012-03-27,261.2918395996094
2012-03-28,259.7114562988281
2012-03-29,260.4776916503906
2012-03-30,263.63848876953125
2012-04-02,265.12310791015625
2012-04-03,269.3853759765625
2012-04-04,266.7992248535156
2012-04-09,263.9737548828125
2012-04-10,271.7799377441406
2012-04-11,271.1094665527344
2012-04-12,274.12652587890625
2012-04-13,277.0957336425781
2012-04-16,288.01483154296875
2012-04-17,288.6374206542969
2012-04-18,296.68310546875
2012-04-19,305.7823181152344
2012-04-20,303.2919921875
2012-04-23,296.68310546875
2012-04-24,298.69451904296875
2012-04-25,300.70587158203125
2012-04-26,298.9339294433594
2012-04-27,299.4607238769531
2012-04-30,303.1961975097656
2012-05-02,291.654541015625
2012-05-03,288.2542724609375
2012-05-04,289.0684814453125
2012-05-07,295.3900451660156
2012-05-08,283.8962707519531
2012-05-09,280.4959716796875
2012-05-10,276.9999694824219
2012-05-11,284.9498291015625
2012-05-14,278.3409423828125
2012-05-15,278.10150146484375
2012-05-16,257.652099609375
2012-05-17,259.7114562988281
2012-05-18,248.93603515625
2012-05-21,250.80374145507812
2012-05-22,253.91665649414062
2012-05-23,250.420654296875
2012-05-24,255.7365264892578
2012-05-25,257.70001220703125
2012-05-28,264.9315490722656
2012-05-29,264.1174011230469
2012-05-30,232.79684448242188
2012-05-31,223.17079162597656
2012-06-01,215.0772705078125
2012-06-04,219.19589233398438
2012-06-05,212.2996063232422
2012-06-06,224.51174926757812
2012-06-07,226.47525024414062
2012-06-08,229.10926818847656
2012-06-11,225.5653533935547
2012-06-12,232.7010498046875
2012-06-13,227.3852081298828
2012-06-14,217.13656616210938
2012-06-15,230.16285705566406
2012-06-18,227.91200256347656
2012-06-19,228.1035614013672
2012-06-20,235.57449340820312
2012-06-21,237.72959899902344
2012-06-22,236.67601013183594
2012-06-25,235.81394958496094
2012-06-26,236.29286193847656
2012-06-27,229.10926818847656
2012-06-28,230.21075439453125
2012-06-29,232.22215270996094
2012-07-02,227.91200256347656
2012-07-03,227.52886962890625
2012-07-04,226.23582458496094
2012-07-05,229.87551879882812
2012-07-06,230.49807739257812
2012-07-09,230.6896514892578
2012-07-10,236.10128784179688
2012-07-11,231.2643585205078
2012-07-12,226.8105010986328
2012-07-13,225.99635314941406
2012-07-16,219.57899475097656
2012-07-17,216.3703155517578
2012-07-18,216.07778930664062
2012-07-19,219.1980438232422
2012-07-20,217.8329315185547
2012-07-23,210.6660919189453
2012-07-24,210.4710693359375
2012-07-25,207.6920928955078
2012-07-26,199.98898315429688
2012-07-27,207.54583740234375
2012-07-30,216.17527770996094
2012-07-31,220.61192321777344
2012-08-01,221.68450927734375
2012-08-02,217.15037536621094
2012-08-03,215.44398498535156
2012-08-06,223.34214782714844
2012-08-07,232.84918212890625
2012-08-08,235.48190307617188
2012-08-09,233.3367156982422
2012-08-10,226.1698760986328
2012-08-13,222.5620880126953
2012-08-14,229.14385986328125
2012-08-16,229.5826873779297
2012-08-17,234.21429443359375
2012-08-21,240.0647735595703
2012-08-22,241.91741943359375
2012-08-23,239.1872100830078
2012-08-24,239.91851806640625
2012-08-27,235.04310607910156
2012-08-28,231.38656616210938
2012-08-29,227.58372497558594
2012-08-30,230.8502655029297
2012-08-31,228.46133422851562
2012-09-03,225.1460418701172
2012-09-04,228.9976043701172
2012-09-05,223.00086975097656
2012-09-06,227.24246215820312
2012-09-07,237.23704528808594
2012-09-10,242.69747924804688
2012-09-11,243.5750732421875
2012-09-12,256.6899108886719
2012-09-13,252.9358367919922
2012-09-14,263.5641784667969
2012-09-17,270.9260559082031
2012-09-18,266.6844482421875
2012-09-20,264.8318176269531
2012-09-21,268.5859069824219
2012-09-24,266.8794860839844
2012-09-25,262.1990966796875
2012-09-26,256.5436096191406
2012-09-27,253.3258819580078
2012-09-28,260.88275146484375
2012-10-01,267.85455322265625
2012-10-03,266.6844482421875
2012-10-04,267.46453857421875
2012-10-05,273.5588073730469
2012-10-08,265.66064453125
2012-10-09,262.9791564941406
2012-10-10,260.7852478027344
2012-10-11,266.9769592285156
2012-10-12,264.49053955078125
2012-10-15,262.6866455078125
2012-10-16,255.76356506347656
2012-10-17,258.2987976074219
2012-10-18,263.51544189453125
2012-10-19,262.2966003417969
2012-10-22,260.39520263671875
2012-10-23,258.00628662109375
2012-10-25,254.73974609375
2012-10-29,250.3518829345703
2012-10-30,241.4786376953125
2012-10-31,248.40171813964844
2012-11-01,260.7852478027344
2012-11-02,263.3204345703125
2012-11-05,263.07666015625
2012-11-06,260.2976989746094
2012-11-07,262.6379089355469
2012-11-08,276.8740539550781
2012-11-09,273.6075439453125
2012-11-12,273.7537841796875
2012-11-15,265.46563720703125
2012-11-16,258.39630126953125
2012-11-19,257.51873779296875
2012-11-20,259.4688720703125
2012-11-21,258.8838195800781
2012-11-22,252.30203247070312
2012-11-23,254.00843811035156
2012-11-26,256.6411437988281
2012-11-27,260.0051574707031
2012-11-29,271.5110778808594
2012-11-30,266.6357116699219
2012-12-03,265.3193664550781
2012-12-04,264.7830810546875
2012-12-05,268.09832763671875
2012-12-06,273.851318359375
2012-12-07,274.8751220703125
2012-12-10,272.9737854003906
2012-12-11,271.1698303222656
2012-12-12,269.6097412109375
2012-12-13,280.7256164550781
2012-12-14,284.82098388671875
2012-12-17,286.722412109375
2012-12-18,290.9151916503906
2012-12-19,300.0809631347656
2012-12-20,297.3019714355469
2012-12-21,291.93902587890625
2012-12-24,299.3008728027344
2012-12-26,298.4720764160156
2012-12-27,301.49481201171875
2012-12-28,302.32366943359375
2012-12-31,304.8588562011719
2013-01-01,308.856689453125
2013-01-02,310.0755310058594
2013-01-03,310.17303466796875
2013-01-04,307.5403137207031
2013-01-07,305.4439392089844
2013-01-08,306.3215026855469
2013-01-09,319.1925354003906
2013-01-10,325.38427734375
2013-01-11,322.1665344238281
2013-01-14,319.5338134765625
2013-01-15,323.287841796875
2013-01-16,312.0744323730469
2013-01-17,320.752685546875
2013-01-18,320.3626708984375
2013-01-21,315.1946716308594
2013-01-22,310.61181640625
2013-01-23,305.2488708496094
2013-01-24,286.1373291015625
2013-01-25,293.4991149902344
2013-01-28,300.8609924316406
2013-01-29,296.6681823730469
2013-01-30,291.7440185546875
2013-01-31,290.5739440917969
2013-02-01,274.63134765625
2013-02-04,284.7234802246094
2013-02-05,280.0431213378906
2013-02-06,279.0679931640625
2013-02-07,281.4081726074219
2013-02-08,278.28790283203125
2013-02-11,283.65087890625
2013-02-12,291.1102294921875
2013-02-13,297.1069641113281
2013-02-14,289.7938232421875
2013-02-15,296.8631591796875
2013-02-18,298.1795349121094
2013-02-19,299.1058654785156
2013-02-20,296.37567138671875
2013-02-21,290.1351013183594
2013-02-22,285.6010437011719
2013-02-25,291.6952819824219
2013-02-26,282.1882629394531
2013-02-27,279.1167297363281
2013-02-28,280.3843688964844
2013-03-01,281.21319580078125
2013-03-04,282.5295104980469
2013-03-05,293.0116271972656
2013-03-06,301.6898498535156
2013-03-07,298.2770690917969
2013-03-08,296.2294006347656
2013-03-11,294.0354309082031
2013-03-12,297.1069641113281
2013-03-13,293.4991149902344
2013-03-14,293.4991149902344
2013-03-15,283.84588623046875
2013-03-18,279.7017822265625
2013-03-19,274.5826110839844
2013-03-20,278.53167724609375
2013-03-21,266.781982421875
2013-03-22,263.6129455566406
2013-03-25,264.00299072265625
2013-03-26,268.9271545410156
2013-03-28,262.4428405761719
2013-04-01,258.8838195800781
2013-04-02,260.5414733886719
2013-04-03,250.79066467285156
2013-04-04,251.27818298339844
2013-04-05,248.8404998779297
2013-04-08,250.30313110351562
2013-04-09,256.2998352050781
2013-04-10,261.321533203125
2013-04-11,271.21856689453125
2013-04-12,268.2933654785156
2013-04-15,262.2966003417969
2013-04-16,264.1980285644531
2013-04-17,264.4418029785156
2013-04-18,275.4114685058594
2013-04-22,278.14166259765625
2013-04-23,274.485107421875
2013-04-25,285.9910583496094
2013-04-26,288.9162902832031
2013-04-29,288.7700500488281
2013-04-30,292.52410888671875
2013-05-02,289.9400939941406
2013-05-03,278.4829406738281
2013-05-06,283.7971496582031
2013-05-07,290.9639587402344
2013-05-08,292.7678527832031
2013-05-09,292.62158203125
2013-05-10,301.3485412597656
2013-05-13,290.03759765625
2013-05-14,292.8166198730469
2013-05-15,301.15350341796875
2013-05-16,296.0831298828125
2013-05-17,295.79058837890625
2013-05-20,294.52301025390625
2013-05-21,285.6497802734375
2013-05-22,283.8946533203125
2013-05-23,283.7971496582031
2013-05-24,280.920654296875
2013-05-27,287.16119384765625
2013-05-28,288.42877197265625
2013-05-29,296.2294006347656
2013-05-30,309.14923095703125
2013-05-31,305.49267578125
2013-06-03,306.22393798828125
2013-06-04,298.4720764160156
2013-06-05,299.6421813964844
2013-06-06,299.05712890625
2013-06-07,294.3767395019531
2013-06-10,288.6725158691406
2013-06-11,285.84478759765625
2013-06-12,286.2348327636719
2013-06-13,275.89898681640625
2013-06-14,289.4038391113281
2013-06-17,291.98779296875
2013-06-18,290.18389892578125
2013-06-19,284.82098388671875
2013-06-20,281.554443359375
2013-06-21,279.8968505859375
2013-06-24,276.8253173828125
2013-06-25,274.4363708496094
2013-06-26,265.85565185546875
2013-06-27,263.5641784667969
2013-06-28,274.29010009765625
2013-07-01,282.5782775878906
2013-07-02,279.311767578125
2013-07-03,277.1178283691406
2013-07-04,285.0159912109375
2013-07-05,288.81878662109375
2013-07-08,280.6281433105469
2013-07-09,281.8957214355469
2013-07-10,276.9715881347656
2013-07-11,277.8004150390625
2013-07-12,285.21099853515625
2013-07-15,281.2619323730469
2013-07-16,284.28466796875
2013-07-17,278.14166259765625
2013-07-18,279.75054931640625
2013-07-19,287.30743408203125
2013-07-22,290.42767333984375
2013-07-23,291.35400390625
2013-07-24,289.891357421875
2013-07-25,292.42657470703125
2013-07-26,282.7245178222656
2013-07-29,288.3800048828125
2013-07-30,279.6918029785156
2013-07-31,285.1894226074219
2013-08-01,283.6677551269531
2013-08-02,285.1403503417969
2013-08-05,279.5445251464844
2013-08-06,282.2933654785156
2013-08-07,273.8014831542969
2013-08-08,273.70330810546875
2013-08-12,276.1575927734375
2013-08-13,285.5330505371094
2013-08-14,313.2665710449219
2013-08-16,308.2107238769531
2013-08-19,296.1846618652344
2013-08-20,282.6860656738281
2013-08-21,278.1701354980469
2013-08-22,286.6129150390625
2013-08-23,295.4483642578125
2013-08-26,292.6504821777344
2013-08-27,284.74761962890625
2013-08-28,292.50323486328125
2013-08-29,300.40606689453125
2013-08-30,293.7794494628906
2013-09-02,294.22119140625
2013-09-03,291.9141540527344
2013-09-04,306.0018615722656
2013-09-05,312.2848815917969
2013-09-06,311.9903564453125
2013-09-10,343.2090148925781
2013-09-11,334.2262878417969
2013-09-12,327.354248046875
2013-09-13,327.94329833984375
2013-09-16,325.2926330566406
2013-09-17,328.9250183105469
2013-09-18,330.6921081542969
2013-09-19,342.7672119140625
2013-09-20,332.1646728515625
2013-09-23,327.7469177246094
2013-09-24,330.93756103515625
2013-09-25,337.8095703125
2013-09-26,337.26959228515625
2013-09-27,333.8826904296875
2013-09-30,326.421630859375
2013-10-01,329.5140380859375
2013-10-03,339.625732421875
2013-10-04,343.6507873535156
2013-10-07,341.54010009765625
2013-10-08,344.1416320800781
2013-10-09,347.72491455078125
2013-10-10,364.8559265136719
2013-10-11,378.25634765625
2013-10-14,383.3122253417969
2013-10-15,381.741455078125
2013-10-17,366.57391357421875
2013-10-18,372.70965576171875
2013-10-21,373.10235595703125
2013-10-22,373.05328369140625
2013-10-23,367.8011169433594
2013-10-24,372.3660888671875
2013-10-25,369.3718566894531
2013-10-28,370.6971435546875
2013-10-29,374.673095703125
2013-10-30,372.66058349609375
2013-10-31,374.1822204589844
2013-11-01,377.5691833496094
2013-11-05,388.0736083984375
2013-11-06,383.9012756347656
2013-11-07,373.2005310058594
2013-11-08,377.1274108886719
2013-11-11,370.206298828125
2013-11-12,353.4189147949219
2013-11-13,359.50555419921875
2013-11-14,379.9743957519531
2013-11-18,385.079345703125
2013-11-19,384.19580078125
2013-11-20,378.9435729980469
2013-11-21,376.14569091796875
2013-11-22,367.3101806640625
2013-11-25,379.09088134765625
2013-11-26,383.11590576171875
2013-11-27,391.9023132324219
2013-11-28,390.6260681152344
2013-11-29,391.4114074707031
2013-12-02,392.5894470214844
2013-12-03,391.7550354003906
2013-12-04,385.4720153808594
2013-12-05,383.16497802734375
2013-12-06,383.7540283203125
2013-12-09,386.25738525390625
2013-12-10,383.55767822265625
2013-12-11,370.89349365234375
2013-12-12,353.8606872558594
2013-12-13,363.5796813964844
2013-12-16,361.32171630859375
2013-12-17,360.1436462402344
2013-12-18,361.76348876953125
2013-12-19,362.7943115234375
2013-12-20,366.868408203125
2013-12-23,368.7828063964844
2013-12-24,365.837646484375
2013-12-26,363.48150634765625
2013-12-27,365.10137939453125
2013-12-30,367.9483642578125
2013-12-31,369.51910400390625
2014-01-01,368.0956115722656
2014-01-02,365.5431213378906
2014-01-03,356.06951904296875
2014-01-06,360.2418212890625
2014-01-07,358.4256286621094
2014-01-08,363.48150634765625
2014-01-09,361.22357177734375
2014-01-10,360.2909240722656
2014-01-13,369.2736511230469
2014-01-14,365.003173828125
2014-01-15,370.4026184082031
2014-01-16,362.9906311035156
2014-01-17,362.9415588378906
2014-01-20,368.0465087890625
2014-01-21,377.7655334472656
2014-01-22,379.041748046875
2014-01-23,376.58746337890625
2014-01-24,363.6287841796875
2014-01-27,341.8836975097656
2014-01-28,349.7374267578125
2014-01-29,345.3197326660156
2014-01-30,355.13690185546875
2014-01-31,343.159912109375
2014-02-03,330.2503356933594
2014-02-04,339.527587890625
2014-02-05,348.6084289550781
2014-02-06,351.1118469238281
2014-02-07,353.615234375
2014-02-10,357.3948669433594
2014-02-11,367.65380859375
2014-02-12,369.7645263671875
2014-02-13,369.07733154296875
2014-02-14,381.6923828125
2014-02-17,379.53265380859375
2014-02-18,384.244873046875
2014-02-19,384.3430480957031
2014-02-20,384.6866455078125
2014-02-21,388.9571228027344
2014-02-24,389.30072021484375
2014-02-25,391.215087890625
2014-02-26,393.8656921386719
2014-02-28,409.32781982421875
2014-03-03,403.19207763671875
2014-03-04,405.351806640625
2014-03-05,402.1121826171875
2014-03-06,400.983154296875
2014-03-07,401.6213073730469
2014-03-10,388.76080322265625
2014-03-11,390.6751403808594
2014-03-12,381.741455078125
2014-03-13,380.90704345703125
2014-03-14,386.0610656738281
2014-03-18,374.2803955078125
2014-03-19,377.32373046875
2014-03-20,372.75872802734375
2014-03-21,382.0359802246094
2014-03-24,384.3430480957031
2014-03-25,383.7049255371094
2014-03-26,394.3074951171875
2014-03-27,389.4479675292969
2014-03-28,390.0369873046875
2014-03-31,391.3623352050781
2014-04-01,395.78009033203125
2014-04-02,406.5299072265625
2014-04-03,403.83013916015625
2014-04-04,398.0871276855469
2014-04-07,396.61456298828125
2014-04-09,413.2055969238281
2014-04-10,422.9245910644531
2014-04-11,415.856201171875
2014-04-15,404.419189453125
2014-04-16,403.63385009765625
2014-04-17,421.25567626953125
2014-04-21,424.2008361816406
2014-04-22,420.9611511230469
2014-04-23,417.27972412109375
2014-04-24,417.27972412109375
2014-04-25,415.5126037597656
2014-04-28,408.8369140625
2014-04-29,401.4740295410156
2014-04-30,407.1679992675781
2014-05-02,407.1679992675781
2014-05-05,406.87347412109375
2014-05-06,411.4875793457031
2014-05-07,409.0823669433594
2014-05-08,415.3162841796875
2014-05-09,419.6849060058594
2014-05-12,437.0613708496094
2014-05-13,432.8890686035156
2014-05-14,434.2634582519531
2014-05-15,431.6128234863281
2014-05-16,441.6263732910156
2014-05-19,436.2760009765625
2014-05-20,431.80914306640625
2014-05-21,428.9621887207031
2014-05-22,422.9245910644531
2014-05-23,423.41546630859375
2014-05-26,435.9324035644531
2014-05-27,428.61859130859375
2014-05-28,420.9120788574219
2014-05-29,416.5434265136719
2014-05-30,407.4625549316406
2014-06-02,413.0583190917969
2014-06-03,413.2055969238281
2014-06-04,414.3345642089844
2014-06-05,427.0478210449219
2014-06-06,431.0728454589844
2014-06-09,440.3992004394531
2014-06-10,445.1114501953125
2014-06-11,437.601318359375
2014-06-12,441.33184814453125
2014-06-13,430.2384033203125
2014-06-16,422.97369384765625
2014-06-17,432.8399658203125
2014-06-18,425.23162841796875
2014-06-19,430.5820007324219
2014-06-20,430.0420837402344
2014-06-23,427.6368713378906
2014-06-24,434.0671081542969
2014-06-25,435.14697265625
2014-06-26,429.99298095703125
2014-06-27,424.4462585449219
2014-06-30,423.41546630859375
2014-07-01,442.5589599609375
2014-07-02,447.4676208496094
2014-07-03,461.1625671386719
2014-07-04,460.8680419921875
2014-07-07,470.0962219238281
2014-07-08,461.407958984375
2014-07-09,450.8094177246094
2014-07-10,446.76715087890625
2014-07-11,439.6685791015625
2014-07-14,449.5770263671875
2014-07-15,456.37982177734375
2014-07-16,463.6755676269531
2014-07-17,468.60516357421875
2014-07-18,468.60516357421875
2014-07-21,468.2601013183594
2014-07-22,479.8445739746094
2014-07-23,478.0206298828125
2014-07-24,478.4150085449219
2014-07-25,454.60516357421875
2014-07-28,447.457275390625
2014-07-30,444.99249267578125
2014-07-31,440.457275390625
2014-08-01,433.8023986816406
2014-08-04,440.30938720703125
2014-08-05,450.3657531738281
2014-08-06,441.2460021972656
2014-08-07,435.7742004394531
2014-08-08,426.8023986816406
2014-08-11,440.2601013183594
2014-08-12,467.3234558105469
2014-08-13,466.83050537109375
2014-08-14,477.774169921875
2014-08-18,496.7037353515625
2014-08-19,511.5417175292969
2014-08-20,505.0346984863281
2014-08-21,505.52764892578125
2014-08-22,504.34454345703125
2014-08-25,501.2389221191406
2014-08-26,505.4290771484375
2014-08-27,514.3515625
2014-08-28,517.6544189453125
2014-09-01,512.6755981445312
2014-09-02,508.97833251953125
2014-09-03,515.2388916015625
2014-09-04,505.7741394042969
2014-09-05,498.87274169921875
2014-09-08,502.91497802734375
2014-09-09,509.8656921386719
2014-09-10,509.27410888671875
2014-09-11,507.1051025390625
2014-09-12,509.91497802734375
2014-09-15,505.1825866699219
2014-09-16,492.7107849121094
2014-09-17,499.8093566894531
2014-09-18,517.9994506835938
2014-09-19,511.591064453125
2014-09-22,532.443115234375
2014-09-23,510.5065002441406
2014-09-24,506.16851806640625
2014-09-25,497.2459411621094
2014-09-26,503.9009094238281
2014-09-29,503.5558166503906
2014-09-30,495.07696533203125
2014-10-01,495.6684875488281
2014-10-07,497.8375244140625
2014-10-08,501.8304443359375
2014-10-09,513.2671508789062
2014-10-10,485.7600402832031
2014-10-13,489.26007080078125
2014-10-14,481.12628173828125
2014-10-15,481.12628173828125
2014-10-16,476.98541259765625
2014-10-17,469.0981140136719
2014-10-20,487.6826171875
2014-10-21,494.3868408203125
2014-10-22,511.8374938964844
2014-10-27,496.6051330566406
2014-10-28,501.4853820800781
2014-10-29,518.7882080078125
2014-10-30,519.5276489257812
2014-10-31,528.3023071289062
2014-11-03,523.9149780273438
2014-11-05,528.4501953125
2014-11-07,525.8375244140625
2014-11-10,514.943115234375
2014-11-11,514.3515625
2014-11-12,524.358642578125
2014-11-13,519.3304443359375
2014-11-14,516.5205688476562
2014-11-17,537.5698852539062
2014-11-18,533.9712524414062
2014-11-19,522.0416870117188
2014-11-20,517.358642578125
2014-11-21,523.5205688476562
2014-11-24,518.9854125976562
2014-11-25,514.4994506835938
2014-11-26,512.626220703125
2014-11-27,512.626220703125
2014-11-28,525.9853515625
2014-12-01,528.4501953125
2014-12-02,521.4994506835938
2014-12-03,521.5487670898438
2014-12-04,520.31640625
2014-12-05,517.9501342773438
2014-12-08,508.4361267089844
2014-12-09,496.1614685058594
2014-12-10,503.80230712890625
2014-12-11,496.80230712890625
2014-12-12,492.9079284667969
2014-12-15,486.99249267578125
2014-12-16,474.8656921386719
2014-12-17,469.0981140136719
2014-12-18,478.0699462890625
2014-12-19,479.05584716796875
2014-12-22,487.7319030761719
2014-12-23,481.274169921875
2014-12-24,477.13330078125
2014-12-26,478.31640625
2014-12-29,488.0769958496094
2014-12-30,486.7953186035156
2014-12-31,488.5699157714844
2015-01-01,491.4290771484375
2015-01-02,504.5910339355469
2015-01-05,516.4219970703125
2015-01-06,494.3375244140625
2015-01-07,486.8938903808594
2015-01-08,504.7882080078125
2015-01-09,514.943115234375
2015-01-12,514.943115234375
2015-01-13,512.1332397460938
2015-01-14,513.0205688476562
2015-01-15,525.4431762695312
2015-01-16,518.3445434570312
2015-01-19,530.9149169921875
2015-01-20,551.3233642578125
2015-01-21,543.7318725585938
2015-01-22,558.5205688476562
2015-01-23,580.161376953125
2015-01-27,596.0346069335938
2015-01-28,580.9008178710938
2015-01-29,590.16845703125
2015-01-30,576.9078979492188
2015-02-02,584.1543579101562
2015-02-03,594.80224609375
2015-02-04,583.06982421875
2015-02-05,580.9008178710938
2015-02-06,551.7177734375
2015-02-09,535.0064697265625
2015-02-10,556.1543579101562
2015-02-11,551.027587890625
2015-02-12,553.88671875
2015-02-13,557.583984375
2015-02-16,566.0628051757812
2015-02-18,576.0698852539062
2015-02-19,568.4290161132812
2015-02-20,571.7317504882812
2015-02-23,566.1121215820312
2015-02-24,556.4500732421875
2015-02-25,560.1965942382812
2015-02-26,552.7529296875
2015-02-27,567.0487060546875
2015-03-02,576.7599487304688
2015-03-03,566.0135498046875
2015-03-04,566.0135498046875
2015-03-05,562.661376953125
2015-03-09,557.1403198242188
2015-03-10,552.309326171875
2015-03-11,543.1403198242188
2015-03-12,555.9571533203125
2015-03-13,550.4853515625
2015-03-16,549.0557250976562
2015-03-17,563.4994506835938
2015-03-18,552.309326171875
2015-03-19,545.9994506835938
2015-03-20,539.88671875
2015-03-23,543.6824951171875
2015-03-24,524.7529907226562
2015-03-25,534.2177734375
2015-03-26,516.86572265625
2015-03-27,527.809326171875
2015-03-30,532.393798828125
2015-03-31,542.4501342773438
2015-04-01,556.943115234375
2015-04-06,566.155517578125
2015-04-07,558.3828125
2015-04-08,559.52880859375
2015-04-09,557.9344482421875
2015-04-10,560.6748046875
2015-04-13,554.2971801757812
2015-04-15,538.5526733398438
2015-04-16,539.3499145507812
2015-04-17,533.4705810546875
2015-04-20,531.328125
2015-04-21,525.5485229492188
2015-04-22,521.6622314453125
2015-04-23,510.20257568359375
2015-04-24,514.3878173828125
2015-04-27,515.0355224609375
2015-04-28,527.9899291992188
2015-04-29,519.0713500976562
2015-04-30,506.46575927734375
2015-05-04,504.6720886230469
2015-05-05,508.6580505371094
2015-05-06,496.1022644042969
2015-05-07,486.386474609375
2015-05-08,511.8966369628906
2015-05-11,527.8404541015625
2015-05-12,511.74713134765625
2015-05-13,518.6229248046875
2015-05-14,514.786376953125
2015-05-15,518.0748901367188
2015-05-18,518.8720092773438
2015-05-19,508.0102844238281
2015-05-20,503.4762878417969
2015-05-21,509.4054260253906
2015-05-22,512.84326171875
2015-05-25,503.5260925292969
2015-05-26,495.8531494140625
2015-05-27,470.0938720703125
2015-05-28,482.649658203125
2015-05-29,479.9591369628906
2015-06-01,470.392822265625
2015-06-02,465.3107604980469
2015-06-03,455.2462158203125
2015-06-04,449.6160583496094
2015-06-05,440.5479736328125
2015-06-08,434.0707702636719
2015-06-09,438.505126953125
2015-06-10,445.0321960449219
2015-06-11,428.68975830078125
2015-06-12,420.3192443847656
2015-06-15,424.853271484375
2015-06-16,431.2806091308594
2015-06-17,432.177490234375
2015-06-18,443.88623046875
2015-06-19,431.52972412109375
2015-06-22,438.9535827636719
2015-06-23,434.4693908691406
2015-06-24,429.0883483886719
2015-06-25,430.88201904296875
2015-06-26,436.06378173828125
2015-06-29,426.74658203125
2015-06-30,432.6258850097656
2015-07-01,442.9395446777344
2015-07-02,434.86798095703125
2015-07-03,431.62939453125
2015-07-06,429.5865783691406
2015-07-07,430.03497314453125
2015-07-08,403.5284118652344
2015-07-09,396.4034729003906
2015-07-10,400.4891052246094
2015-07-13,400.68841552734375
2015-07-14,384.5950927734375
2015-07-15,392.9157409667969
2015-07-16,393.8624572753906
2015-07-17,396.6526184082031
2015-07-20,389.37823486328125
2015-07-21,387.7340393066406
2015-07-22,388.18243408203125
2015-07-23,399.9410400390625
2015-07-24,388.8800048828125
2015-07-27,376.12493896484375
2015-07-28,368.80072021484375
2015-07-29,375.1284484863281
2015-07-30,376.12493896484375
2015-07-31,382.5024719238281
2015-08-03,386.8371887207031
2015-08-04,379.413330078125
2015-08-05,375.07861328125
2015-08-06,381.7550964355469
2015-08-07,392.0189208984375
2015-08-10,384.3459777832031
2015-08-11,367.85406494140625
2015-08-12,353.95306396484375
2015-08-13,348.17340087890625
2015-08-14,354.0028381347656
2015-08-17,354.8498840332031
2015-08-18,347.376220703125
2015-08-19,350.01690673828125
2015-08-20,340.99871826171875
2015-08-21,331.23309326171875
2015-08-24,307.1678771972656
2015-08-25,327.695556640625
2015-08-26,333.9236145019531
2015-08-27,332.8772888183594
2015-08-28,338.856201171875
2015-08-31,338.95587158203125
2015-09-01,328.7418518066406
2015-09-02,323.3110046386719
2015-09-03,332.3790283203125
2015-09-04,321.7664489746094
2015-09-07,321.71661376953125
2015-09-08,329.73834228515625
2015-09-09,343.689208984375
2015-09-10,352.8569030761719
2015-09-11,343.3902587890625
2015-09-14,345.5824890136719
2015-09-15,333.1762390136719
2015-09-16,336.8632507324219
2015-09-18,329.09063720703125
2015-09-21,330.5355529785156
2015-09-22,314.69134521484375
2015-09-23,309.2106628417969
2015-09-24,302.3348693847656
2015-09-28,283.9994812011719
2015-09-29,287.736328125
2015-09-30,297.5517578125
2015-10-01,296.7047119140625
2015-10-05,314.0436096191406
2015-10-06,332.5285339355469
2015-10-07,340.15167236328125
2015-10-08,342.0450134277344
2015-10-09,355.1986389160156
2015-10-12,361.07794189453125
2015-10-13,359.83233642578125
2015-10-14,351.063232421875
2015-10-15,379.9613952636719
2015-10-16,385.3923034667969
2015-10-19,377.37054443359375
2015-10-20,381.8049011230469
2015-10-21,380.11090087890625
2015-10-23,381.6554260253906
2015-10-26,383.2498474121094
2015-10-27,382.0042419433594
2015-10-28,384.94384765625
2015-10-29,389.82666015625
2015-10-30,383.5986022949219
2015-11-02,386.5881042480469
2015-11-03,380.7087707519531
2015-11-04,403.4287414550781
2015-11-05,402.58172607421875
2015-11-06,394.75927734375
2015-11-09,410.30450439453125
2015-11-10,406.0196228027344
2015-11-13,402.5318908691406
2015-11-16,398.8448791503906
2015-11-17,406.0694274902344
2015-11-18,404.8238220214844
2015-11-19,405.5213928222656
2015-11-20,401.4357604980469
2015-11-23,400.68841552734375
2015-11-24,399.5424499511719
2015-11-26,422.91009521484375
2015-11-27,416.1838073730469
2015-11-30,422.0132751464844
2015-12-01,415.8848876953125
2015-12-02,411.6995849609375
2015-12-03,404.17608642578125
2015-12-04,398.5459289550781
2015-12-07,397.7487487792969
2015-12-08,400.9873352050781
2015-12-09,392.5670166015625
2015-12-10,388.2322998046875
2015-12-11,376.6231689453125
2015-12-14,370.29547119140625
2015-12-15,378.1677551269531
2015-12-16,379.1144104003906
2015-12-17,381.6056213378906
2015-12-18,376.922119140625
2015-12-21,378.8154296875
2015-12-22,376.77264404296875
2015-12-23,377.1214294433594
2015-12-24,381.0575256347656
2015-12-28,392.6168212890625
2015-12-29,390.4743957519531
2015-12-30,392.06878662109375
2015-12-31,389.9263000488281
2016-01-01,400.4891052246094
2016-01-04,375.726318359375
2016-01-05,373.1354675292969
2016-01-06,364.615478515625
2016-01-07,342.34393310546875
2016-01-08,352.10955810546875
2016-01-11,358.9355163574219
2016-01-12,353.7537536621094
2016-01-13,363.3200378417969
2016-01-14,353.0561828613281
2016-01-15,340.101806640625
2016-01-18,339.0057067871094
2016-01-19,352.9067077636719
2016-01-20,341.0484924316406
2016-01-21,327.3966064453125
2016-01-22,338.3081359863281
2016-01-25,331.4324035644531
2016-01-27,335.86676025390625
2016-01-28,333.02679443359375
2016-01-29,335.71728515625
2016-02-01,337.3116760253906
2016-02-02,328.39306640625
2016-02-03,319.175537109375
2016-02-04,324.3572998046875
2016-02-05,335.9165954589844
2016-02-08,322.3643493652344
2016-02-09,309.5594177246094
2016-02-10,290.5264587402344
2016-02-11,275.3798522949219
2016-02-12,297.3026123046875
2016-02-15,316.1362609863281
2016-02-16,300.0927734375
2016-02-17,309.0611877441406
2016-02-18,312.8976745605469
2016-02-19,317.08294677734375
2016-02-22,317.73065185546875
2016-02-23,317.4316711425781
2016-02-24,305.2247009277344
2016-02-25,297.15313720703125
2016-02-26,300.740478515625
2016-02-29,298.64788818359375
2016-03-01,314.2429504394531
2016-03-02,315.9867858886719
2016-03-03,335.5179748535156
2016-03-04,342.2940979003906
2016-03-08,344.83514404296875
2016-03-09,346.4794006347656
2016-03-10,347.27655029296875
2016-03-11,353.0063781738281
2016-03-14,365.16357421875
2016-03-15,359.134765625
2016-03-16,358.2877502441406
2016-03-17,359.63299560546875
2016-03-18,364.7649230957031
2016-03-21,373.38458251953125
2016-03-22,375.8758239746094
2016-03-23,375.676513671875
2016-03-28,362.02459716796875
2016-03-29,371.1424865722656
2016-03-30,387.23577880859375
2016-03-31,385.2428283691406
2016-04-01,378.31719970703125
2016-04-04,387.0364990234375
2016-04-05,369.1993103027344
2016-04-06,375.3775634765625
2016-04-07,373.8828430175781
2016-04-08,370.14599609375
2016-04-11,385.2926330566406
2016-04-12,394.4104919433594
2016-04-13,407.3150634765625
2016-04-18,405.9199523925781
2016-04-20,402.6813659667969
2016-04-21,410.0553894042969
2016-04-22,415.53607177734375
2016-04-25,410.7529602050781
2016-04-26,417.5788879394531
2016-04-27,417.08062744140625
2016-04-28,409.9059143066406
2016-04-29,406.91644287109375
2016-05-02,406.2687683105469
2016-05-03,408.2118835449219
2016-05-04,380.4596252441406
2016-05-05,389.7768249511719
2016-05-06,397.30035400390625
2016-05-09,401.9339904785156
2016-05-10,387.5845642089844
2016-05-11,378.5165100097656
2016-05-12,385.69122314453125
2016-05-13,388.5810546875
2016-05-16,391.3214111328125
2016-05-17,388.3319091796875
2016-05-18,383.49896240234375
2016-05-19,385.541748046875
2016-05-20,383.1003723144531
2016-05-23,380.40985107421875
2016-05-24,387.7340393066406
2016-05-25,395.6063232421875
2016-05-26,397.8484191894531
2016-05-27,402.4820556640625
2016-05-30,419.77117919921875
2016-05-31,458.0363464355469
2016-06-01,447.623046875
2016-06-02,451.858154296875
2016-06-03,452.35638427734375
2016-06-06,458.88336181640625
2016-06-07,461.4244079589844
2016-06-08,464.5135192871094
2016-06-09,465.510009765625
2016-06-10,455.3458557128906
2016-06-13,442.6904296875
2016-06-14,446.82586669921875
2016-06-15,450.51287841796875
2016-06-16,452.7549743652344
2016-06-17,462.7696533203125
2016-06-20,480.3576965332031
2016-06-21,483.19769287109375
2016-06-22,471.0405578613281
2016-06-23,486.2370300292969
2016-06-24,447.82232666015625
2016-06-27,447.3739318847656
2016-06-28,438.85394287109375
2016-06-29,445.6799011230469
2016-06-30,457.63775634765625
2016-07-01,456.2925109863281
2016-07-04,467.8517761230469
2016-07-05,459.281982421875
2016-07-07,453.5521545410156
2016-07-08,464.6629943847656
2016-07-11,482.8987731933594
2016-07-12,482.59979248046875
2016-07-13,479.41107177734375
2016-07-14,484.3935241699219
2016-07-15,492.2657775878906
2016-07-18,491.11932373046875
2016-07-19,497.6988220214844
2016-07-20,492.3654479980469
2016-07-21,489.5242919921875
2016-07-22,505.6241455078125
2016-07-25,507.41851806640625
2016-07-26,501.6864013671875
2016-07-27,508.5151062011719
2016-07-28,505.27520751953125
2016-07-29,501.6365661621094
2016-08-01,506.6708679199219
2016-08-02,491.7673034667969
2016-08-03,476.9136047363281
2016-08-04,498.4465026855469
2016-08-05,514.7955932617188
2016-08-08,513.2005004882812
2016-08-09,512.20361328125
2016-08-10,501.8857727050781
2016-08-11,501.6864013671875
2016-08-12,515.1942749023438
2016-08-16,506.02288818359375
2016-08-17,508.8141784667969
2016-08-18,510.45904541015625
2016-08-19,508.4154357910156
2016-08-22,502.3842468261719
2016-08-23,502.4340515136719
2016-08-24,496.8016357421875
2016-08-25,492.31561279296875
2016-08-26,502.1848449707031
2016-08-29,523.6678466796875
2016-08-30,527.3563842773438
2016-08-31,536.0293579101562
2016-09-01,541.9608764648438
2016-09-02,548.1416015625
2016-09-06,586.8709106445312
2016-09-07,585.574951171875
2016-09-08,582.3848876953125
2016-09-09,571.4689331054688
2016-09-12,551.7304077148438
2016-09-14,558.758544921875
2016-09-15,555.8176879882812
2016-09-16,546.9951782226562
2016-09-19,552.7273559570312
2016-09-20,546.7459716796875
2016-09-21,548.1914672851562
2016-09-22,556.7149047851562
2016-09-23,551.3316650390625
2016-09-26,533.6367797851562
2016-09-27,530.2972412109375
2016-09-28,538.3222045898438
2016-09-29,524.664794921875
2016-09-30,533.1881713867188
2016-10-03,539.1196899414062
2016-10-04,548.2413330078125
2016-10-05,557.9111938476562
2016-10-06,549.7366333007812
2016-10-07,563.9423828125
2016-10-10,560.3037109375
2016-10-13,543.1571044921875
2016-10-14,554.3721923828125
2016-10-17,545.8487548828125
2016-10-18,552.5279541015625
2016-10-19,548.7896118164062
2016-10-20,545.15087890625
2016-10-21,542.8082275390625
2016-10-24,558.0606689453125
2016-10-25,552.079345703125
2016-10-26,528.4031372070312
2016-10-27,520.3781127929688
2016-10-28,535.33154296875
2016-11-01,528.951416015625
2016-11-02,511.7051696777344
2016-11-03,508.61480712890625
2016-11-04,510.708251953125
2016-11-07,504.7767639160156
2016-11-08,538.5216064453125
2016-11-09,531.8424072265625
2016-11-10,532.0418090820312
2016-11-11,505.72381591796875
2016-11-15,455.9788513183594
2016-11-16,457.0256042480469
2016-11-17,471.380859375
2016-11-18,469.78582763671875
2016-11-21,455.5302734375
2016-11-22,463.40570068359375
2016-11-23,470.0350341796875
2016-11-24,451.5426940917969
2016-11-25,450.9445495605469
2016-11-28,453.2872619628906
2016-11-29,458.4212341308594
2016-11-30,457.8729248046875
2016-12-01,446.8074645996094
2016-12-02,431.5549621582031
2016-12-05,437.9350891113281
2016-12-06,439.7294921875
2016-12-07,443.96630859375
2016-12-08,460.1159362792969
2016-12-09,462.6580505371094
2016-12-12,452.9881591796875
2016-12-13,469.18768310546875
2016-12-14,470.8824157714844
2016-12-15,461.7608337402344
2016-12-16,471.6799011230469
2016-12-19,470.3341064453125
2016-12-20,471.6799011230469
2016-12-21,467.04437255859375
2016-12-22,468.1409606933594
2016-12-23,464.2032165527344
2016-12-26,456.4274597167969
2016-12-27,465.49920654296875
2016-12-28,461.9103698730469
2016-12-29,469.4368896484375
2016-12-30,470.5334777832031
2017-01-02,485.5367126464844
2017-01-03,479.605224609375
2017-01-04,485.1379699707031
2017-01-05,500.5898132324219
2017-01-06,496.2034912109375
2017-01-09,498.59600830078125
2017-01-10,514.64599609375
2017-01-11,517.6366577148438
2017-01-12,516.6397705078125
2017-01-13,513.2503051757812
2017-01-16,524.7644653320312
2017-01-17,522.0728759765625
2017-01-18,520.8267822265625
2017-01-19,529.7987670898438
2017-01-20,521.5744018554688
2017-01-23,531.044921875
2017-01-24,539.8673706054688
2017-01-25,547.194580078125
2017-01-27,540.2661743164062
2017-01-30,530.6461181640625
2017-01-31,521.92333984375
2017-02-01,540.5652465820312
2017-02-02,529.8486328125
2017-02-03,520.9762573242188
2017-02-06,524.2161254882812
2017-02-07,505.225341796875
2017-02-08,511.4559326171875
2017-02-09,511.25653076171875
2017-02-10,507.966796875
2017-02-13,503.7300109863281
2017-02-14,480.55224609375
2017-02-15,435.0939636230469
2017-02-16,444.6142578125
2017-02-17,451.5426940917969
2017-02-20,454.034912109375
2017-02-21,457.2249755859375
2017-02-22,458.62060546875
2017-02-23,460.9134826660156
2017-02-27,456.3775939941406
2017-02-28,455.33087158203125
2017-03-01,448.0535583496094
2017-03-02,460.2655029296875
2017-03-03,458.52093505859375
2017-03-06,469.33721923828125
2017-03-07,466.0972900390625
2017-03-08,461.362060546875
2017-03-09,466.14715576171875
2017-03-10,467.64251708984375
2017-03-14,468.29046630859375
2017-03-15,471.97900390625
2017-03-16,479.4556884765625
2017-03-17,475.0195007324219
2017-03-20,474.52105712890625
2017-03-21,472.2780456542969
2017-03-22,458.4710693359375
2017-03-23,471.4306945800781
2017-03-24,468.9384460449219
2017-03-27,463.3060302734375
2017-03-28,470.9322509765625
2017-03-29,467.5926513671875
2017-03-30,466.9446716308594
2017-03-31,464.4026184082031
2017-04-03,468.9384460449219
2017-04-05,472.0288391113281
2017-04-06,471.7297668457031
2017-04-07,466.844970703125
2017-04-10,473.4244689941406
2017-04-11,470.78271484375
2017-04-12,463.10662841796875
2017-04-13,451.9414367675781
2017-04-17,447.8043518066406
2017-04-18,442.3214416503906
2017-04-19,441.6734313964844
2017-04-20,442.5706481933594
2017-04-21,439.2310485839844
2017-04-24,442.470947265625
2017-04-25,444.2653503417969
2017-04-26,449.39935302734375
2017-04-27,453.93524169921875
2017-04-28,457.47418212890625
2017-05-02,449.84796142578125
2017-05-03,445.21240234375
2017-05-04,435.143798828125
2017-05-05,418.2962951660156
2017-05-08,421.3368225097656
2017-05-09,425.4739074707031
2017-05-10,430.9568176269531
2017-05-11,426.1219177246094
2017-05-12,429.5113525390625
2017-05-15,430.5580749511719
2017-05-16,435.8914489746094
2017-05-17,447.70465087890625
2017-05-18,436.58929443359375
2017-05-19,441.9725036621094
2017-05-22,448.2529296875
2017-05-23,449.10028076171875
2017-05-24,468.0910949707031
2017-05-25,474.52105712890625
2017-05-26,479.605224609375
2017-05-29,480.00396728515625
2017-05-30,479.8045959472656
2017-05-31,474.67059326171875
2017-06-01,475.1690368652344
2017-06-02,477.26251220703125
2017-06-05,476.66436767578125
2017-06-06,459.5676574707031
2017-06-07,456.5769958496094
2017-06-08,459.3682861328125
2017-06-09,465.6487121582031
2017-06-12,454.8324279785156
2017-06-13,448.1532287597656
2017-06-14,450.5458068847656
2017-06-15,446.9071044921875
2017-06-16,454.333984375
2017-06-19,450.9445495605469
2017-06-20,465.9477844238281
2017-06-21,455.879150390625
2017-06-22,451.29345703125
2017-06-23,441.77313232421875
2017-06-27,440.9257507324219
2017-06-28,441.1251525878906
2017-06-29,434.24658203125
2017-06-30,431.2060546875
2017-07-03,428.9132080078125
2017-07-04,425.5736083984375
2017-07-05,430.4085388183594
2017-07-06,435.741943359375
2017-07-07,435.4927062988281
2017-07-10,445.56134033203125
2017-07-11,455.5302734375
2017-07-12,459.5676574707031
2017-07-13,457.62371826171875
2017-07-14,449.8977966308594
2017-07-17,452.73895263671875
2017-07-18,454.73272705078125
2017-07-19,459.1689147949219
2017-07-20,458.7203063964844
2017-07-21,463.156494140625
2017-07-24,462.558349609375
2017-07-25,454.6828918457031
2017-07-26,455.879150390625
2017-07-27,444.0161437988281
2017-07-28,444.4647521972656
2017-07-31,443.2186279296875
2017-08-01,445.511474609375
2017-08-02,438.9818420410156
2017-08-03,430.1094970703125
2017-08-04,434.24658203125
2017-08-07,428.6639709472656
2017-08-08,428.6639709472656
2017-08-09,414.75732421875
2017-08-10,379.01873779296875
2017-08-11,373.33642578125
2017-08-14,374.2336120605469
2017-08-16,388.04058837890625
2017-08-17,384.10284423828125
2017-08-18,379.21807861328125
2017-08-21,373.1868896484375
2017-08-22,372.4392395019531
2017-08-23,378.7695007324219
2017-08-24,382.9564208984375
2017-08-28,378.1214904785156
2017-08-29,374.93145751953125
2017-08-30,377.3240051269531
2017-08-31,375.3800354003906
2017-09-01,389.6356201171875
2017-09-04,382.2087707519531
2017-09-05,386.9440002441406
2017-09-06,381.5109558105469
2017-09-07,376.9750671386719
2017-09-08,373.88470458984375
2017-09-11,374.1339416503906
2017-09-12,387.043701171875
2017-09-13,388.4393615722656
2017-09-14,403.1435241699219
2017-09-15,400.50177001953125
2017-09-18,403.69183349609375
2017-09-19,422.3337097167969
2017-09-20,413.5111999511719
2017-09-21,412.3647766113281
2017-09-22,410.5205078125
2017-09-25,406.9317321777344
2017-09-26,409.97222900390625
2017-09-27,403.6419677734375
2017-09-28,400.15283203125
2017-09-29,400.2525329589844
2017-10-03,414.7074890136719
2017-10-04,422.2340087890625
2017-10-05,421.98480224609375
2017-10-06,423.5299987792969
2017-10-09,424.27764892578125
2017-10-10,422.28387451171875
2017-10-11,414.20904541015625
2017-10-12,418.8445739746094
2017-10-13,423.4801330566406
2017-10-16,435.69207763671875
2017-10-17,430.9568176269531
2017-10-18,431.85406494140625
2017-10-19,425.62347412109375
2017-10-23,421.4365234375
2017-10-24,414.75732421875
2017-10-25,420.6390075683594
2017-10-26,418.096923828125
2017-10-27,428.5643005371094
2017-10-30,435.1936340332031
2017-10-31,427.0689392089844
2017-11-01,436.389892578125
2017-11-02,433.54876708984375
2017-11-03,446.3089904785156
2017-11-06,461.4617614746094
2017-11-07,450.44610595703125
2017-11-08,436.8385314941406
2017-11-09,438.7824401855469
2017-11-10,421.23712158203125
2017-11-13,416.80096435546875
2017-11-14,413.01275634765625
2017-11-15,407.38031005859375
2017-11-16,412.1654052734375
2017-11-17,420.48944091796875
2017-11-20,421.68572998046875
2017-11-21,422.9318542480469
2017-11-22,427.2683410644531
2017-11-23,424.9256286621094
2017-11-24,424.177978515625
2017-11-27,420.0906982421875
2017-11-28,414.65765380859375
2017-11-29,412.66387939453125
2017-11-30,402.894287109375
2017-12-01,397.6606140136719
2017-12-04,402.3958435058594
2017-12-05,401.0002136230469
2017-12-06,395.81634521484375
2017-12-07,400.7509765625
2017-12-08,409.87255859375
2017-12-11,408.8756408691406
2017-12-12,405.5859069824219
2017-12-13,400.7011413574219
2017-12-14,401.14971923828125
2017-12-15,403.84136962890625
2017-12-18,404.5391540527344
2017-12-19,418.79473876953125
2017-12-20,421.2869873046875
2017-12-21,419.4925537109375
2017-12-22,420.6888427734375
2017-12-26,422.88201904296875
2017-12-27,421.137451171875
2017-12-28,417.2994079589844
2017-12-29,430.50823974609375
2018-01-01,423.1312561035156
2018-01-02,437.9350891113281
2018-01-03,432.5518493652344
2018-01-04,428.6141662597656
2018-01-05,430.259033203125
2018-01-08,432.20294189453125
2018-01-09,436.1905212402344
2018-01-10,431.9537048339844
2018-01-11,433.39923095703125
2018-01-12,435.741943359375
2018-01-15,431.0066833496094
2018-01-16,420.5891418457031
2018-01-17,421.6358947753906
2018-01-18,417.6483154296875
2018-01-19,416.7510986328125
2018-01-22,420.5891418457031
2018-01-23,416.7012634277344
2018-01-24,402.34600830078125
2018-01-25,399.0562438964844
2018-01-29,398.009521484375
2018-01-30,394.6200866699219
2018-01-31,398.2587585449219
2018-02-01,392.4269104003906
2018-02-02,382.55767822265625
2018-02-05,394.5702209472656
2018-02-06,374.2834777832031
2018-02-07,376.62615966796875
2018-02-08,373.6853332519531
2018-02-09,367.6042785644531
2018-02-12,370.6448059082031
2018-02-14,375.67913818359375
2018-02-15,374.63238525390625
2018-02-16,369.59808349609375
2018-02-19,367.6042785644531
2018-02-20,368.1525573730469
2018-02-21,363.3176574707031
2018-02-22,357.3861389160156
2018-02-23,359.08087158203125
2018-02-26,370.8940124511719
2018-02-27,371.3924560546875
2018-02-28,368.7507019042969
2018-03-01,369.59808349609375
2018-03-05,350.9561767578125
2018-03-06,345.4234313964844
2018-03-07,346.7193603515625
2018-03-08,344.0776062011719
2018-03-09,340.43896484375
2018-03-12,351.5044860839844
2018-03-13,352.0527648925781
2018-03-14,352.949951171875
2018-03-15,352.0029296875
2018-03-16,338.69439697265625
2018-03-19,334.656982421875
2018-03-20,337.7473449707031
2018-03-21,332.812744140625
2018-03-22,337.14923095703125
2018-03-23,329.8220520019531
2018-03-26,331.3173828125
2018-03-27,330.12109375
2018-03-28,325.83447265625
2018-04-02,338.09625244140625
2018-04-03,342.03399658203125
2018-04-04,354.4951477050781
2018-04-05,361.07464599609375
2018-04-06,362.96875
2018-04-09,357.1867370605469
2018-04-10,352.1524353027344
2018-04-11,354.69451904296875
2018-04-12,357.28643798828125
2018-04-13,355.9406433105469
2018-04-16,338.09625244140625
2018-04-17,335.4046630859375
2018-04-18,333.759765625
2018-04-19,333.21148681640625
2018-04-20,334.9560546875
2018-04-23,333.0120849609375
2018-04-24,330.5198669433594
2018-04-25,327.57904052734375
2018-04-26,329.2239074707031
2018-04-27,335.8532409667969
2018-04-30,339.3423767089844
2018-05-02,335.0058898925781
2018-05-03,332.46380615234375
2018-05-04,333.36102294921875
2018-05-07,334.1086730957031
2018-05-08,331.1180114746094
2018-05-09,340.8875732421875
2018-05-10,332.5635070800781
2018-05-11,329.7721862792969
2018-05-14,322.5945739746094
2018-05-15,309.13653564453125
2018-05-16,309.2860412597656
2018-05-17,313.9216003417969
2018-05-18,303.65362548828125
2018-05-21,294.9806213378906
2018-05-22,306.7439880371094
2018-05-23,308.4885559082031
2018-05-24,287.7531433105469
2018-05-25,293.2360534667969
2018-05-28,295.37939453125
2018-05-29,293.7345275878906
2018-05-30,288.00238037109375
2018-05-31,281.6222839355469
2018-06-01,286.30767822265625
2018-06-04,285.7593688964844
2018-06-05,284.0646667480469
2018-06-06,294.7314147949219
2018-06-07,304.45111083984375
2018-06-08,308.98699951171875
2018-06-11,308.78759765625
2018-06-12,306.8436584472656
2018-06-13,307.4418029785156
2018-06-14,304.9495544433594
2018-06-15,302.00872802734375
2018-06-18,307.8405456542969
2018-06-19,304.1022033691406
2018-06-20,304.6505126953125
2018-06-21,306.046142578125
2018-06-22,307.04302978515625
2018-06-25,288.5008239746094
2018-06-26,275.9898376464844
2018-06-27,270.20782470703125
2018-06-28,262.5317687988281
2018-06-29,268.4632568359375
2018-07-02,265.8713684082031
2018-07-03,268.6128234863281
2018-07-04,266.2202453613281
2018-07-05,260.7373352050781
2018-07-06,270.00848388671875
2018-07-09,272.6502380371094
2018-07-10,274.59417724609375
2018-07-11,266.9679260253906
2018-07-12,265.2732238769531
2018-07-13,262.781005859375
2018-07-16,251.3167266845703
2018-07-17,257.1485595703125
2018-07-18,251.0675048828125
2018-07-19,251.71548461914062
2018-07-20,252.6126708984375
2018-07-23,257.9460754394531
2018-07-24,257.9958801269531
2018-07-25,257.0488586425781
2018-07-26,257.4476013183594
2018-07-27,267.3168640136719
2018-07-30,266.66888427734375
2018-07-31,263.2794494628906
2018-08-01,264.2264709472656
2018-08-02,260.03955078125
2018-08-03,257.6470031738281
2018-08-06,253.2606658935547
2018-08-07,250.8182830810547
2018-08-08,254.35723876953125
2018-08-09,257.0488586425781
2018-08-10,249.32293701171875
2018-08-13,247.92727661132812
2018-08-14,248.0269775390625
2018-08-16,250.5192108154297
2018-08-17,257.4476013183594
2018-08-20,269.26080322265625
2018-08-21,267.9648132324219
2018-08-23,256.101806640625
2018-08-24,254.70616149902344
2018-08-27,257.9958801269531
2018-08-28,259.1921691894531
2018-08-29,260.88690185546875
2018-08-30,258.544189453125
2018-08-31,266.66888427734375
2018-09-03,265.77166748046875
2018-09-04,261.1361389160156
2018-09-05,265.6719665527344
2018-09-06,269.11126708984375
2018-09-07,276.5381164550781
2018-09-10,274.8434143066406
2018-09-11,266.469482421875
2018-09-12,261.584716796875
2018-09-14,265.77166748046875
2018-09-17,259.44140625
2018-09-18,250.7185821533203
2018-09-19,251.81517028808594
2018-09-21,249.57215881347656
2018-09-24,239.4536895751953
2018-09-25,240.0518341064453
2018-09-26,232.62498474121094
2018-09-27,224.55014038085938
2018-09-28,223.0049591064453
2018-10-01,228.63742065429688
2018-10-03,226.89285278320312
2018-10-04,222.55636596679688
2018-10-05,215.57810974121094
2018-10-08,211.6902313232422
2018-10-09,183.7772216796875
2018-10-10,188.16355895996094
2018-10-11,182.38157653808594
2018-10-12,183.17909240722656
2018-10-15,183.7772216796875
2018-10-16,185.27256774902344
2018-10-17,179.39088439941406
2018-10-19,174.15719604492188
2018-10-22,170.219482421875
2018-10-23,170.11978149414062
2018-10-24,170.11978149414062
2018-10-25,164.8362579345703
2018-10-26,167.97647094726562
2018-10-29,174.80519104003906
2018-10-30,176.69927978515625
2018-10-31,178.5435333251953
2018-11-01,178.89244079589844
2018-11-02,189.708740234375
2018-11-05,189.21029663085938
2018-11-06,192.64956665039062
2018-11-07,194.24459838867188
2018-11-09,194.6433563232422
2018-11-12,185.47193908691406
2018-11-13,178.94229125976562
2018-11-14,176.2506866455078
2018-11-15,179.64010620117188
2018-11-16,179.34104919433594
2018-11-19,184.02645874023438
2018-11-20,183.17909240722656
2018-11-21,183.5778350830078
2018-11-22,181.98281860351562
2018-11-26,181.185302734375
2018-11-27,179.49058532714844
2018-11-28,173.90797424316406
2018-11-29,176.69927978515625
2018-11-30,171.41574096679688
2018-12-03,174.90487670898438
2018-12-04,175.20394897460938
2018-12-05,168.67428588867188
2018-12-06,162.14463806152344
2018-12-07,161.89541625976562
2018-12-10,156.6118927001953
2018-12-11,157.60879516601562
2018-12-12,163.59014892578125
2018-12-13,166.33160400390625
2018-12-14,166.4312744140625
2018-12-17,173.40953063964844
2018-12-18,174.20704650878906
2018-12-19,173.35968017578125
2018-12-20,175.85191345214844
2018-12-21,175.702392578125
2018-12-24,171.9640350341797
2018-12-26,170.36900329589844
2018-12-27,167.7272491455078
2018-12-28,170.3191680908203
2018-12-31,172.16342163085938
2019-01-01,172.9110870361328
2019-01-02,168.0263214111328
2019-01-03,165.53408813476562
2019-01-04,170.41885375976562
2019-01-07,174.80519104003906
2019-01-08,179.39088439941406
2019-01-09,182.48126220703125
2019-01-10,185.17286682128906
2019-01-11,179.73980712890625
2019-01-14,181.83328247070312
2019-01-15,184.7741241455078
2019-01-16,184.87379455566406
2019-01-17,184.32550048828125
2019-01-18,182.73048400878906
2019-01-21,180.9360809326172
2019-01-22,180.28810119628906
2019-01-23,179.68995666503906
2019-01-24,174.8550262451172
2019-01-25,172.7117156982422
2019-01-28,171.76466369628906
2019-01-29,173.0606231689453
2019-01-30,174.05752563476562
2019-01-31,180.6370086669922
2019-02-01,181.08560180664062
2019-02-04,179.68995666503906
2019-02-05,175.2537841796875
2019-02-06,177.94540405273438
2019-02-07,182.28189086914062
2019-02-08,150.2317657470703
2019-02-11,152.1757049560547
2019-02-12,151.32835388183594
2019-02-14,159.3533477783203
2019-02-15,161.1477508544922
2019-02-18,162.39385986328125
2019-02-19,163.24122619628906
2019-02-20,164.2879638671875
2019-02-21,169.17274475097656
2019-02-22,173.75845336914062
2019-02-25,175.20394897460938
2019-02-26,182.08250427246094
2019-02-27,176.79898071289062
2019-02-28,176.89865112304688
2019-03-01,179.73980712890625
2019-03-05,193.44708251953125
2019-03-06,188.21339416503906
2019-03-07,188.71185302734375
2019-03-08,180.6370086669922
2019-03-11,181.28500366210938
2019-03-12,184.225830078125
2019-03-13,181.1354522705078
2019-03-14,178.9921417236328
2019-03-15,179.44073486328125
2019-03-18,181.68374633789062
2019-03-19,182.28189086914062
2019-03-20,179.64010620117188
2019-03-22,174.8550262451172
2019-03-25,170.7677764892578
2019-03-26,172.5621795654297
2019-03-27,169.32228088378906
2019-03-28,170.0200958251953
2019-04-01,186.76791381835938
2019-04-02,202.31942749023438
2019-04-03,200.7244110107422
2019-04-04,205.50949096679688
2019-04-05,204.51258850097656
2019-04-08,199.92689514160156
2019-04-09,205.26025390625
2019-04-10,215.3787384033203
2019-04-11,217.5220489501953
2019-04-12,215.27903747558594
2019-04-15,231.0299530029297
2019-04-16,229.78382873535156
2019-04-18,235.51597595214844
2019-04-22,234.12033081054688
2019-04-23,230.9302520751953
2019-04-24,222.9052734375
2019-04-25,221.1607208251953
2019-04-26,214.9301300048828
2019-04-30,213.63417053222656
2019-05-02,206.65591430664062
2019-05-03,208.7992401123047
2019-05-06,199.17922973632812
2019-05-07,190.35671997070312
2019-05-08,184.52490234375
2019-05-09,185.77101135253906
2019-05-10,185.32240295410156
2019-05-13,180.1884002685547
2019-05-14,183.9267578125
2019-05-15,168.9235076904297
2019-05-16,174.8550262451172
2019-05-17,176.300537109375
2019-05-20,189.55918884277344
2019-05-21,176.2506866455078
2019-05-22,178.5435333251953
2019-05-23,174.60580444335938
2019-05-24,181.7335968017578
2019-05-27,180.7865447998047
2019-05-28,179.68995666503906
2019-05-29,175.8020782470703
2019-05-30,174.60580444335938
2019-05-31,172.06373596191406
2019-06-03,173.95782470703125
2019-06-04,172.7117156982422
2019-06-06,169.17274475097656
2019-06-07,168.97335815429688
2019-06-10,165.68360900878906
2019-06-11,170.219482421875
2019-06-12,168.52476501464844
2019-06-13,166.8798828125
2019-06-14,163.6898193359375
2019-06-17,158.2567596435547
2019-06-18,157.80816650390625
2019-06-19,154.16949462890625
2019-06-20,158.7552032470703
2019-06-21,158.4062957763672
2019-06-24,158.8050537109375
2019-06-25,159.95147705078125
2019-06-26,160.59947204589844
2019-06-27,165.33470153808594
2019-06-28,162.04495239257812
2019-07-01,167.47802734375
2019-07-02,163.24122619628906
2019-07-03,161.7957305908203
2019-07-04,164.6867218017578
2019-07-05,159.70225524902344
2019-07-08,154.06980895996094
2019-07-09,155.31593322753906
2019-07-10,151.17881774902344
2019-07-11,156.3128204345703
2019-07-12,158.8050537109375
2019-07-15,160.44992065429688
2019-07-16,169.4718017578125
2019-07-17,167.37832641601562
2019-07-18,160.25054931640625
2019-07-19,154.36888122558594
2019-07-22,156.26296997070312
2019-07-23,155.7146759033203
2019-07-24,150.78005981445312
2019-07-25,143.85165405273438
2019-07-26,146.6927947998047
2019-07-29,137.1226348876953
2019-07-30,133.03536987304688
2019-07-31,135.17869567871094
2019-08-01,129.14749145507812
2019-08-02,130.29391479492188
2019-08-05,123.36550903320312
2019-08-06,122.11939239501953
2019-08-07,117.03524017333984
2019-08-08,123.66458129882812
2019-08-09,121.67079162597656
2019-08-13,121.57109832763672
2019-08-14,120.52436065673828
2019-08-16,120.97296142578125
2019-08-19,120.42467498779297
2019-08-20,123.46519470214844
2019-08-21,112.05077362060547
2019-08-22,107.36537170410156
2019-08-23,110.70497131347656
2019-08-26,110.2065200805664
2019-08-27,119.97606658935547
2019-08-28,115.98849487304688
2019-08-29,113.94486999511719
2019-08-30,116.33740997314453
2019-09-03,112.29999542236328
2019-09-04,109.15978240966797
2019-09-05,117.68321990966797
2019-09-06,120.87327575683594
2019-09-09,121.52125549316406
2019-09-11,133.93258666992188
2019-09-12,127.55245208740234
2019-09-13,129.14749145507812
2019-09-16,128.200439453125
2019-09-17,121.62094116210938
2019-09-18,121.37171936035156
2019-09-19,123.8141098022461
2019-09-20,132.8359832763672
2019-09-23,127.50261688232422
2019-09-24,130.4932861328125
2019-09-25,122.66768646240234
2019-09-26,124.11317443847656
2019-09-27,119.52747344970703
2019-09-30,117.08507537841797
2019-10-01,114.94176483154297
2019-10-03,122.01970672607422
2019-10-04,119.27824401855469
2019-10-07,117.13492584228516
2019-10-09,120.52436065673828
2019-10-10,116.43710327148438
2019-10-11,120.92312622070312
2019-10-14,127.45276641845703
2019-10-15,126.5555648803711
2019-10-16,125.458984375
2019-10-17,139.0665740966797
2019-10-18,136.4248046875
2019-10-22,131.3406524658203
2019-10-23,132.23785400390625
2019-10-24,133.08522033691406
2019-10-25,126.45587158203125
2019-10-27,147.2410888671875
2019-10-29,171.91419982910156
2019-10-30,171.36590576171875
2019-10-31,177.14788818359375
2019-11-01,174.50611877441406
2019-11-04,171.6649627685547
2019-11-05,171.46559143066406
2019-11-06,173.95782470703125
2019-11-07,170.96714782714844
2019-11-08,168.52476501464844
2019-11-11,171.46559143066406
2019-11-13,170.0699462890625
2019-11-14,166.53097534179688
2019-11-15,168.0263214111328
2019-11-18,169.57150268554688
2019-11-19,167.2288055419922
2019-11-20,166.8798828125
2019-11-21,163.63998413085938
2019-11-22,161.8455810546875
2019-11-25,165.5839385986328
2019-11-26,162.89230346679688
2019-11-27,165.38453674316406
2019-11-28,164.2879638671875
2019-11-29,160.9982147216797
2019-12-02,160.54962158203125
2019-12-03,157.70846557617188
2019-12-04,168.87367248535156
2019-12-05,165.5839385986328
2019-12-06,160.9982147216797
2019-12-09,160.00132751464844
2019-12-10,159.2038116455078
2019-12-11,161.2972869873047
2019-12-12,172.8114013671875
2019-12-13,176.15098571777344
2019-12-16,174.4064178466797
2019-12-17,179.64010620117188
2019-12-18,174.25689697265625
2019-12-19,178.59336853027344
2019-12-20,175.4033203125
2019-12-23,175.50302124023438
2019-12-24,174.9547119140625
2019-12-26,174.05752563476562
2019-12-27,175.60269165039062
2019-12-30,183.12924194335938
2019-12-31,184.57473754882812
2020-01-01,183.8769073486328
2020-01-02,193.14801025390625
2020-01-03,190.50625610351562
2020-01-06,185.07318115234375
2020-01-07,184.12612915039062
2020-01-08,181.98281860351562
2020-01-09,191.40345764160156
2020-01-10,195.7399444580078
2020-01-13,195.64024353027344
2020-01-14,195.2415008544922
2020-01-15,199.72752380371094
2020-01-16,196.93621826171875
2020-01-17,196.68699645996094
2020-01-20,194.39413452148438
2020-01-21,190.80531311035156
2020-01-22,185.02334594726562
2020-01-23,187.81463623046875
2020-01-24,185.92054748535156
2020-01-27,181.63389587402344
2020-01-28,175.5528564453125
2020-01-29,187.46572875976562
2020-01-30,185.62147521972656
2020-01-31,176.0513153076172
2020-02-03,163.34092712402344
2020-02-04,165.18516540527344
2020-02-05,183.17909240722656
2020-02-06,178.2943115234375
2020-02-07,173.0606231689453
2020-02-10,168.37521362304688
2020-02-11,169.2225799560547
2020-02-12,170.41885375976562
2020-02-13,168.97335815429688
2020-02-14,168.57461547851562
2020-02-17,168.57461547851562
2020-02-18,161.09791564941406
2020-02-19,157.55894470214844
2020-02-20,158.00753784179688
2020-02-24,150.18191528320312
2020-02-25,149.4342498779297
2020-02-26,144.10089111328125
2020-02-27,144.7987060546875
2020-02-28,128.54934692382812
2020-03-02,125.01038360595703
2020-03-03,129.94500732421875
2020-03-04,125.80789184570312
2020-03-05,125.35929107666016
2020-03-06,113.84517669677734
2020-03-09,105.37158966064453
2020-03-11,98.59272003173828
2020-03-12,87.7265853881836
2020-03-13,89.47114562988281
2020-03-16,82.69226837158203
2020-03-17,77.70780181884766
2020-03-18,75.26541900634766
2020-03-19,72.72334289550781
2020-03-20,77.05982971191406
2020-03-23,65.99431610107422
2020-03-24,68.33702087402344
2020-03-25,70.03173065185547
2020-03-26,70.58002471923828
2020-03-27,70.48033142089844
2020-03-30,67.9382553100586
2020-03-31,70.8292465209961
2020-04-01,67.73887634277344
2020-04-03,65.09711456298828
2020-04-07,67.04105377197266
2020-04-08,67.38996124267578
2020-04-09,74.36821746826172
2020-04-13,74.01930236816406
2020-04-15,72.67350006103516
2020-04-16,74.41806030273438
2020-04-17,76.61122131347656
2020-04-20,80.20003509521484
2020-04-21,74.41806030273438
2020-04-22,75.66417694091797
2020-04-23,75.41495513916016
2020-04-24,73.9694595336914
2020-04-27,75.01619720458984
2020-04-28,76.7109146118164
2020-04-29,77.90718841552734
2020-04-30,92.96027374267578
2020-05-04,83.63932037353516
2020-05-05,80.64864349365234
2020-05-06,82.94149017333984
2020-05-07,82.2436752319336
2020-05-08,80.79817962646484
2020-05-11,85.83248138427734
2020-05-12,85.93217468261719
2020-05-13,86.92906188964844
2020-05-14,83.53963470458984
2020-05-15,84.08792114257812
2020-05-18,80.39942169189453
2020-05-19,81.54585266113281
2020-05-20,83.19071960449219
2020-05-21,83.83869934082031
2020-05-22,82.54273986816406
2020-05-26,82.84180450439453
2020-05-27,84.28730773925781
2020-05-28,86.72969055175781
2020-05-29,86.72969055175781
2020-06-01,89.27176666259766
2020-06-02,96.2001724243164
2020-06-03,98.44318389892578
2020-06-04,98.19396209716797
2020-06-05,110.40589904785156
2020-06-08,115.09129333496094
2020-06-09,111.10372161865234
2020-06-10,111.05387878417969
2020-06-11,105.8201904296875
2020-06-12,104.97283172607422
2020-06-15,100.187744140625
2020-06-16,94.45561218261719
2020-06-17,95.10359191894531
2020-06-18,96.0506362915039
2020-06-19,102.18153381347656
2020-06-22,102.33106994628906
2020-06-23,104.07563018798828
2020-06-24,104.4743881225586
2020-06-25,103.47749328613281
2020-06-26,101.08495330810547
2020-06-29,99.14100646972656
2020-06-30,97.94473266601562
2020-07-01,100.43696594238281
2020-07-02,101.23448944091797
2020-07-03,103.12857818603516
2020-07-06,108.66133880615234
2020-07-07,108.711181640625
2020-07-08,105.02267456054688
2020-07-09,106.6176986694336
2020-07-10,107.26568603515625
2020-07-13,107.66444396972656
2020-07-14,104.82329559326172
2020-07-15,102.87935638427734
2020-07-16,102.630126953125
2020-07-17,106.06941223144531
2020-07-20,104.7236099243164
2020-07-21,108.11304473876953
2020-07-22,104.82329559326172
2020-07-23,105.72050476074219
2020-07-24,103.42765045166016
2020-07-27,101.3840103149414
2020-07-28,106.11925506591797
2020-07-29,105.42143249511719
2020-07-30,103.32795715332031
2020-07-31,104.3248519897461
2020-08-03,112.6987533569336
2020-08-04,111.10372161865234
2020-08-05,115.04145050048828
2020-08-06,116.43710327148438
2020-08-07,118.72994995117188
2020-08-10,123.46519470214844
2020-08-11,121.92001342773438
2020-08-12,124.96053314208984
2020-08-13,130.7425079345703
2020-08-14,124.2128677368164
2020-08-17,123.16613006591797
2020-08-18,125.20975494384766
2020-08-19,124.76116180419922
2020-08-20,121.3218765258789
2020-08-21,120.52436065673828
2020-08-24,120.82342529296875
2020-08-25,126.7051010131836
2020-08-26,137.47154235839844
2020-08-27,143.80181884765625
2020-08-28,142.3563232421875
2020-08-31,142.75506591796875
2020-09-01,143.35321044921875
2020-09-02,149.83302307128906
2020-09-03,151.37820434570312
2020-09-04,147.34078979492188
2020-09-07,148.93580627441406
2020-09-08,141.85787963867188
2020-09-09,139.6647186279297
2020-09-10,142.85476684570312
2020-09-11,143.85165405273438
2020-09-14,148.0884552001953
2020-09-15,147.9389190673828
2020-09-16,150.9794464111328
2020-09-17,147.1912384033203
2020-09-18,147.44046020507812
2020-09-21,137.02293395996094
2020-09-22,132.68646240234375
2020-09-23,130.99172973632812
2020-09-24,122.41846466064453
2020-09-25,126.85462951660156
2020-09-28,132.43724060058594
2020-09-29,131.29080200195312
2020-09-30,132.88583374023438
2020-10-01,133.08522033691406
2020-10-05,133.4839630126953
2020-10-06,144.30026245117188
2020-10-07,140.56190490722656
2020-10-08,140.51206970214844
2020-10-09,138.01983642578125
2020-10-12,135.47775268554688
2020-10-13,133.683349609375
2020-10-14,130.29391479492188
2020-10-15,126.5555648803711
2020-10-16,127.35308074951172
2020-10-19,127.85152435302734
2020-10-20,129.24717712402344
2020-10-21,129.84530639648438
2020-10-22,133.08522033691406
2020-10-23,136.5743408203125
2020-10-26,133.2845916748047
2020-10-27,135.22853088378906
2020-10-28,134.3811798095703
2020-10-29,131.49017333984375
2020-10-30,132.23785400390625
2020-11-02,132.43724060058594
2020-11-03,133.683349609375
2020-11-04,135.47775268554688
2020-11-05,137.22232055664062
2020-11-06,138.56813049316406
2020-11-09,140.56190490722656
2020-11-10,145.54637145996094
2020-11-11,150.48098754882812
2020-11-12,150.73020935058594
2020-11-13,145.89529418945312
2020-11-14,148.3875274658203
2020-11-17,157.50909423828125
2020-11-18,172.9609375
2020-11-19,167.4281768798828
2020-11-20,168.57461547851562
2020-11-23,170.1696319580078
2020-11-24,171.51544189453125
2020-11-25,170.91729736328125
2020-11-26,173.2101593017578
2020-11-27,179.78965759277344
2020-12-01,179.19151306152344
2020-12-02,183.02955627441406
2020-12-03,184.2756805419922
2020-12-04,183.5778350830078
2020-12-07,182.97970581054688
2020-12-08,181.2351531982422
2020-12-09,182.13233947753906
2020-12-10,177.04820251464844
2020-12-11,178.2943115234375
2020-12-14,177.09803771972656
2020-12-15,178.34414672851562
2020-12-16,181.98281860351562
2020-12-17,181.1354522705078
2020-12-18,179.98902893066406
2020-12-21,164.0387420654297
2020-12-22,164.4375
2020-12-23,168.67428588867188
2020-12-24,175.4033203125
2020-12-28,185.77101135253906
2020-12-29,182.88002014160156
2020-12-30,183.5778350830078
2020-12-31,183.27877807617188
2021-01-01,185.92054748535156
2021-01-04,190.70562744140625
2021-01-05,192.59971618652344
2021-01-06,194.79287719726562
2021-01-07,196.13870239257812
2021-01-08,197.53433227539062
2021-01-11,219.9644317626953
2021-01-12,237.0611572265625
2021-01-13,241.84625244140625
2021-01-14,244.33847045898438
2021-01-15,259.4912414550781
2021-01-18,245.18582153320312
2021-01-19,257.84637451171875
2021-01-20,274.0458679199219
2021-01-21,289.6971130371094
2021-01-22,288.45098876953125
2021-01-25,278.2826843261719
2021-01-27,266.66888427734375
2021-01-28,265.9710388183594
2021-01-29,261.8837890625
2021-02-01,278.7312927246094
2021-02-02,320.9995422363281
2021-02-03,329.9715881347656
2021-02-04,325.1366271972656
2021-02-05,314.9184875488281
2021-02-08,334.9062194824219
2021-02-09,324.0400390625
2021-02-10,327.87811279296875
2021-02-11,323.990234375
2021-02-12,324.38897705078125
2021-02-15,332.31427001953125
2021-02-16,328.17718505859375
2021-02-17,329.12420654296875
2021-02-18,322.84381103515625
2021-02-19,310.8810729980469
2021-02-22,303.5539245605469
2021-02-23,322.9933166503906
2021-02-24,320.650634765625
2021-02-25,332.1148986816406
2021-02-26,321.94659423828125
2021-03-01,327.27996826171875
2021-03-02,344.6757507324219
2021-03-03,347.4172058105469
2021-03-04,338.1461181640625
2021-03-05,324.1397399902344
2021-03-08,320.2518615722656
2021-03-09,314.2206726074219
2021-03-10,320.4512634277344
2021-03-12,316.5633544921875
2021-03-15,317.56024169921875
2021-03-16,318.9559326171875
2021-03-17,304.849853515625
2021-03-18,306.046142578125
2021-03-19,307.9901123046875
2021-03-22,302.1083984375
2021-03-23,306.44488525390625
2021-03-24,293.53515625
2021-03-25,284.66278076171875
2021-03-26,295.47906494140625
2021-03-30,296.1270446777344
2021-03-31,300.8623046875
2021-04-01,306.7938232421875
2021-04-05,304.1022033691406
2021-04-06,306.7938232421875
2021-04-07,306.8436584472656
2021-04-08,312.9745788574219
2021-04-09,317.21136474609375
2021-04-12,285.65966796875
2021-04-13,301.9090576171875
2021-04-15,302.5570068359375
2021-04-16,309.0368347167969
2021-04-19,300.4635314941406
2021-04-20,297.1239318847656
2021-04-22,293.63482666015625
2021-04-23,293.0865478515625
2021-04-26,294.482177734375
2021-04-27,300.563232421875
2021-04-28,304.9495544433594
2021-04-29,300.96197509765625
2021-04-30,292.93701171875
2021-05-03,292.08966064453125
2021-05-04,288.5506896972656
2021-05-05,290.59429931640625
2021-05-06,300.31402587890625
2021-05-07,301.8093566894531
2021-05-10,313.87176513671875
2021-05-11,314.569580078125
2021-05-12,324.98712158203125
2021-05-14,311.27984619140625
2021-05-17,320.10235595703125
2021-05-18,331.4170837402344
2021-05-19,313.4730224609375
2021-05-20,306.7439880371094
2021-05-21,312.127197265625
2021-05-24,310.8810729980469
2021-05-25,314.2705078125
2021-05-26,314.5197448730469
2021-05-27,317.610107421875
2021-05-28,317.7596435546875
2021-05-31,317.7596435546875
2021-06-01,317.1116638183594
2021-06-02,321.9964294433594
2021-06-03,324.63818359375
2021-06-04,333.9093322753906
2021-06-07,344.426513671875
2021-06-08,351.65399169921875
2021-06-09,342.283203125
2021-06-10,343.6788635253906
2021-06-11,349.66021728515625
2021-06-14,354.8440856933594
2021-06-15,351.6041564941406
2021-06-16,348.2645568847656
2021-06-17,344.5760498046875
2021-06-18,336.3516845703125
2021-06-21,333.2613220214844
2021-06-22,336.8501281738281
2021-06-23,334.2083740234375
2021-06-24,333.6102294921875
2021-06-25,338.5946960449219
2021-06-28,341.7348937988281
2021-06-29,340.4888000488281
2021-06-30,338.54486083984375
2021-07-01,343.180419921875
2021-07-02,343.8283996582031
2021-07-05,345.024658203125
2021-07-06,315.9153747558594
2021-07-07,316.1147766113281
2021-07-08,305.3981628417969
2021-07-09,305.3482971191406
2021-07-12,306.4947509765625
2021-07-13,309.98388671875
2021-07-14,308.5882263183594
2021-07-15,309.2860412597656
2021-07-16,310.2829284667969
2021-07-19,307.8904113769531
2021-07-20,301.2112121582031
2021-07-22,301.6099548339844
2021-07-23,294.6317138671875
2021-07-26,292.2391662597656
2021-07-27,290.4945983886719
2021-07-28,283.56622314453125
2021-07-29,291.9899597167969
2021-07-30,293.0367126464844
2021-08-02,295.9277038574219
2021-08-03,302.75640869140625
2021-08-04,297.2236328125
2021-08-05,298.7688293457031
2021-08-06,299.11773681640625
2021-08-09,297.1737976074219
2021-08-10,293.2859191894531
2021-08-11,294.53204345703125
2021-08-12,305.04925537109375
2021-08-13,306.2953796386719
2021-08-16,302.75640869140625
2021-08-17,296.7750549316406
2021-08-18,292.4385681152344
2021-08-20,282.22039794921875
2021-08-23,276.08953857421875
2021-08-24,278.9306335449219
2021-08-25,283.516357421875
2021-08-26,283.4166564941406
2021-08-27,284.8621826171875
2021-08-30,291.04290771484375
2021-08-31,286.4073486328125
2021-09-01,294.3326416015625
2021-09-02,292.2391662597656
2021-09-03,294.6317138671875
2021-09-06,296.52581787109375
2021-09-07,293.6846923828125
2021-09-08,294.3326416015625
2021-09-09,298.02117919921875
2021-09-13,300.2641906738281
2021-09-14,305.1489562988281
2021-09-15,310.98077392578125
2021-09-16,310.68170166015625
2021-09-17,307.64117431640625
2021-09-20,298.02117919921875
2021-09-21,301.0118408203125
2021-09-22,309.13653564453125
2021-09-23,320.5010986328125
2021-09-24,316.9621276855469
2021-09-27,330.61956787109375
2021-09-28,328.27685546875
2021-09-29,329.2239074707031
2021-09-30,332.31427001953125
2021-10-01,332.2644348144531
2021-10-04,340.9374084472656
2021-10-05,343.87823486328125
2021-10-06,335.0058898925781
2021-10-07,375.3302001953125
2021-10-08,381.76019287109375
2021-10-11,414.458251953125
2021-10-12,419.54241943359375
2021-10-13,505.3250427246094
2021-10-14,496.053955078125
2021-10-18,508.01666259765625
2021-10-19,480.4027099609375
2021-10-20,485.3871765136719
2021-10-21,506.421630859375
2021-10-22,489.374755859375
2021-10-25,478.408935546875
2021-10-26,507.0696105957031
2021-10-27,496.35302734375
2021-10-28,479.55535888671875
2021-10-29,482.1971435546875
2021-11-01,484.1909484863281
2021-11-02,486.3342590332031
2021-11-03,483.3934020996094
2021-11-04,488.1784973144531
2021-11-08,499.8421325683594
2021-11-09,508.0664978027344
2021-11-10,509.1630859375
2021-11-11,501.8857727050781
2021-11-12,505.4745788574219
2021-11-15,503.87957763671875
2021-11-16,517.4373168945312
2021-11-17,528.5028686523438
2021-11-18,508.1163635253906
2021-11-22,484.5896911621094
2021-11-23,493.9604797363281
2021-11-24,487.1317443847656
2021-11-25,491.2190246582031
2021-11-26,458.7701721191406
2021-11-29,460.01629638671875
2021-11-30,457.1751403808594
2021-12-01,473.7734069824219
2021-12-02,477.6114501953125
2021-12-03,478.60833740234375
2021-12-06,465.7484130859375
2021-12-07,480.30303955078125
2021-12-08,492.3654479980469
2021-12-09,492.4153137207031
2021-12-10,492.91375732421875
2021-12-13,493.8109436035156
2021-12-14,487.8794250488281
2021-12-15,490.1224365234375
2021-12-16,490.4215087890625
2021-12-17,468.7391052246094
2021-12-20,445.6610107421875
2021-12-21,452.190673828125
2021-12-22,469.03814697265625
2021-12-23,470.8824157714844
2021-12-24,466.14715576171875
2021-12-27,469.6861267089844
2021-12-28,478.7080383300781
2021-12-29,474.52105712890625
2021-12-30,468.9384460449219
2021-12-31,480.90118408203125
2022-01-03,496.053955078125
2022-01-04,488.0788269042969
2022-01-05,488.22833251953125
2022-01-06,487.3311462402344
2022-01-07,489.0757141113281
2022-01-10,502.135009765625
2022-01-11,499.742431640625
2022-01-12,505.6739807128906
2022-01-13,510.359375
2022-01-14,508.31573486328125
2022-01-17,523.3688354492188
2022-01-18,509.2129211425781
2022-01-19,519.231689453125
2022-01-20,514.0977172851562
2022-01-21,500.2907409667969
2022-01-24,476.9634704589844
2022-01-25,489.0258483886719
2022-01-27,492.8638916015625
2022-01-28,495.7548828125
2022-01-31,516.141357421875
2022-02-01,502.7331237792969
2022-02-02,504.82659912109375
2022-02-03,502.9325256347656
2022-02-04,499.0446472167969
2022-02-07,493.06329345703125
2022-02-08,491.2190246582031
2022-02-09,499.6925964355469
2022-02-10,505.87335205078125
2022-02-11,497.3000793457031
2022-02-14,469.9851989746094
2022-02-15,502.4340515136719
2022-02-16,496.9013366699219
2022-02-17,498.39666748046875
2022-02-18,491.6177673339844
2022-02-21,492.91375732421875
2022-02-22,476.7640686035156
2022-02-23,475.5179443359375
2022-02-24,426.620361328125
2022-02-25,458.3215637207031
2022-02-28,452.6392517089844
2022-03-02,446.2093200683594
2022-03-03,435.741943359375
2022-03-04,415.95361328125
2022-03-07,392.7758483886719
2022-03-08,390.5328369140625
2022-03-09,404.63885498046875
2022-03-10,418.2962951660156
2022-03-11,416.8507995605469
2022-03-14,410.4208679199219
2022-03-15,412.3647766113281
2022-03-16,423.579833984375
2022-03-17,432.4521789550781
2022-03-21,426.620361328125
2022-03-22,438.9818420410156
2022-03-23,434.4459533691406
2022-03-24,431.85406494140625
2022-03-25,430.7574768066406
2022-03-28,431.3556213378906
2022-03-29,432.3525085449219
2022-03-30,434.2964172363281
2022-03-31,432.40234375
2022-04-01,439.7793273925781
2022-04-04,445.3619384765625
2022-04-05,456.6268310546875
2022-04-06,454.73272705078125
2022-04-07,448.1033935546875
2022-04-08,450.6454772949219
2022-04-11,450.6454772949219
2022-04-12,436.93817138671875
2022-04-13,429.7107238769531
2022-04-18,432.4521789550781
2022-04-19,423.62969970703125
2022-04-20,439.1811828613281
2022-04-21,446.65789794921875
2022-04-22,437.4864807128906
2022-04-25,423.82904052734375
2022-04-26,433.54876708984375
2022-04-27,428.9132080078125
2022-04-28,434.6951904296875
2022-04-29,436.2403869628906
2022-05-02,431.505126953125
2022-05-04,422.1841735839844
2022-05-05,424.9754638671875
2022-05-06,407.2806091308594
2022-05-09,402.6949462890625
2022-05-10,390.5328369140625
2022-05-11,386.9440002441406
2022-05-12,371.14324951171875
2022-05-13,403.0438232421875
2022-05-16,404.090576171875
2022-05-17,422.8321533203125
2022-05-18,413.860107421875
2022-05-19,397.411376953125
2022-05-20,416.7012634277344
2022-05-23,420.14056396484375
2022-05-24,424.42718505859375
2022-05-25,415.7043762207031
2022-05-26,419.343017578125
2022-05-27,428.2652282714844
2022-05-30,441.02545166015625
2022-05-31,442.171875
2022-06-01,443.2186279296875
2022-06-02,437.7855529785156
2022-06-03,430.5580749511719
2022-06-06,431.0066833496094
2022-06-07,434.4958190917969
2022-06-08,434.2964172363281
2022-06-09,427.16864013671875
2022-06-10,426.72003173828125
2022-06-13,405.4364013671875
2022-06-14,403.89117431640625
2022-06-15,412.8133850097656
2022-06-16,391.7291259765625
2022-06-17,387.7415466308594
2022-06-20,381.5109558105469
2022-06-21,396.3646545410156
2022-06-22,391.8786315917969
2022-06-23,405.9348449707031
2022-06-24,408.0282897949219
2022-06-27,413.212158203125
2022-06-28,415.8040771484375
2022-06-29,415.654541015625
2022-06-30,410.5205078125
2022-07-01,411.4177551269531
2022-07-04,407.1809387207031
2022-07-05,410.71990966796875
2022-07-06,415.056396484375
2022-07-07,429.5113525390625
2022-07-08,440.1781005859375
2022-07-11,435.69207763671875
2022-07-12,429.2122497558594
2022-07-13,425.77301025390625
2022-07-14,426.72003173828125
2022-07-15,438.8323059082031
2022-07-18,449.4990539550781
2022-07-19,447.65478515625
2022-07-20,452.0411376953125
2022-07-21,453.436767578125
2022-07-22,453.4866027832031
2022-07-25,448.1532287597656
2022-07-26,439.7793273925781
2022-07-27,442.6703186035156
2022-07-28,440.87591552734375
2022-07-29,448.2030944824219
2022-08-01,477.71112060546875
2022-08-02,474.7702941894531
2022-08-03,466.3465270996094
2022-08-04,467.443115234375
2022-08-05,463.8044738769531
2022-08-08,466.7951354980469
2022-08-10,474.07244873046875
2022-08-11,475.1690368652344
2022-08-12,476.06622314453125
2022-08-16,488.3280334472656
2022-08-17,483.891845703125
2022-08-18,483.293701171875
2022-08-19,469.5365905761719
2022-08-22,453.18756103515625
2022-08-23,459.0193786621094
2022-08-24,461.7608337402344
2022-08-25,457.7732849121094
2022-08-26,463.6050720214844
2022-08-29,451.9414367675781
2022-08-30,469.63629150390625
2022-09-01,465.4493408203125
2022-09-02,460.3153381347656
2022-09-05,457.5738830566406
2022-09-06,456.3277587890625
2022-09-07,444.4647521972656
2022-09-08,440.8260803222656
2022-09-09,444.51458740234375
2022-09-12,449.5987243652344
2022-09-13,455.3807067871094
2022-09-14,448.8012390136719
2022-09-15,445.8603820800781
2022-09-16,431.1562194824219
2022-09-19,424.1281433105469
2022-09-20,432.9007873535156
2022-09-21,426.3212890625
2022-09-22,430.8571472167969
2022-09-23,421.7854309082031
2022-09-26,396.26495361328125
2022-09-27,397.5609130859375
2022-09-28,397.8599853515625
2022-09-29,401.0002136230469
2022-09-30,403.3428955078125
2022-10-03,396.41448974609375
2022-10-04,406.63262939453125
2022-10-06,412.8133850097656
2022-10-07,410.86944580078125
2022-10-10,394.71978759765625
2022-10-11,392.12786865234375
2022-10-12,395.3179016113281
2022-10-13,397.76031494140625
2022-10-14,395.01885986328125
2022-10-17,394.86932373046875
2022-10-18,402.9939880371094
2022-10-19,397.8101501464844
2022-10-20,396.86309814453125
2022-10-21,396.813232421875
2022-10-24,400.35223388671875
2022-10-25,403.2930603027344
2022-10-27,406.43328857421875
2022-10-28,408.6264343261719
2022-10-31,411.46759033203125
2022-11-01,420.0408630371094
2022-11-02,420.83837890625
2022-11-03,414.9566955566406
2022-11-04,424.0284423828125
2022-11-07,433.6484375
2022-11-09,431.80419921875
2022-11-10,410.9193115234375
2022-11-11,422.1841735839844
2022-11-14,432.3525085449219
2022-11-15,435.7917785644531
2022-11-16,430.20916748046875
2022-11-17,421.83526611328125
2022-11-18,422.4832458496094
2022-11-21,419.7916564941406
2022-11-22,423.3804626464844
2022-11-23,422.7324523925781
2022-11-24,422.08447265625
2022-11-25,431.85406494140625
2022-11-28,431.9039001464844
2022-11-29,431.80419921875
2022-11-30,438.0347595214844
2022-12-01,436.88836669921875
2022-12-02,434.0472106933594
2022-12-05,427.4178771972656
2022-12-06,425.77301025390625
2022-12-07,418.79473876953125
2022-12-08,415.9037780761719
2022-12-09,412.015869140625
2022-12-12,412.86322021484375
2022-12-13,417.19970703125
2022-12-14,416.6015625
2022-12-15,415.40533447265625
2022-12-16,420.29010009765625
2022-12-19,416.7012634277344
2022-12-20,409.2245788574219
2022-12-21,401.34912109375
2022-12-22,393.2244567871094
2022-12-23,377.1744689941406
2022-12-26,383.6044006347656
2022-12-27,392.92535400390625
2022-12-28,390.084228515625
2022-12-29,384.70098876953125
2022-12-30,386.7446594238281
2023-01-02,393.5733337402344
2023-01-03,392.6761474609375
2023-01-04,384.4019470214844
2023-01-05,385.6979064941406
2023-01-06,380.8131103515625
2023-01-09,388.239990234375
2023-01-10,411.6170959472656
2023-01-11,416.9006652832031
2023-01-12,410.9691467285156
2023-01-13,410.2214660644531
2023-01-16,411.716796875
2023-01-17,414.0096435546875
2023-01-18,407.131103515625
2023-01-19,399.5048522949219
2023-01-20,401.89739990234375
2023-01-23,407.131103515625
2023-01-24,420.83837890625
2023-01-25,417.74798583984375
2023-01-27,444.21551513671875
2023-01-30,442.2715759277344
2023-01-31,450.6953125
2023-02-01,445.2622375488281
2023-02-02,443.4179992675781
2023-02-03,444.06597900390625
2023-02-06,440.626708984375
2023-02-07,434.0970764160156
2023-02-08,438.73260498046875
2023-02-09,435.39300537109375
2023-02-10,444.4647521972656
2023-02-13,439.67962646484375
2023-02-14,439.1811828613281
2023-02-15,442.77001953125
2023-02-16,440.2279357910156
2023-02-17,438.5332336425781
2023-02-20,441.62359619140625
2023-02-21,435.143798828125
2023-02-22,428.1156921386719
2023-02-23,431.85406494140625
2023-02-24,426.4209899902344
2023-02-27,416.65142822265625
2023-02-28,419.39288330078125
2023-03-01,424.6764221191406
2023-03-02,419.1436767578125
2023-03-03,426.6701965332031
2023-03-06,438.73260498046875
2023-03-08,437.9350891113281
2023-03-09,430.8571472167969
2023-03-10,434.4958190917969
2023-03-13,421.08758544921875
2023-03-14,415.35546875
2023-03-15,410.0719299316406
2023-03-16,414.4084167480469
2023-03-17,417.6981506347656
2023-03-20,409.4737854003906
2023-03-21,411.2681884765625
2023-03-22,414.80718994140625
2023-03-23,417.8476867675781
2023-03-24,415.2059326171875
2023-03-27,410.7697448730469
2023-03-28,400.35223388671875
2023-03-29,407.9286193847656
2023-03-31,419.4925537109375
2023-04-03,422.9318542480469
2023-04-05,425.2247009277344
2023-04-06,436.29022216796875
2023-04-10,459.8667297363281
2023-04-11,457.27484130859375
2023-04-12,464.0536804199219
2023-04-13,468.041259765625
2023-04-17,470.6830139160156
2023-04-18,471.5303955078125
2023-04-19,467.9415588378906
2023-04-20,475.3185729980469
2023-04-21,469.7359924316406
2023-04-24,473.72357177734375
2023-04-25,472.07867431640625
2023-04-26,476.7142333984375
2023-04-27,480.1036682128906
2023-04-28,483.4432678222656
2023-05-02,478.7578430175781
2023-05-03,482.1971435546875
2023-05-04,479.3061218261719
2023-05-05,475.6176452636719
2023-05-08,498.9449462890625
2023-05-09,502.08514404296875
2023-05-10,507.9169921875
2023-05-11,510.0104675292969
2023-05-12,514.346923828125
2023-05-15,529.2006225585938
2023-05-16,519.5308227539062
2023-05-17,513.8983154296875
2023-05-18,506.8702392578125
2023-05-19,523.3189697265625
2023-05-22,520.8765869140625
2023-05-23,526.8579711914062
2023-05-24,518.583740234375
2023-05-25,513.2503051757812
2023-05-26,516.8391723632812
2023-05-29,519.829833984375
2023-05-30,517.1880493164062
2023-05-31,524.664794921875
2023-06-01,533.537109375
2023-06-02,534.2349853515625
2023-06-05,544.5527954101562
2023-06-06,554.0232543945312
2023-06-07,566.1853637695312
2023-06-08,557.9609985351562
2023-06-09,560.5529174804688
2023-06-12,562.397216796875
2023-06-13,560.4532470703125
2023-06-14,568.528076171875
2023-06-15,566.683837890625
2023-06-16,568.0296020507812
2023-06-19,564.291259765625
2023-06-20,581.4378051757812
2023-06-21,579.5936279296875
2023-06-22,567.5809936523438
2023-06-23,557.9111938476562
2023-06-26,566.0856323242188
2023-06-27,571.3193359375
2023-06-28,584.8272705078125
2023-06-30,593.6995849609375
2023-07-03,588.96435546875
2023-07-04,589.6123657226562
2023-07-05,586.4223022460938
2023-07-06,598.9332885742188
2023-07-07,616.2792358398438
2023-07-10,616.7278442382812
2023-07-11,626.5472412109375
2023-07-12,619.5191650390625
2023-07-13,618.7216796875
2023-07-14,622.9584350585938
2023-07-17,616.5783081054688
2023-07-18,610.1981811523438
2023-07-19,618.6717529296875
2023-07-20,619.7185668945312
2023-07-21,623.8057861328125
2023-07-24,627.294921875
2023-07-25,637.4632568359375
2023-07-26,639.1080932617188
2023-07-27,641.7000122070312
2023-07-28,635.2999877929688
2023-07-31,644.2999877929688
2023-08-01,643.6500244140625
2023-08-02,622.6500244140625
2023-08-03,618.9500122070312
2023-08-04,615.0
2023-08-07,609.5
2023-08-08,607.2999877929688
2023-08-09,622.5499877929688
2023-08-10,618.25
2023-08-11,611.7999877929688
2023-08-14,607.3499755859375
2023-08-16,618.75
2023-08-17,613.75
2023-08-18,615.7999877929688
2023-08-21,620.5
2023-08-22,620.2000122070312
2023-08-23,613.9000244140625
2023-08-24,610.9500122070312
2023-08-25,605.0999755859375
2023-08-28,602.4000244140625
2023-08-29,607.1500244140625
2023-08-30,605.5499877929688
2023-08-31,601.0
2023-09-01,611.2000122070312
2023-09-04,609.0
2023-09-05,611.1500244140625
2023-09-06,610.25
2023-09-07,614.9000244140625
2023-09-08,627.25
2023-09-11,634.8499755859375
2023-09-12,620.7999877929688
2023-09-13,625.9000244140625
2023-09-14,624.5999755859375
2023-09-15,634.25
2023-09-18,640.6500244140625
2023-09-20,638.5
2023-09-21,627.0499877929688
2023-09-22,620.4500122070312
2023-09-25,618.7000122070312
2023-09-26,619.7999877929688
2023-09-27,620.1500244140625
2023-09-28,614.0999755859375
2023-09-29,630.2000122070312
2023-10-03,620.4500122070312
2023-10-04,613.5999755859375
2023-10-05,619.5999755859375
2023-10-06,622.4500122070312
2023-10-09,617.3499755859375
2023-10-10,630.5499877929688
2023-10-11,634.0
2023-10-12,636.9500122070312
2023-10-13,667.0999755859375
2023-10-16,666.2000122070312
2023-10-17,655.7000122070312
2023-10-18,668.5
2023-10-19,668.7999877929688
2023-10-20,663.2000122070312
2023-10-23,647.3499755859375
2023-10-25,637.8499755859375
2023-10-26,626.5499877929688
2023-10-27,641.0499877929688
2023-10-30,628.5
2023-10-31,628.6500244140625
2023-11-01,627.7000122070312
2023-11-02,636.4500122070312
2023-11-03,647.5
2023-11-06,646.0499877929688
2023-11-07,645.0
2023-11-08,642.5499877929688
2023-11-09,649.3499755859375
2023-11-10,651.0499877929688
2023-11-13,653.25
2023-11-15,671.5499877929688
2023-11-16,680.4000244140625
2023-11-17,681.5499877929688
2023-11-20,674.2999877929688
2023-11-21,681.7000122070312
2023-11-22,681.2000122070312
2023-11-23,679.9500122070312
2023-11-24,673.7000122070312
2023-11-28,697.5
2023-11-29,712.3499755859375
2023-11-30,706.4000244140625
2023-12-01,705.4500122070312
2023-12-04,705.5999755859375
2023-12-05,708.9500122070312
2023-12-06,722.4500122070312
2023-12-07,721.9500122070312
2023-12-08,714.5499877929688
2023-12-11,720.7999877929688
2023-12-12,715.4000244140625
2023-12-13,720.2999877929688
2023-12-14,719.75
2023-12-15,732.4000244140625
2023-12-18,730.7999877929688
2023-12-19,728.9500122070312
2023-12-20,705.25
2023-12-21,708.8499755859375
2023-12-22,724.7000122070312
2023-12-26,719.5499877929688
2023-12-27,740.9000244140625
2023-12-28,753.9000244140625
2023-12-29,779.9500122070312
