Date,TCS.NS(close)
2011-01-03,446.3519592285156
2011-01-04,441.2255554199219
2011-01-05,446.6987609863281
2011-01-06,451.6131286621094
2011-01-07,440.41632080078125
2011-01-10,435.8874816894531
2011-01-11,423.3993225097656
2011-01-12,437.8338928222656
2011-01-13,433.3241882324219
2011-01-14,431.74395751953125
2011-01-17,438.3926696777344
2011-01-18,463.5037841796875
2011-01-19,459.8229064941406
2011-01-20,467.2231140136719
2011-01-21,467.0110778808594
2011-01-24,466.0670166015625
2011-01-25,458.1077575683594
2011-01-27,463.06878662109375
2011-01-28,456.0998840332031
2011-01-31,447.6641540527344
2011-02-01,444.05413818359375
2011-02-02,456.5246276855469
2011-02-03,457.0074462890625
2011-02-04,443.5330505371094
2011-02-07,436.7187194824219
2011-02-08,434.3828430175781
2011-02-09,424.03582763671875
2011-02-10,421.1208190917969
2011-02-11,420.67681884765625
2011-02-14,429.44097900390625
2011-02-15,423.8040771484375
2011-02-16,423.3408508300781
2011-02-17,428.2440490722656
2011-02-18,420.7154541015625
2011-02-21,439.5948486328125
2011-02-22,439.6527404785156
2011-02-23,434.55657958984375
2011-02-24,429.2477111816406
2011-02-25,428.5722961425781
2011-02-28,428.6494140625
2011-03-01,434.15118408203125
2011-03-03,444.0735168457031
2011-03-04,438.4175109863281
2011-03-07,427.877197265625
2011-03-08,431.52557373046875
2011-03-09,435.0004577636719
2011-03-10,427.9931335449219
2011-03-11,415.8314208984375
2011-03-14,423.74627685546875
2011-03-15,420.7540588378906
2011-03-16,430.42559814453125
2011-03-17,423.91998291015625
2011-03-18,418.03216552734375
2011-03-21,413.4184265136719
2011-03-22,412.9165344238281
2011-03-23,410.92828369140625
2011-03-24,422.14398193359375
2011-03-25,432.27874755859375
2011-03-28,432.3751220703125
2011-03-29,439.6334533691406
2011-03-30,444.7492370605469
2011-03-31,457.0845031738281
2011-04-01,455.6367492675781
2011-04-04,468.3968505859375
2011-04-05,478.68585205078125
2011-04-06,471.73626708984375
2011-04-07,462.9915771484375
2011-04-08,461.7560729980469
2011-04-11,454.9610595703125
2011-04-13,467.19989013671875
2011-04-15,459.98016357421875
2011-04-18,441.91143798828125
2011-04-19,449.6716003417969
2011-04-20,470.5201416015625
2011-04-21,460.2503356933594
2011-04-25,462.4703674316406
2011-04-26,459.05364990234375
2011-04-27,455.81048583984375
2011-04-28,447.3358154296875
2011-04-29,450.0384216308594
2011-05-02,447.2584533691406
2011-05-03,439.5370178222656
2011-05-04,438.9964599609375
2011-05-05,430.4834289550781
2011-05-06,443.5908508300781
2011-05-09,438.4175109863281
2011-05-10,440.0968933105469
2011-05-11,440.23187255859375
2011-05-12,429.2286376953125
2011-05-13,435.1549377441406
2011-05-16,436.69921875
2011-05-17,440.7917785644531
2011-05-18,445.9460144042969
2011-05-19,449.7296142578125
2011-05-20,453.64825439453125
2011-05-23,450.3860168457031
2011-05-24,443.9577331542969
2011-05-25,435.73406982421875
2011-05-26,438.49468994140625
2011-05-27,441.8922119140625
2011-05-30,444.7492370605469
2011-05-31,446.7567138671875
2011-06-01,453.80279541015625
2011-06-02,450.8492736816406
2011-06-03,444.8070373535156
2011-06-06,449.53656005859375
2011-06-07,455.30859375
2011-06-08,459.234619140625
2011-06-09,461.15875244140625
2011-06-10,462.2665710449219
2011-06-13,456.8634948730469
2011-06-14,462.9856872558594
2011-06-15,460.3424377441406
2011-06-16,447.475830078125
2011-06-17,431.1689147949219
2011-06-20,415.6590270996094
2011-06-21,430.21661376953125
2011-06-22,421.1788635253906
2011-06-23,426.4266357421875
2011-06-24,442.2669677734375
2011-06-27,447.261962890625
2011-06-28,448.5835876464844
2011-06-29,454.7449035644531
2011-06-30,460.32293701171875
2011-07-01,463.31622314453125
2011-07-04,460.9060363769531
2011-07-05,458.4765930175781
2011-07-06,459.7788391113281
2011-07-07,464.8709716796875
2011-07-08,455.4445495605469
2011-07-11,449.6139831542969
2011-07-12,445.2212219238281
2011-07-13,446.6593933105469
2011-07-14,436.80548095703125
2011-07-15,445.493408203125
2011-07-18,437.3300476074219
2011-07-19,443.16107177734375
2011-07-20,440.20660400390625
2011-07-21,436.35845947265625
2011-07-22,440.57598876953125
2011-07-25,443.10284423828125
2011-07-26,444.9489440917969
2011-07-27,445.9210510253906
2011-07-28,440.23077392578125
2011-07-29,443.1343078613281
2011-08-01,442.4522705078125
2011-08-02,440.65948486328125
2011-08-03,432.7476806640625
2011-08-04,427.096435546875
2011-08-05,412.3253173828125
2011-08-08,391.824951171875
2011-08-09,376.0210876464844
2011-08-10,383.5235290527344
2011-08-11,381.302001953125
2011-08-12,369.14215087890625
2011-08-16,379.4508972167969
2011-08-17,389.7008361816406
2011-08-18,375.0661926269531
2011-08-19,362.04888916015625
2011-08-22,357.8006591796875
2011-08-23,382.5687255859375
2011-08-24,375.16357421875
2011-08-25,370.40887451171875
2011-08-26,369.64886474609375
2011-08-29,397.3788146972656
2011-08-30,406.2648010253906
2011-09-02,398.353271484375
2011-09-05,400.53570556640625
2011-09-06,402.95208740234375
2011-09-07,401.8218688964844
2011-09-08,403.79022216796875
2011-09-09,395.9952087402344
2011-09-12,384.1666564941406
2011-09-13,387.3039855957031
2011-09-14,395.6249084472656
2011-09-15,406.01153564453125
2011-09-16,400.55517578125
2011-09-19,396.7746887207031
2011-09-20,412.3253173828125
2011-09-21,406.69354248046875
2011-09-22,387.5572204589844
2011-09-23,385.9593505859375
2011-09-26,388.55120849609375
2011-09-27,405.5438232421875
2011-09-28,408.40850830078125
2011-09-29,413.6893615722656
2011-09-30,404.2773132324219
2011-10-03,406.61572265625
2011-10-04,407.6484680175781
2011-10-05,406.7131042480469
2011-10-07,408.6618347167969
2011-10-10,414.9560546875
2011-10-11,405.66064453125
2011-10-12,420.5488586425781
2011-10-13,425.8882751464844
2011-10-14,442.06243896484375
2011-10-17,436.60626220703125
2011-10-18,402.815673828125
2011-10-19,408.81768798828125
2011-10-20,407.23919677734375
2011-10-21,409.16845703125
2011-10-24,420.8215637207031
2011-10-25,429.3808288574219
2011-10-28,438.3111877441406
2011-10-31,436.0834045410156
2011-11-01,433.2107849121094
2011-11-02,432.5856018066406
2011-11-03,431.8625183105469
2011-11-04,429.8301696777344
2011-11-08,431.9601745605469
2011-11-09,438.87786865234375
2011-11-11,442.02398681640625
2011-11-14,441.0079040527344
2011-11-15,439.4442443847656
2011-11-16,436.6501770019531
2011-11-17,435.8294372558594
2011-11-18,424.6711730957031
2011-11-21,417.0893249511719
2011-11-22,422.8148193359375
2011-11-23,415.17425537109375
2011-11-24,426.70361328125
2011-11-25,415.799560546875
2011-11-28,425.4139099121094
2011-11-29,427.2897644042969
2011-11-30,435.9856872558594
2011-12-01,443.50897216796875
2011-12-02,460.39288330078125
2011-12-05,461.54583740234375
2011-12-07,460.9985046386719
2011-12-08,460.23638916015625
2011-12-09,458.2041931152344
2011-12-12,461.3110656738281
2011-12-13,460.6662902832031
2011-12-14,462.1319274902344
2011-12-15,462.1513977050781
2011-12-16,448.0035705566406
2011-12-19,446.9678649902344
2011-12-20,442.9424133300781
2011-12-21,452.8498229980469
2011-12-22,450.11395263671875
2011-12-23,452.2440185546875
2011-12-26,464.457275390625
2011-12-27,460.9595031738281
2011-12-28,456.9534606933594
2011-12-29,455.58563232421875
2011-12-30,453.6118469238281
2012-01-02,460.6273193359375
2012-01-03,468.0530700683594
2012-01-04,458.438720703125
2012-01-05,458.0478515625
2012-01-06,457.0317077636719
2012-01-09,457.7938537597656
2012-01-10,455.46832275390625
2012-01-11,444.3689880371094
2012-01-12,425.8047790527344
2012-01-13,424.3391418457031
2012-01-16,433.5821228027344
2012-01-17,431.4520568847656
2012-01-18,420.58709716796875
2012-01-19,420.352783203125
2012-01-20,421.89642333984375
2012-01-23,421.1929016113281
2012-01-24,425.49200439453125
2012-01-25,430.3126525878906
2012-01-27,434.5254211425781
2012-01-30,435.7011413574219
2012-01-31,443.7940368652344
2012-02-01,442.34381103515625
2012-02-02,449.9078369140625
2012-02-03,459.1372375488281
2012-02-06,467.8766784667969
2012-02-07,469.5030822753906
2012-02-08,477.9878845214844
2012-02-09,481.4952087402344
2012-02-10,483.3765869140625
2012-02-13,480.35888671875
2012-02-14,478.1251220703125
2012-02-15,486.5901794433594
2012-02-16,480.2217712402344
2012-02-17,481.5541076660156
2012-02-21,484.8070373535156
2012-02-22,490.8031921386719
2012-02-23,493.72271728515625
2012-02-24,497.7203369140625
2012-02-27,490.6853332519531
2012-02-28,480.6920471191406
2012-02-29,478.8891906738281
2012-03-01,477.9681701660156
2012-03-02,477.04736328125
2012-03-05,473.1478271484375
2012-03-06,471.0705871582031
2012-03-07,467.48486328125
2012-03-09,473.63787841796875
2012-03-12,465.9953918457031
2012-03-13,469.11114501953125
2012-03-14,452.4747009277344
2012-03-15,456.060546875
2012-03-16,458.35345458984375
2012-03-19,439.7182922363281
2012-03-20,444.754150390625
2012-03-21,460.78302001953125
2012-03-22,457.64776611328125
2012-03-23,464.2709045410156
2012-03-26,455.2377014160156
2012-03-27,460.39117431640625
2012-03-28,456.60943603515625
2012-03-29,447.24285888671875
2012-03-30,458.0594482421875
2012-04-02,468.0334777832031
2012-04-03,461.6650085449219
2012-04-04,461.8410339355469
2012-04-09,456.2174377441406
2012-04-10,453.1213684082031
2012-04-11,446.02789306640625
2012-04-12,443.5
2012-04-13,418.6924743652344
2012-04-16,419.2411193847656
2012-04-17,427.5102844238281
2012-04-18,430.1361389160156
2012-04-19,432.2523498535156
2012-04-20,426.56982421875
2012-04-23,417.0856628417969
2012-04-24,468.0138854980469
2012-04-25,458.9411926269531
2012-04-26,468.1901550292969
2012-04-27,471.8546142578125
2012-04-30,488.5495910644531
2012-05-02,496.642578125
2012-05-03,501.4433288574219
2012-05-04,500.3851013183594
2012-05-07,498.9940185546875
2012-05-08,470.5611572265625
2012-05-09,480.300048828125
2012-05-10,483.04351806640625
2012-05-11,482.337890625
2012-05-14,480.4566955566406
2012-05-15,480.593994140625
2012-05-16,479.45745849609375
2012-05-17,478.9090270996094
2012-05-18,474.4606018066406
2012-05-21,473.8924560546875
2012-05-22,479.7122497558594
2012-05-23,480.1431884765625
2012-05-24,478.6932678222656
2012-05-25,478.4386291503906
2012-05-28,479.966796875
2012-05-29,486.10003662109375
2012-05-30,486.1786193847656
2012-05-31,488.059814453125
2012-06-01,479.92779541015625
2012-06-04,475.4796447753906
2012-06-05,480.6724853515625
2012-06-06,490.3327941894531
2012-06-07,489.1693115234375
2012-06-08,485.5010070800781
2012-06-11,486.5463562011719
2012-06-12,492.28515625
2012-06-13,493.19244384765625
2012-06-14,494.6122131347656
2012-06-15,501.8896789550781
2012-06-18,495.854736328125
2012-06-19,502.48114013671875
2012-06-20,494.1391296386719
2012-06-21,482.7991638183594
2012-06-22,486.5068664550781
2012-06-25,479.9198913574219
2012-06-26,487.1575927734375
2012-06-27,491.73297119140625
2012-06-28,496.525390625
2012-06-29,503.8617858886719
2012-07-02,496.76202392578125
2012-07-03,488.8536071777344
2012-07-04,492.18658447265625
2012-07-05,489.3271179199219
2012-07-06,492.1471252441406
2012-07-09,496.7422180175781
2012-07-10,497.64935302734375
2012-07-11,496.30841064453125
2012-07-12,487.5125427246094
2012-07-13,492.7980651855469
2012-07-16,476.2121276855469
2012-07-17,467.7519226074219
2012-07-18,471.4593505859375
2012-07-19,473.70770263671875
2012-07-20,482.4048767089844
2012-07-23,480.1112365722656
2012-07-24,478.09490966796875
2012-07-25,479.6763916015625
2012-07-26,473.86419677734375
2012-07-27,484.4808349609375
2012-07-30,486.7344970703125
2012-07-31,491.736328125
2012-08-01,484.2237548828125
2012-08-02,487.4462585449219
2012-08-03,489.06732177734375
2012-08-06,485.9041748046875
2012-08-07,499.8025207519531
2012-08-08,493.9307556152344
2012-08-09,497.4693603515625
2012-08-10,506.1285705566406
2012-08-13,500.69195556640625
2012-08-14,501.5221252441406
2012-08-16,499.6044921875
2012-08-17,505.5552062988281
2012-08-21,513.483154296875
2012-08-22,510.7152099609375
2012-08-23,523.2888793945312
2012-08-24,523.0516967773438
2012-08-27,522.1029052734375
2012-08-28,534.1426391601562
2012-08-29,531.1376342773438
2012-08-30,540.5679321289062
2012-08-31,531.3154907226562
2012-09-03,528.9827880859375
2012-09-04,530.1689453125
2012-09-05,539.52001953125
2012-09-06,543.9087524414062
2012-09-07,548.2979125976562
2012-09-10,542.2681274414062
2012-09-11,550.650390625
2012-09-12,559.4478149414062
2012-09-13,560.55517578125
2012-09-14,558.7361450195312
2012-09-17,530.6630859375
2012-09-18,513.9380493164062
2012-09-20,522.7154541015625
2012-09-21,515.6181640625
2012-09-24,509.8454284667969
2012-09-25,511.32830810546875
2012-09-26,508.3231201171875
2012-09-27,502.7679138183594
2012-09-28,512.3956298828125
2012-10-01,515.1832275390625
2012-10-03,522.97265625
2012-10-04,520.7979125976562
2012-10-05,515.5985107421875
2012-10-08,511.1302185058594
2012-10-09,511.9806823730469
2012-10-10,509.8060607910156
2012-10-11,509.8454284667969
2012-10-12,513.4038696289062
2012-10-15,511.90142822265625
2012-10-16,512.3956298828125
2012-10-17,507.3544616699219
2012-10-18,516.923095703125
2012-10-19,509.94415283203125
2012-10-22,521.4899291992188
2012-10-23,519.7894897460938
2012-10-25,520.086181640625
2012-10-29,517.3380126953125
2012-10-30,518.5639038085938
2012-10-31,521.3380737304688
2012-11-01,521.2390747070312
2012-11-02,527.5599365234375
2012-11-05,526.9259033203125
2012-11-06,523.33935546875
2012-11-07,527.6788330078125
2012-11-08,527.5599365234375
2012-11-09,525.0831298828125
2012-11-12,528.8678588867188
2012-11-15,512.8768920898438
2012-11-16,509.9643249511719
2012-11-19,500.2746276855469
2012-11-20,504.4160461425781
2012-11-21,508.1412048339844
2012-11-22,505.86212158203125
2012-11-23,510.6772766113281
2012-11-26,512.6986083984375
2012-11-27,513.2931518554688
2012-11-29,514.4425048828125
2012-11-30,520.7437133789062
2012-12-03,521.8533935546875
2012-12-04,514.9774780273438
2012-12-05,514.3629760742188
2012-12-06,507.5467529296875
2012-12-07,500.9879150390625
2012-12-10,490.3074035644531
2012-12-11,483.3720703125
2012-12-12,485.7895202636719
2012-12-13,484.501708984375
2012-12-14,492.56646728515625
2012-12-17,477.7446594238281
2012-12-18,479.78546142578125
2012-12-19,488.5042419433594
2012-12-20,496.1925964355469
2012-12-21,498.8279724121094
2012-12-24,501.80023193359375
2012-12-26,500.2151794433594
2012-12-27,495.7564697265625
2012-12-28,502.3155212402344
2012-12-31,497.6983947753906
2013-01-01,500.9879150390625
2013-01-02,500.6509704589844
2013-01-03,507.507080078125
2013-01-04,514.8782348632812
2013-01-07,513.1544189453125
2013-01-08,515.29443359375
2013-01-09,505.92193603515625
2013-01-10,498.7090759277344
2013-01-11,517.7119750976562
2013-01-14,528.8678588867188
2013-01-15,530.0369873046875
2013-01-16,534.1188354492188
2013-01-17,539.7661743164062
2013-01-18,535.4066162109375
2013-01-21,527.0846557617188
2013-01-22,522.1306762695312
2013-01-23,521.1177368164062
2013-01-24,527.7116088867188
2013-01-25,532.458251953125
2013-01-28,534.2654418945312
2013-01-29,534.2257080078125
2013-01-30,534.7023315429688
2013-01-31,533.9080810546875
2013-02-01,535.4767456054688
2013-02-04,538.7538452148438
2013-02-05,540.2236938476562
2013-02-06,544.3942260742188
2013-02-07,550.988037109375
2013-02-08,565.0687866210938
2013-02-11,561.930908203125
2013-02-12,560.0839233398438
2013-02-13,570.1532592773438
2013-02-14,575.0389404296875
2013-02-15,572.8343505859375
2013-02-18,566.1611328125
2013-02-19,573.3903198242188
2013-02-20,577.0646362304688
2013-02-21,576.3695678710938
2013-02-22,577.9782104492188
2013-02-25,585.3661499023438
2013-02-26,594.3829345703125
2013-02-27,589.1397094726562
2013-02-28,602.5654296875
2013-03-01,596.5477905273438
2013-03-04,601.0560913085938
2013-03-05,611.7606201171875
2013-03-06,620.1219482421875
2013-03-07,631.521728515625
2013-03-08,628.8407592773438
2013-03-11,622.10791015625
2013-03-12,619.8441772460938
2013-03-13,616.3486328125
2013-03-14,622.70361328125
2013-03-15,623.7166748046875
2013-03-18,622.4059448242188
2013-03-19,614.3826904296875
2013-03-20,618.7117919921875
2013-03-21,619.62548828125
2013-03-22,612.55517578125
2013-03-25,613.0320434570312
2013-03-26,618.1954345703125
2013-03-28,625.9012451171875
2013-04-01,618.3943481445312
2013-04-02,622.5648193359375
2013-04-03,613.0515747070312
2013-04-04,598.9112548828125
2013-04-05,595.1575317382812
2013-04-08,588.1665649414062
2013-04-09,594.7801513671875
2013-04-10,607.9078369140625
2013-04-11,610.4699096679688
2013-04-12,600.4799194335938
2013-04-15,584.8697509765625
2013-04-16,589.1198120117188
2013-04-17,578.5940551757812
2013-04-18,577.0447387695312
2013-04-22,566.1415405273438
2013-04-23,568.2266235351562
2013-04-25,557.005615234375
2013-04-26,543.9176025390625
2013-04-29,544.4735717773438
2013-04-30,547.512451171875
2013-05-02,569.5573120117188
2013-05-03,563.4403076171875
2013-05-06,582.7843017578125
2013-05-07,584.5321044921875
2013-05-08,587.908203125
2013-05-09,595.1972045898438
2013-05-10,594.1843872070312
2013-05-13,576.588134765625
2013-05-14,579.1102294921875
2013-05-15,584.5120849609375
2013-05-16,577.5611572265625
2013-05-17,585.406005859375
2013-05-20,584.85009765625
2013-05-21,592.972900390625
2013-05-22,595.17724609375
2013-05-23,592.9131469726562
2013-05-24,583.7178344726562
2013-05-27,595.0183715820312
2013-05-28,601.41357421875
2013-05-29,594.7601928710938
2013-05-30,595.574462890625
2013-05-31,595.1972045898438
2013-06-03,583.6582641601562
2013-06-04,582.049560546875
2013-06-05,583.022705078125
2013-06-06,589.4146728515625
2013-06-07,608.7313842773438
2013-06-10,611.1759033203125
2013-06-11,601.758056640625
2013-06-12,588.352783203125
2013-06-13,579.355712890625
2013-06-14,581.379638671875
2013-06-17,582.0809326171875
2013-06-18,578.6143188476562
2013-06-19,572.1621704101562
2013-06-20,562.8646240234375
2013-06-21,569.97802734375
2013-06-24,565.3490600585938
2013-06-25,557.9752807617188
2013-06-26,576.1698608398438
2013-06-27,597.8909301757812
2013-06-28,608.4107055664062
2013-07-01,598.0712280273438
2013-07-02,601.357421875
2013-07-03,597.0492553710938
2013-07-04,616.4862060546875
2013-07-05,613.2399291992188
2013-07-08,603.8020629882812
2013-07-09,603.1005249023438
2013-07-10,605.926025390625
2013-07-11,627.006103515625
2013-07-12,645.16015625
2013-07-15,657.9444580078125
2013-07-16,660.990234375
2013-07-17,672.6722412109375
2013-07-18,665.418701171875
2013-07-19,698.44091796875
2013-07-22,699.9237670898438
2013-07-23,701.2463989257812
2013-07-24,714.471435546875
2013-07-25,719.6611328125
2013-07-26,711.1448974609375
2013-07-29,714.6395263671875
2013-07-30,719.9013061523438
2013-07-31,729.2197875976562
2013-08-01,729.1797485351562
2013-08-02,741.4104614257812
2013-08-05,749.9859008789062
2013-08-06,751.150634765625
2013-08-07,732.1117553710938
2013-08-08,741.229736328125
2013-08-12,728.6173706054688
2013-08-13,730.9471435546875
2013-08-14,736.4498291015625
2013-08-16,715.3223266601562
2013-08-19,713.9364013671875
2013-08-20,697.4483642578125
2013-08-21,689.9774169921875
2013-08-22,714.5390625
2013-08-23,734.8231811523438
2013-08-26,739.8638916015625
2013-08-27,738.5786743164062
2013-08-28,766.3336791992188
2013-08-29,782.0787963867188
2013-08-30,816.661865234375
2013-09-02,826.16162109375
2013-09-03,803.7686767578125
2013-09-04,831.081787109375
2013-09-05,799.6112670898438
2013-09-06,798.8283081054688
2013-09-10,798.4666137695312
2013-09-11,800.8365478515625
2013-09-12,790.433349609375
2013-09-13,784.7499389648438
2013-09-16,764.1847534179688
2013-09-17,782.2194213867188
2013-09-18,785.0511474609375
2013-09-19,789.790771484375
2013-09-20,783.3641357421875
2013-09-23,785.2921752929688
2013-09-24,779.026123046875
2013-09-25,786.8787841796875
2013-09-26,780.3916625976562
2013-09-27,782.4805297851562
2013-09-30,774.32666015625
2013-10-01,782.862060546875
2013-10-03,813.2078247070312
2013-10-04,816.8226928710938
2013-10-07,839.3760375976562
2013-10-08,828.009033203125
2013-10-09,839.8180541992188
2013-10-10,835.4600219726562
2013-10-11,852.3497924804688
2013-10-14,888.7807006835938
2013-10-15,889.844970703125
2013-10-17,846.88720703125
2013-10-18,851.7872314453125
2013-10-21,832.10595703125
2013-10-22,839.2154541015625
2013-10-23,827.888427734375
2013-10-24,806.8212280273438
2013-10-25,832.1967163085938
2013-10-28,830.667236328125
2013-10-29,833.0216674804688
2013-10-30,841.9361572265625
2013-10-31,850.02587890625
2013-11-01,844.2102661132812
2013-11-05,821.8331909179688
2013-11-06,841.5940551757812
2013-11-07,854.0100708007812
2013-11-08,841.4935913085938
2013-11-11,843.0228881835938
2013-11-12,840.0045166015625
2013-11-13,824.6504516601562
2013-11-14,815.4743041992188
2013-11-18,822.6380004882812
2013-11-19,816.9635009765625
2013-11-20,814.4277954101562
2013-11-21,799.5364990234375
2013-11-22,805.2716674804688
2013-11-25,810.2622680664062
2013-11-26,802.394287109375
2013-11-27,799.4761352539062
2013-11-28,798.731689453125
2013-11-29,806.6802368164062
2013-12-02,810.5239868164062
2013-12-03,813.3009033203125
2013-12-04,804.9498291015625
2013-12-05,799.7579956054688
2013-12-06,805.0504760742188
2013-12-09,806.881591796875
2013-12-10,838.233642578125
2013-12-11,828.29296875
2013-12-12,816.5611572265625
2013-12-13,805.6539916992188
2013-12-16,812.636962890625
2013-12-17,823.1814575195312
2013-12-18,827.3872680664062
2013-12-19,837.7306518554688
2013-12-20,853.4467163085938
2013-12-23,848.8185424804688
2013-12-24,849.4824829101562
2013-12-26,845.2968139648438
2013-12-27,869.58544921875
2013-12-30,867.7341918945312
2013-12-31,874.1737060546875
2014-01-01,866.6275024414062
2014-01-02,872.1414794921875
2014-01-03,894.357177734375
2014-01-06,901.3602905273438
2014-01-07,887.897705078125
2014-01-08,898.562744140625
2014-01-09,902.3060302734375
2014-01-10,917.98193359375
2014-01-13,953.3383178710938
2014-01-14,936.4351806640625
2014-01-15,947.2413940429688
2014-01-16,945.9132080078125
2014-01-17,890.6749267578125
2014-01-20,941.0431518554688
2014-01-21,917.7406005859375
2014-01-22,915.2252807617188
2014-01-23,906.5316772460938
2014-01-24,905.0226440429688
2014-01-27,898.9345092773438
2014-01-28,891.9796142578125
2014-01-29,890.9515380859375
2014-01-30,894.0963745117188
2014-01-31,903.55126953125
2014-02-03,884.7626953125
2014-02-04,867.3856201171875
2014-02-05,884.7427368164062
2014-02-06,877.0213623046875
2014-02-07,864.58349609375
2014-02-10,844.08154296875
2014-02-11,847.3677978515625
2014-02-12,848.8795166015625
2014-02-13,860.2896728515625
2014-02-14,874.0581665039062
2014-02-17,873.0502319335938
2014-02-18,873.2921142578125
2014-02-19,886.173828125
2014-02-20,882.706787109375
2014-02-21,889.2984008789062
2014-02-24,878.0900268554688
2014-02-25,882.5248413085938
2014-02-26,879.8036499023438
2014-02-28,917.5416870117188
2014-03-03,903.147705078125
2014-03-04,903.3897705078125
2014-03-05,907.9254150390625
2014-03-06,903.43017578125
2014-03-07,898.491455078125
2014-03-10,863.8778686523438
2014-03-11,867.5067749023438
2014-03-12,878.71484375
2014-03-13,866.659912109375
2014-03-14,862.6281127929688
2014-03-18,855.5521850585938
2014-03-19,822.2493286132812
2014-03-20,849.98828125
2014-03-21,857.5682983398438
2014-03-24,867.8897094726562
2014-03-25,865.4906616210938
2014-03-26,844.0617065429688
2014-03-27,844.3638916015625
2014-03-28,847.5288696289062
2014-03-31,860.0476684570312
2014-04-01,877.6060791015625
2014-04-02,875.8121337890625
2014-04-03,873.493896484375
2014-04-04,862.3457641601562
2014-04-07,868.3733520507812
2014-04-09,862.9705810546875
2014-04-10,857.2254028320312
2014-04-11,872.5262451171875
2014-04-15,908.2682495117188
2014-04-16,885.5086059570312
2014-04-17,896.2335205078125
2014-04-21,895.7696533203125
2014-04-22,895.4873657226562
2014-04-23,892.544189453125
2014-04-24,892.544189453125
2014-04-25,889.1170654296875
2014-04-28,883.5128784179688
2014-04-29,884.68212890625
2014-04-30,882.6461181640625
2014-05-02,890.4072265625
2014-05-05,892.5242309570312
2014-05-06,886.5570678710938
2014-05-07,873.110595703125
2014-05-08,871.6998291015625
2014-05-09,870.8326416015625
2014-05-12,870.6112060546875
2014-05-13,891.4149780273438
2014-05-14,893.49169921875
2014-05-15,884.2383422851562
2014-05-16,871.175537109375
2014-05-19,821.1608276367188
2014-05-20,833.8609619140625
2014-05-21,839.7676391601562
2014-05-22,851.5001220703125
2014-05-23,857.9309692382812
2014-05-26,868.4542846679688
2014-05-27,859.3624267578125
2014-05-28,867.0630493164062
2014-05-29,870.8529663085938
2014-05-30,863.3538818359375
2014-06-02,858.71728515625
2014-06-03,858.2132568359375
2014-06-04,842.3480224609375
2014-06-05,848.3552856445312
2014-06-06,848.3961181640625
2014-06-09,860.424560546875
2014-06-10,878.4771728515625
2014-06-11,898.3411254882812
2014-06-12,910.7154541015625
2014-06-13,901.0279541015625
2014-06-16,923.90380859375
2014-06-17,928.0157470703125
2014-06-18,906.5228881835938
2014-06-19,926.4683227539062
2014-06-20,933.1239013671875
2014-06-23,923.5376586914062
2014-06-24,939.9011840820312
2014-06-25,940.51171875
2014-06-26,939.331298828125
2014-06-27,976.7393798828125
2014-06-30,987.26171875
2014-07-01,973.1574096679688
2014-07-02,977.5736083984375
2014-07-03,984.20849609375
2014-07-04,981.1967163085938
2014-07-07,1012.9671020507812
2014-07-08,997.0515747070312
2014-07-09,976.1696166992188
2014-07-10,957.3023681640625
2014-07-11,974.6631469726562
2014-07-14,987.6073608398438
2014-07-15,976.6375732421875
2014-07-16,977.6756591796875
2014-07-17,969.574951171875
2014-07-18,993.69287109375
2014-07-21,1002.8719482421875
2014-07-22,1030.81591796875
2014-07-23,1052.6951904296875
2014-07-24,1056.3785400390625
2014-07-25,1060.6732177734375
2014-07-28,1070.4090576171875
2014-07-30,1072.785400390625
2014-07-31,1066.5845947265625
2014-08-01,1040.2718505859375
2014-08-04,1044.2615966796875
2014-08-05,1043.2899169921875
2014-08-06,1036.241455078125
2014-08-07,1021.0078125
2014-08-08,1024.6871337890625
2014-08-11,1020.4291381835938
2014-08-12,1021.813720703125
2014-08-13,1033.513427734375
2014-08-14,1033.388916015625
2014-08-18,1028.3660888671875
2014-08-19,1008.068359375
2014-08-20,1007.1177368164062
2014-08-21,1005.567138671875
2014-08-22,1018.693115234375
2014-08-25,1042.6075439453125
2014-08-26,1047.465576171875
2014-08-27,1054.1417236328125
2014-08-28,1042.73193359375
2014-09-01,1048.8497314453125
2014-09-02,1049.16015625
2014-09-03,1077.477783203125
2014-09-04,1068.527587890625
2014-09-05,1074.253173828125
2014-09-08,1092.484130859375
2014-09-09,1087.7508544921875
2014-09-10,1074.893798828125
2014-09-11,1074.1500244140625
2014-09-12,1077.9737548828125
2014-09-15,1057.5933837890625
2014-09-16,1054.5137939453125
2014-09-17,1071.1942138671875
2014-09-18,1092.31884765625
2014-09-19,1122.0416259765625
2014-09-22,1125.18359375
2014-09-23,1111.2933349609375
2014-09-24,1092.608154296875
2014-09-25,1119.7271728515625
2014-09-26,1109.5577392578125
2014-09-29,1144.26220703125
2014-09-30,1131.3021240234375
2014-10-01,1147.424560546875
2014-10-07,1129.1318359375
2014-10-08,1109.226806640625
2014-10-09,1118.6727294921875
2014-10-10,1107.2835693359375
2014-10-13,1123.013671875
2014-10-14,1115.841064453125
2014-10-15,1115.841064453125
2014-10-16,1107.1185302734375
2014-10-17,1009.1638793945312
2014-10-20,1001.78515625
2014-10-21,1005.960205078125
2014-10-22,1013.58740234375
2014-10-27,1015.7781982421875
2014-10-28,1024.6453857421875
2014-10-29,1038.0872802734375
2014-10-30,1059.6898193359375
2014-10-31,1080.2562255859375
2014-11-03,1073.0074462890625
2014-11-05,1076.7977294921875
2014-11-07,1065.7584228515625
2014-11-10,1064.4327392578125
2014-11-11,1069.0098876953125
2014-11-12,1073.58740234375
2014-11-13,1072.22021484375
2014-11-14,1079.67626953125
2014-11-17,1084.5850830078125
2014-11-18,1071.143310546875
2014-11-19,1066.131103515625
2014-11-20,1079.26171875
2014-11-21,1086.1795654296875
2014-11-24,1100.90576171875
2014-11-25,1091.9168701171875
2014-11-26,1088.3135986328125
2014-11-27,1099.0830078125
2014-11-28,1094.8167724609375
2014-12-01,1115.5076904296875
2014-12-02,1100.7403564453125
2014-12-03,1091.6475830078125
2014-12-04,1092.724853515625
2014-12-05,1068.284423828125
2014-12-08,1040.8834228515625
2014-12-09,1041.732666015625
2014-12-10,1038.853515625
2014-12-11,1032.3297119140625
2014-12-12,1015.1597290039062
2014-12-15,977.0298461914062
2014-12-16,1011.9906616210938
2014-12-17,1012.4259033203125
2014-12-18,1019.302001953125
2014-12-19,1039.9512939453125
2014-12-22,1041.1319580078125
2014-12-23,1042.4989013671875
2014-12-24,1027.25537109375
2014-12-26,1037.652587890625
2014-12-29,1045.0673828125
2014-12-30,1048.0289306640625
2014-12-31,1059.71044921875
2015-01-01,1054.44970703125
2015-01-02,1068.4923095703125
2015-01-05,1052.2545166015625
2015-01-06,1013.4617919921875
2015-01-07,1001.4901123046875
2015-01-08,1012.301513671875
2015-01-09,1040.6763916015625
2015-01-12,1039.5994873046875
2015-01-13,1034.7117919921875
2015-01-14,1044.673583984375
2015-01-15,1051.7779541015625
2015-01-16,1048.89892578125
2015-01-19,1040.137939453125
2015-01-20,1035.7677001953125
2015-01-21,1041.2977294921875
2015-01-22,1041.194091796875
2015-01-23,1037.0731201171875
2015-01-27,1038.5045166015625
2015-01-28,1054.0902099609375
2015-01-29,1056.18603515625
2015-01-30,1030.203369140625
2015-02-02,1043.5474853515625
2015-02-03,1061.8310546875
2015-02-04,1043.58935546875
2015-02-05,1059.4024658203125
2015-02-06,1069.0947265625
2015-02-09,1043.0079345703125
2015-02-10,1013.2271118164062
2015-02-11,1021.0098876953125
2015-02-12,1021.9435424804688
2015-02-13,1053.7373046875
2015-02-16,1072.8511962890625
2015-02-18,1093.956787109375
2015-02-19,1112.8004150390625
2015-02-20,1110.5179443359375
2015-02-23,1119.275146484375
2015-02-24,1122.6375732421875
2015-02-25,1109.12744140625
2015-02-26,1102.5899658203125
2015-02-27,1105.0389404296875
2015-03-02,1107.9652099609375
2015-03-03,1152.210693359375
2015-03-04,1139.7587890625
2015-03-05,1119.1922607421875
2015-03-09,1098.5845947265625
2015-03-10,1096.8831787109375
2015-03-11,1081.8782958984375
2015-03-12,1087.066650390625
2015-03-13,1071.8341064453125
2015-03-16,1063.5118408203125
2015-03-17,1072.394287109375
2015-03-18,1062.287353515625
2015-03-19,1077.6033935546875
2015-03-20,1083.7047119140625
2015-03-23,1086.27783203125
2015-03-24,1075.5489501953125
2015-03-25,1068.2647705078125
2015-03-26,1043.09130859375
2015-03-27,1043.79638671875
2015-03-30,1064.280029296875
2015-03-31,1060.046142578125
2015-04-01,1055.356201171875
2015-04-06,1057.2860107421875
2015-04-07,1072.933837890625
2015-04-08,1096.3436279296875
2015-04-09,1105.951904296875
2015-04-10,1101.4693603515625
2015-04-13,1102.1956787109375
2015-04-15,1090.677734375
2015-04-16,1072.0208740234375
2015-04-17,1027.214599609375
2015-04-20,1008.1013793945312
2015-04-21,1007.3748779296875
2015-04-22,1014.8671875
2015-04-23,1019.9094848632812
2015-04-24,1034.7691650390625
2015-04-27,1037.737060546875
2015-04-28,1035.57861328125
2015-04-29,1032.3822021484375
2015-04-30,1022.587158203125
2015-05-04,1029.9962158203125
2015-05-05,1045.062744140625
2015-05-06,1022.3172607421875
2015-05-07,1056.4351806640625
2015-05-08,1048.9642333984375
2015-05-11,1060.8973388671875
2015-05-12,1047.158447265625
2015-05-13,1044.0457763671875
2015-05-14,1037.3426513671875
2015-05-15,1042.2813720703125
2015-05-18,1046.1209716796875
2015-05-19,1042.9249267578125
2015-05-20,1061.3328857421875
2015-05-21,1060.6895751953125
2015-05-22,1086.58935546875
2015-05-25,1079.574462890625
2015-05-26,1082.8333740234375
2015-05-27,1085.48974609375
2015-05-28,1083.1029052734375
2015-05-29,1083.434814453125
2015-06-01,1086.527587890625
2015-06-02,1079.118408203125
2015-06-03,1083.6837158203125
2015-06-04,1081.5050048828125
2015-06-05,1079.0753173828125
2015-06-08,1079.74560546875
2015-06-09,1073.1265869140625
2015-06-10,1089.5062255859375
2015-06-11,1077.169189453125
2015-06-12,1049.7296142578125
2015-06-15,1049.31103515625
2015-06-16,1052.3270263671875
2015-06-17,1053.0814208984375
2015-06-18,1059.8887939453125
2015-06-19,1068.0576171875
2015-06-22,1085.6312255859375
2015-06-23,1078.551513671875
2015-06-24,1076.75
2015-06-25,1068.246337890625
2015-06-26,1086.176025390625
2015-06-29,1086.2177734375
2015-06-30,1068.6441650390625
2015-07-01,1086.302001953125
2015-07-02,1079.871337890625
2015-07-03,1090.8262939453125
2015-07-06,1103.14208984375
2015-07-07,1095.9993896484375
2015-07-08,1087.1395263671875
2015-07-09,1056.7254638671875
2015-07-10,1036.5548095703125
2015-07-13,1051.301025390625
2015-07-14,1047.0908203125
2015-07-15,1066.4658203125
2015-07-16,1064.140869140625
2015-07-17,1074.278076171875
2015-07-20,1082.780029296875
2015-07-21,1075.328125
2015-07-22,1061.3271484375
2015-07-23,1044.7652587890625
2015-07-24,1051.712890625
2015-07-27,1048.3126220703125
2015-07-28,1050.4119873046875
2015-07-29,1052.385009765625
2015-07-30,1041.427734375
2015-07-31,1054.0645751953125
2015-08-03,1053.581298828125
2015-08-04,1053.2874755859375
2015-08-05,1069.3458251953125
2015-08-06,1080.3238525390625
2015-08-07,1071.4027099609375
2015-08-10,1079.820068359375
2015-08-11,1093.2962646484375
2015-08-12,1121.63427734375
2015-08-13,1106.478759765625
2015-08-14,1134.8582763671875
2015-08-17,1127.1129150390625
2015-08-18,1150.685791015625
2015-08-19,1147.621337890625
2015-08-20,1127.994873046875
2015-08-21,1123.5025634765625
2015-08-24,1082.5699462890625
2015-08-25,1077.7420654296875
2015-08-26,1081.7724609375
2015-08-27,1080.890869140625
2015-08-28,1079.2952880859375
2015-08-31,1076.4407958984375
2015-09-01,1065.25244140625
2015-09-02,1088.0906982421875
2015-09-03,1093.88427734375
2015-09-04,1069.471435546875
2015-09-07,1066.239013671875
2015-09-08,1066.4698486328125
2015-09-09,1070.4371337890625
2015-09-10,1068.6109619140625
2015-09-11,1071.3819580078125
2015-09-14,1071.2349853515625
2015-09-15,1065.189453125
2015-09-16,1070.6890869140625
2015-09-18,1071.06689453125
2015-09-21,1070.9832763671875
2015-09-22,1060.8023681640625
2015-09-23,1063.258544921875
2015-09-24,1083.3046875
2015-09-28,1088.8883056640625
2015-09-29,1086.6007080078125
2015-09-30,1086.5166015625
2015-10-01,1110.25732421875
2015-10-05,1138.4063720703125
2015-10-06,1133.515625
2015-10-07,1114.1826171875
2015-10-08,1105.72314453125
2015-10-09,1103.9808349609375
2015-10-12,1088.4266357421875
2015-10-13,1090.92431640625
2015-10-14,1042.7081298828125
2015-10-15,1036.0118408203125
2015-10-16,1037.7962646484375
2015-10-19,1044.8280029296875
2015-10-20,1060.7816162109375
2015-10-21,1062.1458740234375
2015-10-23,1067.4677734375
2015-10-26,1067.2159423828125
2015-10-27,1064.9224853515625
2015-10-28,1064.0814208984375
2015-10-29,1049.8814697265625
2015-10-30,1049.818115234375
2015-11-02,1059.1376953125
2015-11-03,1070.118896484375
2015-11-04,1066.0584716796875
2015-11-05,1044.5377197265625
2015-11-06,1054.2572021484375
2015-11-09,1039.7838134765625
2015-11-10,1034.22998046875
2015-11-13,1008.6705932617188
2015-11-16,999.0776977539062
2015-11-17,1005.7880859375
2015-11-18,989.3370361328125
2015-11-19,994.0079345703125
2015-11-20,1009.070068359375
2015-11-23,1005.998779296875
2015-11-24,996.2798461914062
2015-11-26,986.855224609375
2015-11-27,990.1370849609375
2015-11-30,998.6358032226562
2015-12-01,993.7342529296875
2015-12-02,995.122314453125
2015-12-03,989.0433349609375
2015-12-04,979.6397705078125
2015-12-07,976.0213623046875
2015-12-08,979.8922729492188
2015-12-09,996.1532592773438
2015-12-10,1003.2636108398438
2015-12-11,1003.8737182617188
2015-12-14,1000.6974487304688
2015-12-15,999.603271484375
2015-12-16,1013.29833984375
2015-12-17,1026.48876953125
2015-12-18,1016.832763671875
2015-12-21,1029.286376953125
2015-12-22,1011.8888549804688
2015-12-23,1020.6190795898438
2015-12-24,1024.1744384765625
2015-12-28,1036.1444091796875
2015-12-29,1033.2413330078125
2015-12-30,1017.4638671875
2015-12-31,1025.2684326171875
2016-01-01,1016.6644287109375
2016-01-04,996.9740600585938
2016-01-05,988.2857055664062
2016-01-06,1002.0228271484375
2016-01-07,997.66796875
2016-01-08,1008.7548828125
2016-01-11,993.923828125
2016-01-12,979.07177734375
2016-01-13,958.9393310546875
2016-01-14,958.7714233398438
2016-01-15,951.3240356445312
2016-01-18,958.2874145507812
2016-01-19,958.9815673828125
2016-01-20,959.3181762695312
2016-01-21,950.8410034179688
2016-01-22,968.238037109375
2016-01-25,971.99169921875
2016-01-27,978.3604125976562
2016-01-28,983.1893310546875
2016-01-29,1008.53662109375
2016-02-01,1013.3444213867188
2016-02-02,1011.4046630859375
2016-02-03,1019.080322265625
2016-02-04,1020.6619873046875
2016-02-05,1021.46337890625
2016-02-08,996.5796508789062
2016-02-09,962.1861572265625
2016-02-10,956.8717041015625
2016-02-11,926.990966796875
2016-02-12,939.0740966796875
2016-02-15,957.0195922851562
2016-02-16,955.5011596679688
2016-02-17,959.7188720703125
2016-02-18,976.7157592773438
2016-02-19,978.3179931640625
2016-02-22,976.736328125
2016-02-23,954.8477172851562
2016-02-24,932.473388671875
2016-02-25,933.2748413085938
2016-02-26,932.2838745117188
2016-02-29,918.0708618164062
2016-03-01,960.1825561523438
2016-03-02,977.9810791015625
2016-03-03,1000.8818969726562
2016-03-04,994.3027954101562
2016-03-08,992.9319458007812
2016-03-09,994.1762084960938
2016-03-10,990.4010620117188
2016-03-11,997.5499877929688
2016-03-14,993.22705078125
2016-03-15,982.640869140625
2016-03-16,981.439208984375
2016-03-17,991.98291015625
2016-03-18,1023.108154296875
2016-03-21,1031.7115478515625
2016-03-22,1043.03564453125
2016-03-23,1043.330810546875
2016-03-28,1043.1624755859375
2016-03-29,1041.4755859375
2016-03-30,1049.95263671875
2016-03-31,1062.9425048828125
2016-04-01,1034.9384765625
2016-04-04,1042.255615234375
2016-04-05,1038.6707763671875
2016-04-06,1046.7474365234375
2016-04-07,1042.06591796875
2016-04-08,1025.722900390625
2016-04-11,1057.1856689453125
2016-04-12,1062.0360107421875
2016-04-13,1065.430908203125
2016-04-18,1062.7109375
2016-04-20,1033.4412841796875
2016-04-21,1022.4966430664062
2016-04-22,1019.3963623046875
2016-04-25,1033.8206787109375
2016-04-26,1050.079345703125
2016-04-27,1059.0625
2016-04-28,1066.0848388671875
2016-04-29,1069.353515625
2016-05-02,1065.6414794921875
2016-05-03,1045.144775390625
2016-05-04,1045.1025390625
2016-05-05,1041.8553466796875
2016-05-06,1043.1624755859375
2016-05-09,1059.674072265625
2016-05-10,1064.0391845703125
2016-05-11,1062.0992431640625
2016-05-12,1082.3013916015625
2016-05-13,1064.250244140625
2016-05-16,1075.95361328125
2016-05-17,1083.988037109375
2016-05-18,1075.9329833984375
2016-05-19,1078.39990234375
2016-05-20,1066.73876953125
2016-05-23,1050.775146484375
2016-05-24,1040.7584228515625
2016-05-25,1065.5364990234375
2016-05-26,1074.920166015625
2016-05-27,1085.0211181640625
2016-05-30,1111.9080810546875
2016-05-31,1083.650634765625
2016-06-01,1110.7060546875
2016-06-02,1117.7073974609375
2016-06-03,1109.019287109375
2016-06-06,1113.259033203125
2016-06-07,1121.20654296875
2016-06-08,1113.5150146484375
2016-06-09,1098.2381591796875
2016-06-10,1089.0762939453125
2016-06-13,1085.3480224609375
2016-06-14,1080.170166015625
2016-06-15,1089.5450439453125
2016-06-16,1090.1629638671875
2016-06-17,1109.04052734375
2016-06-20,1133.201904296875
2016-06-21,1129.750244140625
2016-06-22,1136.760009765625
2016-06-23,1127.2574462890625
2016-06-24,1096.8319091796875
2016-06-27,1063.5513916015625
2016-06-28,1049.9578857421875
2016-06-29,1066.5555419921875
2016-06-30,1087.9476318359375
2016-07-01,1065.6822509765625
2016-07-04,1062.84814453125
2016-07-05,1059.0557861328125
2016-07-07,1035.4051513671875
2016-07-08,1034.0418701171875
2016-07-11,1050.0430908203125
2016-07-12,1050.3837890625
2016-07-13,1062.3797607421875
2016-07-14,1074.6514892578125
2016-07-15,1042.0313720703125
2016-07-18,1036.9609375
2016-07-19,1050.9166259765625
2016-07-20,1063.168212890625
2016-07-21,1067.8978271484375
2016-07-22,1071.7547607421875
2016-07-25,1093.265380859375
2016-07-26,1090.5523681640625
2016-07-27,1101.2119140625
2016-07-28,1119.027587890625
2016-07-29,1119.049072265625
2016-08-01,1157.0511474609375
2016-08-02,1153.1844482421875
2016-08-03,1134.8565673828125
2016-08-04,1133.01953125
2016-08-05,1131.780517578125
2016-08-08,1131.9510498046875
2016-08-09,1132.250244140625
2016-08-10,1143.0166015625
2016-08-11,1157.756103515625
2016-08-12,1169.9532470703125
2016-08-16,1149.9805908203125
2016-08-17,1121.2918701171875
2016-08-18,1127.273193359375
2016-08-19,1112.2987060546875
2016-08-22,1088.88623046875
2016-08-23,1111.251708984375
2016-08-24,1098.8624267578125
2016-08-25,1089.8905029296875
2016-08-26,1078.739501953125
2016-08-29,1068.3153076171875
2016-08-30,1086.9425048828125
2016-08-31,1072.9075927734375
2016-09-01,1071.2845458984375
2016-09-02,1074.4033203125
2016-09-06,1061.2657470703125
2016-09-07,1042.68115234375
2016-09-08,992.0753784179688
2016-09-09,1005.0422973632812
2016-09-12,1007.8614501953125
2016-09-14,994.7883911132812
2016-09-15,994.1474609375
2016-09-16,1008.9937744140625
2016-09-19,1030.2489013671875
2016-09-20,1028.134033203125
2016-09-21,1031.081787109375
2016-09-22,1015.9578247070312
2016-09-23,1024.545166015625
2016-09-26,1025.8267822265625
2016-09-27,1040.7799072265625
2016-09-28,1035.204833984375
2016-09-29,1041.5062255859375
2016-09-30,1038.5155029296875
2016-10-03,1030.355712890625
2016-10-04,1027.55712890625
2016-10-05,1019.5253295898438
2016-10-06,1020.5508422851562
2016-10-07,1011.60009765625
2016-10-10,1016.9402465820312
2016-10-13,994.9805297851562
2016-10-14,1010.9164428710938
2016-10-17,1009.314697265625
2016-10-18,1025.442138671875
2016-10-19,1023.2635498046875
2016-10-20,1025.8485107421875
2016-10-21,1037.5970458984375
2016-10-24,1039.974609375
2016-10-25,1027.4444580078125
2016-10-26,1026.5020751953125
2016-10-27,1035.862060546875
2016-10-28,1027.5513916015625
2016-11-01,1006.689697265625
2016-11-02,987.0056762695312
2016-11-03,993.6024780273438
2016-11-04,998.3575439453125
2016-11-07,975.4395141601562
2016-11-08,978.07373046875
2016-11-09,929.51708984375
2016-11-10,923.3484497070312
2016-11-11,900.087646484375
2016-11-15,908.7193603515625
2016-11-16,937.9776000976562
2016-11-17,915.5306396484375
2016-11-18,910.3472900390625
2016-11-21,913.6885375976562
2016-11-22,914.5880126953125
2016-11-23,923.7340698242188
2016-11-24,937.48486328125
2016-11-25,985.420654296875
2016-11-28,977.817138671875
2016-11-29,968.0714721679688
2016-11-30,975.0111083984375
2016-12-01,969.6134033203125
2016-12-02,951.79248046875
2016-12-05,936.435302734375
2016-12-06,934.8720703125
2016-12-07,922.9630126953125
2016-12-08,940.6122436523438
2016-12-09,940.3980102539062
2016-12-12,945.9454345703125
2016-12-13,942.5614013671875
2016-12-14,945.6888427734375
2016-12-15,967.8356323242188
2016-12-16,977.8380126953125
2016-12-19,980.5157470703125
2016-12-20,1002.1062622070312
2016-12-21,991.09619140625
2016-12-22,988.569091796875
2016-12-23,980.1728515625
2016-12-26,982.3150634765625
2016-12-27,995.2945556640625
2016-12-28,991.0109252929688
2016-12-29,1007.4181518554688
2016-12-30,1013.3508911132812
2017-01-02,1011.551513671875
2017-01-03,1014.5076904296875
2017-01-04,1019.3264770507812
2017-01-05,1000.0067749023438
2017-01-06,977.3027954101562
2017-01-09,986.8557739257812
2017-01-10,991.846435546875
2017-01-11,995.7229614257812
2017-01-12,1004.2691650390625
2017-01-13,963.5517578125
2017-01-16,967.514404296875
2017-01-17,976.167724609375
2017-01-18,983.1715698242188
2017-01-19,981.4149780273438
2017-01-20,978.9950561523438
2017-01-23,990.9594116210938
2017-01-24,995.9641723632812
2017-01-25,1010.849609375
2017-01-27,1012.9121704101562
2017-01-30,1002.2147827148438
2017-01-31,957.9230346679688
2017-02-01,931.3307495117188
2017-02-02,948.4070434570312
2017-02-03,959.1043701171875
2017-02-06,962.627197265625
2017-02-07,964.2813110351562
2017-02-08,975.6011962890625
2017-02-09,995.5130004882812
2017-02-10,1030.1602783203125
2017-02-13,1037.1627197265625
2017-02-14,1033.725830078125
2017-02-15,1036.9267578125
2017-02-16,1051.554443359375
2017-02-17,1034.4346923828125
2017-02-20,1074.946044921875
2017-02-21,1059.1158447265625
2017-02-22,1035.9815673828125
2017-02-23,1066.18212890625
2017-02-27,1069.640380859375
2017-02-28,1059.5018310546875
2017-03-01,1065.2158203125
2017-03-02,1074.6239013671875
2017-03-03,1071.4447021484375
2017-03-06,1062.186767578125
2017-03-07,1073.915283203125
2017-03-08,1079.241943359375
2017-03-09,1082.48583984375
2017-03-10,1092.1513671875
2017-03-14,1102.9991455078125
2017-03-15,1073.2706298828125
2017-03-16,1082.9793701171875
2017-03-17,1085.063232421875
2017-03-20,1065.4090576171875
2017-03-21,1068.287353515625
2017-03-22,1064.95751953125
2017-03-23,1056.967529296875
2017-03-24,1042.7259521484375
2017-03-27,1036.2177734375
2017-03-28,1043.907470703125
2017-03-29,1050.2012939453125
2017-03-30,1048.6546630859375
2017-03-31,1044.7022705078125
2017-04-03,1036.067138671875
2017-04-05,1031.5777587890625
2017-04-06,1031.0626220703125
2017-04-07,1043.520751953125
2017-04-10,1040.599365234375
2017-04-11,1039.3323974609375
2017-04-12,1028.1412353515625
2017-04-13,1000.3888549804688
2017-04-17,994.4607543945312
2017-04-18,991.861572265625
2017-04-19,987.71533203125
2017-04-20,999.0353393554688
2017-04-21,992.720703125
2017-04-24,1000.1527709960938
2017-04-25,993.0210571289062
2017-04-26,992.5277709960938
2017-04-27,989.2193603515625
2017-04-28,976.5462036132812
2017-05-02,983.741943359375
2017-05-03,1004.105224609375
2017-05-04,1001.0120239257812
2017-05-05,996.8873901367188
2017-05-08,1006.3174438476562
2017-05-09,1010.65625
2017-05-10,1002.021484375
2017-05-11,1009.3245849609375
2017-05-12,1014.1358642578125
2017-05-15,1016.0479125976562
2017-05-16,1043.5635986328125
2017-05-17,1054.8194580078125
2017-05-18,1089.5523681640625
2017-05-19,1077.0726318359375
2017-05-22,1087.4691162109375
2017-05-23,1083.32373046875
2017-05-24,1099.4117431640625
2017-05-25,1127.5294189453125
2017-05-26,1107.6170654296875
2017-05-29,1105.2974853515625
2017-05-30,1095.953857421875
2017-05-31,1094.0205078125
2017-06-01,1097.027587890625
2017-06-02,1101.882080078125
2017-06-05,1118.658203125
2017-06-06,1158.2030029296875
2017-06-07,1123.5123291015625
2017-06-08,1083.2802734375
2017-06-09,1077.00830078125
2017-06-12,1068.5023193359375
2017-06-13,1064.9619140625
2017-06-14,1073.0635986328125
2017-06-15,1047.4337158203125
2017-06-16,1042.437744140625
2017-06-19,1056.338623046875
2017-06-20,1062.1165771484375
2017-06-21,1045.3050537109375
2017-06-22,1040.3310546875
2017-06-23,1025.9305419921875
2017-06-27,1017.7421264648438
2017-06-28,1020.8695678710938
2017-06-29,1013.57177734375
2017-06-30,1026.2130126953125
2017-07-03,1031.1002197265625
2017-07-04,1028.16796875
2017-07-05,1023.4546508789062
2017-07-06,1019.7835693359375
2017-07-07,1013.0068969726562
2017-07-10,1057.7508544921875
2017-07-11,1075.496337890625
2017-07-12,1059.7054443359375
2017-07-13,1062.7249755859375
2017-07-14,1041.460205078125
2017-07-17,1040.5916748046875
2017-07-18,1046.1953125
2017-07-19,1064.1148681640625
2017-07-20,1061.986328125
2017-07-21,1082.1859130859375
2017-07-24,1102.442626953125
2017-07-25,1120.216064453125
2017-07-26,1113.464111328125
2017-07-27,1081.0968017578125
2017-07-28,1082.229248046875
2017-07-31,1085.496826171875
2017-08-01,1089.787353515625
2017-08-02,1077.6551513671875
2017-08-03,1084.47265625
2017-08-04,1099.0008544921875
2017-08-07,1090.5718994140625
2017-08-08,1090.3973388671875
2017-08-09,1094.2962646484375
2017-08-10,1094.0567626953125
2017-08-11,1087.34814453125
2017-08-14,1075.7386474609375
2017-08-16,1085.7362060546875
2017-08-17,1082.8175048828125
2017-08-18,1095.0806884765625
2017-08-21,1101.6146240234375
2017-08-22,1088.00146484375
2017-08-23,1084.47265625
2017-08-24,1087.58740234375
2017-08-28,1083.536376953125
2017-08-29,1076.370361328125
2017-08-30,1082.338134765625
2017-08-31,1087.4786376953125
2017-09-01,1070.0968017578125
2017-09-04,1069.988037109375
2017-09-05,1082.2515869140625
2017-09-06,1068.6812744140625
2017-09-07,1071.6875
2017-09-08,1076.2615966796875
2017-09-11,1069.226318359375
2017-09-12,1084.0369873046875
2017-09-13,1084.364013671875
2017-09-14,1083.3839111328125
2017-09-15,1091.704345703125
2017-09-18,1088.655029296875
2017-09-19,1088.306396484375
2017-09-20,1086.2589111328125
2017-09-21,1099.915771484375
2017-09-22,1090.6370849609375
2017-09-25,1093.75146484375
2017-09-26,1078.02587890625
2017-09-27,1086.890380859375
2017-09-28,1078.809814453125
2017-09-29,1061.1671142578125
2017-10-03,1066.612060546875
2017-10-04,1063.9327392578125
2017-10-05,1058.4005126953125
2017-10-06,1065.8277587890625
2017-10-09,1069.0736083984375
2017-10-10,1071.31689453125
2017-10-11,1089.2210693359375
2017-10-12,1110.066162109375
2017-10-13,1114.5965576171875
2017-10-16,1125.83544921875
2017-10-17,1130.25732421875
2017-10-18,1126.794189453125
2017-10-19,1125.6180419921875
2017-10-23,1127.3603515625
2017-10-24,1123.2218017578125
2017-10-25,1118.19873046875
2017-10-26,1109.00390625
2017-10-27,1128.8568115234375
2017-10-30,1142.791015625
2017-10-31,1146.198486328125
2017-11-01,1136.959716796875
2017-11-02,1147.1375732421875
2017-11-03,1144.4949951171875
2017-11-06,1164.347900390625
2017-11-07,1183.78662109375
2017-11-08,1194.6846923828125
2017-11-09,1195.296142578125
2017-11-10,1183.21826171875
2017-11-13,1205.1461181640625
2017-11-14,1185.7735595703125
2017-11-15,1181.7113037109375
2017-11-16,1199.7738037109375
2017-11-17,1182.5849609375
2017-11-20,1180.9031982421875
2017-11-21,1167.580322265625
2017-11-22,1170.9437255859375
2017-11-23,1171.2060546875
2017-11-24,1174.1763916015625
2017-11-27,1173.2156982421875
2017-11-28,1172.975341796875
2017-11-29,1161.115478515625
2017-11-30,1151.876708984375
2017-12-01,1148.7974853515625
2017-12-04,1149.845703125
2017-12-05,1151.243408203125
2017-12-06,1150.260986328125
2017-12-07,1143.2498779296875
2017-12-08,1136.3697509765625
2017-12-11,1162.4044189453125
2017-12-12,1141.02197265625
2017-12-13,1148.1201171875
2017-12-14,1117.28125
2017-12-15,1111.9521484375
2017-12-18,1127.197265625
2017-12-19,1124.9251708984375
2017-12-20,1130.8878173828125
2017-12-21,1133.836669921875
2017-12-22,1156.135986328125
2017-12-26,1157.31494140625
2017-12-27,1144.4073486328125
2017-12-28,1147.4871826171875
2017-12-29,1179.9200439453125
2018-01-01,1155.63330078125
2018-01-02,1149.3433837890625
2018-01-03,1152.597412109375
2018-01-04,1160.6568603515625
2018-01-05,1174.6787109375
2018-01-08,1185.6859130859375
2018-01-09,1183.3275146484375
2018-01-10,1225.9605712890625
2018-01-11,1218.927734375
2018-01-12,1212.7470703125
2018-01-15,1199.5333251953125
2018-01-16,1245.28955078125
2018-01-17,1261.931640625
2018-01-18,1274.70849609375
2018-01-19,1292.661865234375
2018-01-22,1364.5128173828125
2018-01-23,1358.20751953125
2018-01-24,1389.9957275390625
2018-01-25,1366.5489501953125
2018-01-29,1400.6131591796875
2018-01-30,1380.4725341796875
2018-01-31,1362.739501953125
2018-02-01,1374.2333984375
2018-02-02,1380.822509765625
2018-02-05,1358.7333984375
2018-02-06,1312.3433837890625
2018-02-07,1293.8660888671875
2018-02-08,1302.250732421875
2018-02-09,1301.15625
2018-02-12,1299.2296142578125
2018-02-14,1274.9290771484375
2018-02-15,1281.0804443359375
2018-02-16,1284.233154296875
2018-02-19,1280.095703125
2018-02-20,1289.3560791015625
2018-02-21,1332.0682373046875
2018-02-22,1335.5269775390625
2018-02-23,1346.736328125
2018-02-26,1327.4271240234375
2018-02-27,1332.09033203125
2018-02-28,1328.893798828125
2018-03-01,1330.0540771484375
2018-03-05,1359.8934326171875
2018-03-06,1332.287353515625
2018-03-07,1325.566162109375
2018-03-08,1315.2767333984375
2018-03-09,1328.478515625
2018-03-12,1336.3812255859375
2018-03-13,1263.982666015625
2018-03-14,1264.0262451171875
2018-03-15,1256.49560546875
2018-03-16,1237.230224609375
2018-03-19,1239.5506591796875
2018-03-20,1254.3720703125
2018-03-21,1250.8250732421875
2018-03-22,1239.7041015625
2018-03-23,1233.924560546875
2018-03-26,1233.4210205078125
2018-03-27,1246.86279296875
2018-03-28,1247.4976806640625
2018-04-02,1273.987548828125
2018-04-03,1274.6881103515625
2018-04-04,1274.5347900390625
2018-04-05,1295.1357421875
2018-04-06,1291.7862548828125
2018-04-09,1280.2269287109375
2018-04-10,1286.2254638671875
2018-04-11,1319.74267578125
2018-04-12,1374.517578125
2018-04-13,1380.669677734375
2018-04-16,1395.709716796875
2018-04-17,1386.4930419921875
2018-04-18,1383.208984375
2018-04-19,1397.2421875
2018-04-20,1489.759521484375
2018-04-23,1492.47412109375
2018-04-24,1482.4036865234375
2018-04-25,1519.44580078125
2018-04-26,1549.6572265625
2018-04-27,1511.432861328125
2018-04-30,1546.5263671875
2018-05-02,1532.362548828125
2018-05-03,1524.5247802734375
2018-05-04,1524.043212890625
2018-05-07,1497.85986328125
2018-05-08,1506.7261962890625
2018-05-09,1527.7867431640625
2018-05-10,1511.1265869140625
2018-05-11,1513.6229248046875
2018-05-14,1503.376953125
2018-05-15,1524.7655029296875
2018-05-16,1529.8009033203125
2018-05-17,1528.881591796875
2018-05-18,1533.369384765625
2018-05-21,1557.3197021484375
2018-05-22,1536.3687744140625
2018-05-23,1530.3262939453125
2018-05-24,1577.876953125
2018-05-25,1570.039306640625
2018-05-28,1533.369384765625
2018-05-29,1542.7611083984375
2018-05-30,1538.645751953125
2018-05-31,1537.3206787109375
2018-06-01,1529.7271728515625
2018-06-04,1540.1463623046875
2018-06-05,1520.14697265625
2018-06-06,1523.8109130859375
2018-06-07,1532.4644775390625
2018-06-08,1542.6632080078125
2018-06-11,1544.9586181640625
2018-06-12,1572.596435546875
2018-06-13,1610.6529541015625
2018-06-14,1578.3800048828125
2018-06-15,1624.736572265625
2018-06-18,1614.9796142578125
2018-06-19,1611.0059814453125
2018-06-20,1609.196044921875
2018-06-21,1606.458740234375
2018-06-22,1598.02587890625
2018-06-25,1606.3704833984375
2018-06-26,1635.2882080078125
2018-06-27,1640.586181640625
2018-06-28,1627.0765380859375
2018-06-29,1631.5357666015625
2018-07-02,1634.71435546875
2018-07-03,1654.7579345703125
2018-07-04,1647.7823486328125
2018-07-05,1660.276611328125
2018-07-06,1689.105712890625
2018-07-09,1662.6607666015625
2018-07-10,1655.6851806640625
2018-07-11,1748.2216796875
2018-07-12,1740.67236328125
2018-07-13,1749.28125
2018-07-16,1756.4337158203125
2018-07-17,1771.4305419921875
2018-07-18,1769.74951171875
2018-07-19,1753.071533203125
2018-07-20,1766.5198974609375
2018-07-23,1774.5269775390625
2018-07-24,1768.643310546875
2018-07-25,1753.16015625
2018-07-26,1738.2958984375
2018-07-27,1719.76025390625
2018-07-30,1720.51220703125
2018-07-31,1716.619140625
2018-08-01,1748.736328125
2018-08-02,1723.8743896484375
2018-08-03,1751.34619140625
2018-08-06,1747.8956298828125
2018-08-07,1740.6407470703125
2018-08-08,1746.5240478515625
2018-08-09,1746.833984375
2018-08-10,1763.4234619140625
2018-08-13,1769.6610107421875
2018-08-14,1772.66943359375
2018-08-16,1777.0487060546875
2018-08-17,1780.8089599609375
2018-08-20,1778.3314208984375
2018-08-21,1785.144287109375
2018-08-23,1800.583740234375
2018-08-24,1807.57275390625
2018-08-27,1814.5625
2018-08-28,1830.7537841796875
2018-08-29,1833.2313232421875
2018-08-30,1842.4324951171875
2018-08-31,1838.893798828125
2018-09-03,1816.3321533203125
2018-09-04,1857.0313720703125
2018-09-05,1839.64599609375
2018-09-06,1836.1510009765625
2018-09-07,1840.176513671875
2018-09-10,1840.9730224609375
2018-09-11,1810.448486328125
2018-09-12,1808.4134521484375
2018-09-14,1827.3917236328125
2018-09-17,1835.1334228515625
2018-09-18,1832.125244140625
2018-09-19,1838.4515380859375
2018-09-21,1860.791748046875
2018-09-24,1945.1094970703125
2018-09-25,1931.6168212890625
2018-09-26,1895.297119140625
2018-09-27,1936.61572265625
2018-09-28,1932.0595703125
2018-10-01,1995.6298828125
2018-10-03,1913.6123046875
2018-10-04,1826.861083984375
2018-10-05,1860.3489990234375
2018-10-08,1838.141845703125
2018-10-09,1850.7496337890625
2018-10-10,1808.10400390625
2018-10-11,1751.7884521484375
2018-10-12,1697.2431640625
2018-10-15,1724.8477783203125
2018-10-16,1736.172607421875
2018-10-17,1707.063720703125
2018-10-19,1692.7305908203125
2018-10-22,1683.7061767578125
2018-10-23,1634.63134765625
2018-10-24,1638.9312744140625
2018-10-25,1642.92138671875
2018-10-26,1595.132080078125
2018-10-29,1658.8807373046875
2018-10-30,1679.982177734375
2018-10-31,1718.417724609375
2018-11-01,1716.2894287109375
2018-11-02,1696.5179443359375
2018-11-05,1676.480224609375
2018-11-06,1713.58544921875
2018-11-07,1721.96435546875
2018-11-09,1692.749755859375
2018-11-12,1697.75927734375
2018-11-13,1715.579833984375
2018-11-14,1667.4364013671875
2018-11-15,1660.52099609375
2018-11-16,1672.7117919921875
2018-11-19,1686.7647705078125
2018-11-20,1665.308837890625
2018-11-21,1606.5693359375
2018-11-22,1607.056884765625
2018-11-26,1636.803466796875
2018-11-27,1675.9481201171875
2018-11-28,1758.98095703125
2018-11-29,1738.2783203125
2018-11-30,1745.1053466796875
2018-12-03,1757.65087890625
2018-12-04,1782.875244140625
2018-12-05,1779.240234375
2018-12-06,1766.7830810546875
2018-12-07,1768.99951171875
2018-12-10,1751.79931640625
2018-12-11,1773.2554931640625
2018-12-12,1788.15087890625
2018-12-13,1757.827880859375
2018-12-14,1764.16748046875
2018-12-17,1768.2017822265625
2018-12-18,1762.4830322265625
2018-12-19,1745.2823486328125
2018-12-20,1732.51513671875
2018-12-21,1680.868896484375
2018-12-24,1700.9952392578125
2018-12-26,1675.017333984375
2018-12-27,1692.52783203125
2018-12-28,1681.0904541015625
2018-12-31,1678.4305419921875
2019-01-01,1687.0750732421875
2019-01-02,1705.2509765625
2019-01-03,1684.548583984375
2019-01-04,1664.0673828125
2019-01-07,1682.730712890625
2019-01-08,1678.8741455078125
2019-01-09,1673.02197265625
2019-01-10,1674.441162109375
2019-01-11,1633.6558837890625
2019-01-14,1607.677978515625
2019-01-15,1656.04345703125
2019-01-16,1658.1268310546875
2019-01-17,1683.138916015625
2019-01-18,1688.7808837890625
2019-01-21,1695.9337158203125
2019-01-22,1689.8916015625
2019-01-23,1666.5234375
2019-01-24,1689.580810546875
2019-01-25,1706.6849365234375
2019-01-28,1737.0726318359375
2019-01-29,1761.7293701171875
2019-01-30,1760.529541015625
2019-01-31,1789.584716796875
2019-02-01,1803.6678466796875
2019-02-04,1821.7047119140625
2019-02-05,1816.640380859375
2019-02-06,1843.5184326171875
2019-02-07,1850.7154541015625
2019-02-08,1831.6119384765625
2019-02-11,1835.6103515625
2019-02-12,1822.904541015625
2019-02-14,1816.684814453125
2019-02-15,1803.4454345703125
2019-02-18,1750.6671142578125
2019-02-19,1692.4688720703125
2019-02-20,1701.309326171875
2019-02-21,1700.82080078125
2019-02-22,1710.99462890625
2019-02-25,1763.8619384765625
2019-02-26,1811.4420166015625
2019-02-27,1828.6800537109375
2019-02-28,1762.3511962890625
2019-03-01,1772.9691162109375
2019-03-05,1766.4827880859375
2019-03-06,1776.700927734375
2019-03-07,1788.8739013671875
2019-03-08,1797.2259521484375
2019-03-11,1790.20654296875
2019-03-12,1788.1187744140625
2019-03-13,1777.50048828125
2019-03-14,1765.86083984375
2019-03-15,1812.5531005859375
2019-03-18,1797.314697265625
2019-03-19,1797.314697265625
2019-03-20,1790.4287109375
2019-03-22,1782.076416015625
2019-03-25,1763.062255859375
2019-03-26,1761.640380859375
2019-03-27,1748.5345458984375
2019-03-28,1777.322998046875
2019-04-01,1805.1787109375
2019-04-02,1847.5166015625
2019-04-03,1847.5166015625
2019-04-04,1789.940185546875
2019-04-05,1819.972412109375
2019-04-08,1839.919677734375
2019-04-09,1858.3565673828125
2019-04-10,1812.81982421875
2019-04-11,1794.3826904296875
2019-04-12,1789.940185546875
2019-04-15,1877.7266845703125
2019-04-16,1894.1646728515625
2019-04-18,1910.3802490234375
2019-04-22,1920.5087890625
2019-04-23,1914.82275390625
2019-04-24,1940.0567626953125
2019-04-25,1950.3192138671875
2019-04-26,1989.0146484375
2019-04-30,2008.3851318359375
2019-05-02,1968.445556640625
2019-05-03,1894.342041015625
2019-05-06,1917.3104248046875
2019-05-07,1912.068359375
2019-05-08,1912.8680419921875
2019-05-09,1930.372314453125
2019-05-10,1897.71875
2019-05-13,1891.4544677734375
2019-05-14,1859.1121826171875
2019-05-15,1861.822021484375
2019-05-16,1873.6837158203125
2019-05-17,1861.8660888671875
2019-05-20,1904.9598388671875
2019-05-21,1874.572265625
2019-05-22,1849.693603515625
2019-05-23,1825.081298828125
2019-05-24,1819.705810546875
2019-05-27,1826.0584716796875
2019-05-28,1842.58544921875
2019-05-29,1872.6177978515625
2019-05-30,1907.0479736328125
2019-05-31,1951.6964111328125
2019-06-03,1992.346923828125
2019-06-04,1955.443603515625
2019-06-06,1940.21630859375
2019-06-07,1954.23388671875
2019-06-10,1998.7958984375
2019-06-11,2017.8753662109375
2019-06-12,2025.1298828125
2019-06-13,2019.0391845703125
2019-06-14,2019.3975830078125
2019-06-17,2014.6500244140625
2019-06-18,2016.1280517578125
2019-06-19,2024.2347412109375
2019-06-20,2040.4019775390625
2019-06-21,2015.2325439453125
2019-06-24,2038.2073974609375
2019-06-25,2031.3109130859375
2019-06-26,2019.128662109375
2019-06-27,2017.6507568359375
2019-06-28,1994.9444580078125
2019-07-01,2006.0067138671875
2019-07-02,2017.2481689453125
2019-07-03,2004.3045654296875
2019-07-04,2008.7833251953125
2019-07-05,1937.5289306640625
2019-07-08,1948.546142578125
2019-07-09,1910.8814697265625
2019-07-10,1888.353759765625
2019-07-11,1883.293212890625
2019-07-12,1887.8165283203125
2019-07-15,1921.9432373046875
2019-07-16,1890.789306640625
2019-07-17,1900.8896484375
2019-07-18,1854.8316650390625
2019-07-19,1864.7076416015625
2019-07-22,1894.2904052734375
2019-07-23,1896.580322265625
2019-07-24,1882.5294189453125
2019-07-25,1910.4515380859375
2019-07-26,1893.52783203125
2019-07-29,1912.3370361328125
2019-07-30,1956.4642333984375
2019-07-31,1980.3011474609375
2019-08-01,1957.2725830078125
2019-08-02,1979.94189453125
2019-08-05,2018.8170166015625
2019-08-06,1988.560546875
2019-08-07,1987.25927734375
2019-08-08,2027.3463134765625
2019-08-09,2016.70703125
2019-08-13,1974.689697265625
2019-08-14,1979.134033203125
2019-08-16,1943.8502197265625
2019-08-19,1941.964599609375
2019-08-20,1963.28759765625
2019-08-21,1962.7938232421875
2019-08-22,1989.5482177734375
2019-08-23,2018.0087890625
2019-08-26,2043.6868896484375
2019-08-27,2007.953857421875
2019-08-28,2010.4229736328125
2019-08-29,2005.215576171875
2019-08-30,2028.693115234375
2019-09-03,2021.5106201171875
2019-09-04,2015.944091796875
2019-09-05,1988.92041015625
2019-09-06,1972.93896484375
2019-09-09,1959.7861328125
2019-09-11,1933.88427734375
2019-09-12,1915.56884765625
2019-09-13,1923.0653076171875
2019-09-16,1930.29296875
2019-09-17,1905.737548828125
2019-09-18,1920.0126953125
2019-09-19,1887.153076171875
2019-09-20,1854.3831787109375
2019-09-23,1809.8067626953125
2019-09-24,1835.75341796875
2019-09-25,1875.03271484375
2019-09-26,1874.2696533203125
2019-09-27,1846.033447265625
2019-09-30,1884.7738037109375
2019-10-01,1849.445068359375
2019-10-03,1849.71435546875
2019-10-04,1866.86279296875
2019-10-07,1838.44677734375
2019-10-09,1813.6673583984375
2019-10-10,1799.6163330078125
2019-10-11,1783.8150634765625
2019-10-14,1814.4752197265625
2019-10-15,1829.1097412109375
2019-10-16,1837.27978515625
2019-10-17,1859.760498046875
2019-10-18,1883.935302734375
2019-10-22,1878.4864501953125
2019-10-23,1895.6107177734375
2019-10-24,1906.5072021484375
2019-10-25,1945.8369140625
2019-10-27,1937.3663330078125
2019-10-29,2009.845458984375
2019-10-30,2062.9111328125
2019-10-31,2078.340087890625
2019-11-01,2015.3848876953125
2019-11-04,2009.02099609375
2019-11-05,2016.25537109375
2019-11-06,2004.030517578125
2019-11-07,2001.1455078125
2019-11-08,1950.41552734375
2019-11-11,1923.85986328125
2019-11-13,1994.965087890625
2019-11-14,2011.6309814453125
2019-11-15,1991.16455078125
2019-11-18,1971.15673828125
2019-11-19,1931.0487060546875
2019-11-20,1930.819580078125
2019-11-21,1939.564697265625
2019-11-22,1897.07568359375
2019-11-25,1906.0496826171875
2019-11-26,1874.13720703125
2019-11-27,1881.1424560546875
2019-11-28,1902.2493896484375
2019-11-29,1880.180908203125
2019-12-02,1850.6949462890625
2019-12-03,1878.1204833984375
2019-12-04,1903.3023681640625
2019-12-05,1942.494873046875
2019-12-06,1944.60107421875
2019-12-09,1886.7738037109375
2019-12-10,1843.1861572265625
2019-12-11,1869.787353515625
2019-12-12,1850.5574951171875
2019-12-13,1896.663330078125
2019-12-16,1947.4852294921875
2019-12-17,1982.4652099609375
2019-12-18,1985.02978515625
2019-12-19,2041.1629638671875
2019-12-20,2035.5308837890625
2019-12-23,2043.5889892578125
2019-12-24,2028.8460693359375
2019-12-26,2016.346923828125
2019-12-27,2013.1873779296875
2019-12-30,1999.1776123046875
2019-12-31,1979.489013671875
2020-01-01,1984.8924560546875
2020-01-02,1975.7803955078125
2020-01-03,2015.1563720703125
2020-01-06,2014.9735107421875
2020-01-07,2019.9183349609375
2020-01-08,2065.15380859375
2020-01-09,2027.7015380859375
2020-01-10,2026.96875
2020-01-13,2005.7244873046875
2020-01-14,2020.8797607421875
2020-01-15,2039.193359375
2020-01-16,2050.0908203125
2020-01-17,2032.0518798828125
2020-01-20,1987.4107666015625
2020-01-21,1988.051513671875
2020-01-22,2020.8797607421875
2020-01-23,2010.8294677734375
2020-01-24,2003.900390625
2020-01-27,1990.913330078125
2020-01-28,2004.2215576171875
2020-01-29,1977.4683837890625
2020-01-30,1962.0953369140625
2020-01-31,1908.1292724609375
2020-02-03,1929.6513671875
2020-02-04,1934.4696044921875
2020-02-05,1970.079833984375
2020-02-06,1953.3763427734375
2020-02-07,1960.90185546875
2020-02-10,1984.2137451171875
2020-02-11,1976.36669921875
2020-02-12,1992.29052734375
2020-02-13,2011.74755859375
2020-02-14,2004.634765625
2020-02-17,2022.118408203125
2020-02-18,2033.5908203125
2020-02-19,2015.7857666015625
2020-02-20,1979.48681640625
2020-02-24,1941.445068359375
2020-02-25,1978.8905029296875
2020-02-26,1949.0166015625
2020-02-27,1932.4046630859375
2020-02-28,1835.7159423828125
2020-03-02,1836.7713623046875
2020-03-03,1868.8021240234375
2020-03-04,1911.9381103515625
2020-03-05,1950.3475341796875
2020-03-06,1942.454345703125
2020-03-09,1810.2010498046875
2020-03-11,1793.083984375
2020-03-12,1624.3487548828125
2020-03-13,1657.80224609375
2020-03-16,1556.93701171875
2020-03-17,1521.694091796875
2020-03-18,1518.3900146484375
2020-03-19,1512.797119140625
2020-03-20,1661.7333984375
2020-03-23,1543.628662109375
2020-03-24,1574.553466796875
2020-03-25,1618.1431884765625
2020-03-26,1655.7237548828125
2020-03-27,1686.7406005859375
2020-03-30,1644.2138671875
2020-03-31,1688.2197265625
2020-04-01,1579.7301025390625
2020-04-03,1529.299072265625
2020-04-07,1641.1629638671875
2020-04-08,1576.67919921875
2020-04-09,1632.7962646484375
2020-04-13,1626.41748046875
2020-04-15,1604.136962890625
2020-04-16,1586.479248046875
2020-04-17,1669.822509765625
2020-04-20,1681.33251953125
2020-04-21,1606.4482421875
2020-04-22,1635.8934326171875
2020-04-23,1736.4322509765625
2020-04-24,1681.23974609375
2020-04-27,1697.927001953125
2020-04-28,1718.68212890625
2020-04-29,1761.763671875
2020-04-30,1862.348388671875
2020-05-04,1784.69091796875
2020-05-05,1786.817138671875
2020-05-06,1759.8681640625
2020-05-07,1748.8206787109375
2020-05-08,1750.4383544921875
2020-05-11,1789.1746826171875
2020-05-12,1802.302490234375
2020-05-13,1802.4410400390625
2020-05-14,1758.71240234375
2020-05-15,1749.97607421875
2020-05-18,1798.6968994140625
2020-05-19,1801.5166015625
2020-05-20,1806.0927734375
2020-05-21,1840.8538818359375
2020-05-22,1867.802978515625
2020-05-26,1796.293212890625
2020-05-27,1853.8895263671875
2020-05-28,1852.9647216796875
2020-05-29,1823.42724609375
2020-06-01,1890.822998046875
2020-06-02,1892.5794677734375
2020-06-03,1897.2152099609375
2020-06-04,1939.31103515625
2020-06-05,1899.162353515625
2020-06-08,1920.9522705078125
2020-06-09,1921.230224609375
2020-06-10,1955.2589111328125
2020-06-11,1917.1500244140625
2020-06-12,1891.0494384765625
2020-06-15,1882.148193359375
2020-06-16,1896.8907470703125
2020-06-17,1898.7452392578125
2020-06-18,1889.7513427734375
2020-06-19,1895.7781982421875
2020-06-22,1880.3399658203125
2020-06-23,1887.155029296875
2020-06-24,1893.552734375
2020-06-25,1869.352783203125
2020-06-26,1964.6240234375
2020-06-29,1948.6754150390625
2020-06-30,1930.5948486328125
2020-07-01,1939.7745361328125
2020-07-02,2000.1363525390625
2020-07-03,2039.542236328125
2020-07-06,2098.46630859375
2020-07-07,2104.678955078125
2020-07-08,2057.39111328125
2020-07-09,2043.900634765625
2020-07-10,2060.590576171875
2020-07-13,2058.410888671875
2020-07-14,2013.85888671875
2020-07-15,2071.298583984375
2020-07-16,2076.736328125
2020-07-17,2045.1396484375
2020-07-20,2051.7841796875
2020-07-21,2067.721923828125
2020-07-22,2036.0323486328125
2020-07-23,2017.6795654296875
2020-07-24,2004.8548583984375
2020-07-27,2050.761962890625
2020-07-28,2146.432373046875
2020-07-29,2115.115478515625
2020-07-30,2118.32177734375
2020-07-31,2120.08740234375
2020-08-03,2094.763427734375
2020-08-04,2090.628662109375
2020-08-05,2099.736083984375
2020-08-06,2144.900146484375
2020-08-07,2133.05126953125
2020-08-10,2121.388427734375
2020-08-11,2118.693115234375
2020-08-12,2097.738037109375
2020-08-13,2095.04248046875
2020-08-14,2083.612548828125
2020-08-17,2094.0673828125
2020-08-18,2109.26123046875
2020-08-19,2097.04052734375
2020-08-20,2093.555908203125
2020-08-21,2089.60595703125
2020-08-24,2089.14208984375
2020-08-25,2084.07666015625
2020-08-26,2094.16015625
2020-08-27,2089.42041015625
2020-08-28,2080.267333984375
2020-08-31,2097.644775390625
2020-09-01,2087.515869140625
2020-09-02,2104.986572265625
2020-09-03,2136.907470703125
2020-09-04,2126.964111328125
2020-09-07,2162.509521484375
2020-09-08,2182.1640625
2020-09-09,2163.06640625
2020-09-10,2166.319580078125
2020-09-11,2206.232421875
2020-09-14,2315.238037109375
2020-09-15,2315.238037109375
2020-09-16,2326.01806640625
2020-09-17,2286.941650390625
2020-09-18,2276.672607421875
2020-09-21,2290.984130859375
2020-09-22,2344.5576171875
2020-09-23,2292.98193359375
2020-09-24,2167.341552734375
2020-09-25,2251.02490234375
2020-09-28,2254.74169921875
2020-09-29,2312.450439453125
2020-09-30,2316.07470703125
2020-10-01,2345.022705078125
2020-10-05,2514.47900390625
2020-10-06,2522.377685546875
2020-10-07,2542.496826171875
2020-10-08,2625.90087890625
2020-10-09,2614.052734375
2020-10-12,2629.896728515625
2020-10-13,2626.691162109375
2020-10-14,2622.0712890625
2020-10-15,2557.6767578125
2020-10-16,2578.861572265625
2020-10-19,2530.566162109375
2020-10-20,2556.183349609375
2020-10-21,2496.82861328125
2020-10-22,2492.862060546875
2020-10-23,2507.467529296875
2020-10-26,2508.774169921875
2020-10-27,2454.5986328125
2020-10-28,2447.179443359375
2020-10-29,2456.93212890625
2020-10-30,2486.983154296875
2020-11-02,2430.75390625
2020-11-03,2457.818603515625
2020-11-04,2476.063232421875
2020-11-05,2506.44091796875
2020-11-06,2526.739501953125
2020-11-09,2544.611083984375
2020-11-10,2472.7509765625
2020-11-11,2508.40087890625
2020-11-12,2492.7685546875
2020-11-13,2479.51708984375
2020-11-14,2492.11572265625
2020-11-17,2488.10302734375
2020-11-18,2451.332275390625
2020-11-19,2460.898193359375
2020-11-20,2482.690185546875
2020-11-23,2542.418212890625
2020-11-24,2540.364990234375
2020-11-25,2521.0
2020-11-26,2539.011474609375
2020-11-27,2500.794921875
2020-12-01,2544.7978515625
2020-12-02,2566.029296875
2020-12-03,2528.60595703125
2020-12-04,2545.497802734375
2020-12-07,2554.970458984375
2020-12-08,2610.592041015625
2020-12-09,2623.19140625
2020-12-10,2598.460205078125
2020-12-11,2597.80712890625
2020-12-14,2610.965576171875
2020-12-15,2577.228759765625
2020-12-16,2626.3642578125
2020-12-17,2648.762451171875
2020-12-18,2670.040771484375
2020-12-21,2631.916748046875
2020-12-22,2680.773193359375
2020-12-23,2714.603759765625
2020-12-24,2715.16357421875
2020-12-28,2733.875244140625
2020-12-29,2734.90185546875
2020-12-30,2715.116943359375
2020-12-31,2671.674072265625
2021-01-01,2732.8017578125
2021-01-04,2836.580078125
2021-01-05,2886.555419921875
2021-01-06,2847.82568359375
2021-01-07,2830.37353515625
2021-01-08,2912.593017578125
2021-01-11,2964.435791015625
2021-01-12,2962.942626953125
2021-01-13,2948.10400390625
2021-01-14,3039.50341796875
2021-01-15,3023.280029296875
2021-01-18,3012.433837890625
2021-01-19,3048.853271484375
2021-01-20,3093.828125
2021-01-21,3061.148681640625
2021-01-22,3088.4990234375
2021-01-25,3077.465087890625
2021-01-27,3049.1806640625
2021-01-28,2988.87109375
2021-01-29,2909.20654296875
2021-02-01,2935.38720703125
2021-02-02,2995.322509765625
2021-02-03,2992.143798828125
2021-02-04,2981.297119140625
2021-02-05,2952.77880859375
2021-02-08,3005.28076171875
2021-02-09,2970.497802734375
2021-02-10,3004.532958984375
2021-02-11,2997.707275390625
2021-02-12,2983.494873046875
2021-02-15,2935.854736328125
2021-02-16,2906.82177734375
2021-02-17,2873.441650390625
2021-02-18,2858.715087890625
2021-02-19,2872.27294921875
2021-02-22,2766.239990234375
2021-02-23,2786.57763671875
2021-02-24,2756.56298828125
2021-02-25,2800.6962890625
2021-02-26,2706.258056640625
2021-03-01,2734.215576171875
2021-03-02,2811.028564453125
2021-03-03,2860.35107421875
2021-03-04,2851.56201171875
2021-03-05,2812.61767578125
2021-03-08,2811.589599609375
2021-03-09,2852.73095703125
2021-03-10,2871.43115234375
2021-03-12,2859.276123046875
2021-03-15,2866.942626953125
2021-03-16,2907.990966796875
2021-03-17,2910.70263671875
2021-03-18,2839.21923828125
2021-03-19,2852.029052734375
2021-03-22,2926.317138671875
2021-03-23,2938.42626953125
2021-03-24,2918.32275390625
2021-03-25,2865.727783203125
2021-03-26,2867.55126953125
2021-03-30,2953.340087890625
2021-03-31,2971.3857421875
2021-04-01,2959.370849609375
2021-04-05,3028.469482421875
2021-04-06,3052.59375
2021-04-07,3058.85791015625
2021-04-08,3101.82275390625
2021-04-09,3106.404541015625
2021-04-12,3035.622802734375
2021-04-13,2902.380615234375
2021-04-15,3009.81591796875
2021-04-16,2987.56201171875
2021-04-19,2956.378662109375
2021-04-20,2940.249267578125
2021-04-22,2916.172119140625
2021-04-23,2907.476318359375
2021-04-26,2899.342041015625
2021-04-27,2928.515380859375
2021-04-28,2921.128173828125
2021-04-29,2912.853271484375
2021-04-30,2838.425048828125
2021-05-03,2839.6865234375
2021-05-04,2851.60888671875
2021-05-05,2894.572998046875
2021-05-06,2909.2998046875
2021-05-07,2929.3564453125
2021-05-10,2941.137939453125
2021-05-11,2919.725341796875
2021-05-12,2886.99951171875
2021-05-14,2853.245361328125
2021-05-17,2870.3095703125
2021-05-18,2888.12158203125
2021-05-19,2881.763916015625
2021-05-20,2861.192626953125
2021-05-21,2880.36083984375
2021-05-24,2881.2958984375
2021-05-25,2925.927001953125
2021-05-26,2967.7392578125
2021-05-27,2987.941162109375
2021-05-28,2953.739501953125
2021-05-31,2968.35009765625
2021-06-01,2962.571533203125
2021-06-02,2940.443603515625
2021-06-03,2951.531005859375
2021-06-04,2953.88037109375
2021-06-07,2990.947509765625
2021-06-08,3006.8740234375
2021-06-09,3006.968017578125
2021-06-10,3022.5185546875
2021-06-11,3076.07568359375
2021-06-14,3078.4716796875
2021-06-15,3065.692626953125
2021-06-16,3076.59228515625
2021-06-17,3117.371337890625
2021-06-18,3098.156005859375
2021-06-21,3075.41796875
2021-06-22,3101.820556640625
2021-06-23,3064.424560546875
2021-06-24,3169.84814453125
2021-06-25,3176.61328125
2021-06-28,3135.2236328125
2021-06-29,3139.075927734375
2021-06-30,3143.6806640625
2021-07-01,3139.68701171875
2021-07-02,3124.60595703125
2021-07-05,3120.425048828125
2021-07-06,3065.270263671875
2021-07-07,3077.15625
2021-07-08,3061.699462890625
2021-07-09,3014.390380859375
2021-07-12,3000.249755859375
2021-07-13,2995.034912109375
2021-07-14,3020.403564453125
2021-07-15,3016.072509765625
2021-07-16,3008.39794921875
2021-07-19,2998.79296875
2021-07-20,3018.75634765625
2021-07-22,3028.690673828125
2021-07-23,3025.395263671875
2021-07-26,3010.9873046875
2021-07-27,2997.2392578125
2021-07-28,3011.222900390625
2021-07-29,3009.33984375
2021-07-30,2982.64404296875
2021-08-02,3031.5625
2021-08-03,3093.2412109375
2021-08-04,3082.929931640625
2021-08-05,3092.346435546875
2021-08-06,3116.6884765625
2021-08-09,3128.835693359375
2021-08-10,3139.382080078125
2021-08-11,3149.081298828125
2021-08-12,3156.19091796875
2021-08-13,3261.326416015625
2021-08-16,3270.3193359375
2021-08-17,3345.74560546875
2021-08-18,3352.808349609375
2021-08-20,3351.819091796875
2021-08-23,3425.17431640625
2021-08-24,3402.38623046875
2021-08-25,3445.513916015625
2021-08-26,3457.6142578125
2021-08-27,3503.09619140625
2021-08-30,3485.34619140625
2021-08-31,3565.5283203125
2021-09-01,3498.199462890625
2021-09-02,3612.892578125
2021-09-03,3617.884033203125
2021-09-06,3627.25341796875
2021-09-07,3593.259521484375
2021-09-08,3553.94580078125
2021-09-09,3570.189208984375
2021-09-13,3620.99169921875
2021-09-14,3659.17529296875
2021-09-15,3723.8203125
2021-09-16,3675.56005859375
2021-09-17,3604.5126953125
2021-09-20,3600.416259765625
2021-09-21,3637.56396484375
2021-09-22,3636.810791015625
2021-09-23,3643.496337890625
2021-09-24,3645.42724609375
2021-09-27,3613.081298828125
2021-09-28,3558.65380859375
2021-09-29,3570.659912109375
2021-09-30,3555.263671875
2021-10-01,3512.559814453125
2021-10-04,3553.145263671875
2021-10-05,3609.644775390625
2021-10-06,3588.551513671875
2021-10-07,3665.766845703125
2021-10-08,3706.02294921875
2021-10-11,3470.5625
2021-10-12,3439.72314453125
2021-10-13,3441.935791015625
2021-10-14,3407.263427734375
2021-10-18,3440.94482421875
2021-10-19,3428.68017578125
2021-10-20,3404.810546875
2021-10-21,3332.777099609375
2021-10-22,3301.030029296875
2021-10-25,3295.463134765625
2021-10-26,3285.698486328125
2021-10-27,3292.444091796875
2021-10-28,3228.1943359375
2021-10-29,3205.645751953125
2021-11-01,3279.84912109375
2021-11-02,3287.207763671875
2021-11-03,3294.80322265625
2021-11-04,3310.275634765625
2021-11-08,3304.709228515625
2021-11-09,3307.492431640625
2021-11-10,3287.302490234375
2021-11-11,3290.98193359375
2021-11-12,3326.69189453125
2021-11-15,3352.4013671875
2021-11-16,3355.32568359375
2021-11-17,3322.7763671875
2021-11-18,3279.1884765625
2021-11-22,3262.86669921875
2021-11-23,3268.38623046875
2021-11-24,3248.62060546875
2021-11-25,3251.07373046875
2021-11-26,3251.969482421875
2021-11-29,3304.001708984375
2021-11-30,3329.616455078125
2021-12-01,3375.516357421875
2021-12-02,3436.935546875
2021-12-03,3434.623779296875
2021-12-06,3336.45703125
2021-12-07,3381.83740234375
2021-12-08,3421.840087890625
2021-12-09,3398.112548828125
2021-12-10,3431.18017578125
2021-12-13,3405.565185546875
2021-12-14,3418.915283203125
2021-12-15,3368.48779296875
2021-12-16,3379.1015625
2021-12-17,3381.69580078125
2021-12-20,3355.7978515625
2021-12-21,3404.2919921875
2021-12-22,3425.472412109375
2021-12-23,3455.615966796875
2021-12-24,3463.351806640625
2021-12-27,3487.127685546875
2021-12-28,3496.986328125
2021-12-29,3485.806884765625
2021-12-30,3522.64892578125
2021-12-31,3526.989013671875
2022-01-03,3601.89990234375
2022-01-04,3665.11181640625
2022-01-05,3642.656982421875
2022-01-06,3592.181640625
2022-01-07,3635.628662109375
2022-01-10,3660.488525390625
2022-01-11,3694.500244140625
2022-01-12,3641.66650390625
2022-01-13,3677.51806640625
2022-01-14,3743.796142578125
2022-01-17,3791.912841796875
2022-01-18,3764.97705078125
2022-01-19,3699.810791015625
2022-01-20,3616.54638671875
2022-01-21,3623.114501953125
2022-01-24,3564.37548828125
2022-01-25,3563.0048828125
2022-01-27,3448.976318359375
2022-01-28,3487.536865234375
2022-01-31,3531.20166015625
2022-02-01,3592.06689453125
2022-02-02,3644.568603515625
2022-02-03,3614.703125
2022-02-04,3605.53515625
2022-02-07,3571.605712890625
2022-02-08,3538.006591796875
2022-02-09,3554.168212890625
2022-02-10,3563.43017578125
2022-02-11,3492.16796875
2022-02-14,3528.839111328125
2022-02-15,3608.276123046875
2022-02-16,3603.834228515625
2022-02-17,3576.520263671875
2022-02-18,3585.6875
2022-02-21,3515.276123046875
2022-02-22,3389.57568359375
2022-02-23,3368.216064453125
2022-02-24,3214.96484375
2022-02-25,3327.528076171875
2022-02-28,3359.142578125
2022-03-02,3351.534423828125
2022-03-03,3349.88037109375
2022-03-04,3330.93115234375
2022-03-07,3293.64599609375
2022-03-08,3402.381591796875
2022-03-09,3433.240234375
2022-03-10,3422.229736328125
2022-03-11,3401.625732421875
2022-03-14,3443.0693359375
2022-03-15,3396.663818359375
2022-03-16,3455.260986328125
2022-03-17,3471.1865234375
2022-03-21,3427.663818359375
2022-03-22,3497.839111328125
2022-03-23,3508.66015625
2022-03-24,3544.05517578125
2022-03-25,3503.982421875
2022-03-28,3504.218505859375
2022-03-29,3501.997802734375
2022-03-30,3526.759765625
2022-03-31,3534.69873046875
2022-04-01,3552.466552734375
2022-04-04,3563.43017578125
2022-04-05,3605.44091796875
2022-04-06,3549.253662109375
2022-04-07,3481.9609375
2022-04-08,3483.37841796875
2022-04-11,3493.538818359375
2022-04-12,3488.529541015625
2022-04-13,3460.979248046875
2022-04-18,3334.427978515625
2022-04-19,3281.359375
2022-04-20,3361.60009765625
2022-04-21,3429.5068359375
2022-04-22,3414.291015625
2022-04-25,3353.47216796875
2022-04-26,3351.67626953125
2022-04-27,3365.758544921875
2022-04-28,3387.591064453125
2022-04-29,3352.05419921875
2022-05-02,3347.989990234375
2022-05-04,3288.778564453125
2022-05-05,3320.581787109375
2022-05-06,3244.216064453125
2022-05-09,3256.0302734375
2022-05-10,3250.029052734375
2022-05-11,3224.746826171875
2022-05-12,3221.58056640625
2022-05-13,3227.4873046875
2022-05-16,3191.478759765625
2022-05-17,3262.174072265625
2022-05-18,3259.527099609375
2022-05-19,3082.931640625
2022-05-20,3112.27783203125
2022-05-23,3139.449462890625
2022-05-24,3107.5517578125
2022-05-25,3013.973388671875
2022-05-26,3070.396484375
2022-05-27,3103.07958984375
2022-05-30,3211.501708984375
2022-05-31,3201.130615234375
2022-06-01,3192.424560546875
2022-06-02,3256.93505859375
2022-06-03,3273.252685546875
2022-06-06,3264.499267578125
2022-06-07,3199.560302734375
2022-06-08,3238.999267578125
2022-06-09,3260.8359375
2022-06-10,3196.896484375
2022-06-13,3063.4033203125
2022-06-14,3054.7919921875
2022-06-15,3050.748046875
2022-06-16,2989.567626953125
2022-06-17,2939.04345703125
2022-06-20,2961.40380859375
2022-06-21,3056.124267578125
2022-06-22,3066.590576171875
2022-06-23,3148.275390625
2022-06-24,3133.337158203125
2022-06-27,3153.88916015625
2022-06-28,3157.171630859375
2022-06-29,3130.86328125
2022-06-30,3108.5986328125
2022-07-01,3154.27001953125
2022-07-04,3078.103515625
2022-07-05,3060.26318359375
2022-07-06,3102.556640625
2022-07-07,3128.342041015625
2022-07-08,3107.028564453125
2022-07-11,2962.73583984375
2022-07-12,2935.04736328125
2022-07-13,2891.32666015625
2022-07-14,2860.799072265625
2022-07-15,2856.840087890625
2022-07-18,2922.5703125
2022-07-19,2932.82568359375
2022-07-20,3019.210205078125
2022-07-21,3031.13525390625
2022-07-22,3025.125244140625
2022-07-25,3021.070068359375
2022-07-26,2972.559814453125
2022-07-27,3042.15380859375
2022-07-28,3110.508056640625
2022-07-29,3150.00341796875
2022-08-01,3147.046142578125
2022-08-02,3140.367919921875
2022-08-03,3185.87353515625
2022-08-04,3200.612548828125
2022-08-05,3210.248291015625
2022-08-08,3219.215576171875
2022-08-10,3199.945068359375
2022-08-11,3265.055419921875
2022-08-12,3245.069091796875
2022-08-16,3236.626220703125
2022-08-17,3244.639892578125
2022-08-18,3225.702880859375
2022-08-19,3229.995849609375
2022-08-22,3200.231201171875
2022-08-23,3133.499267578125
2022-08-24,3105.5947265625
2022-08-25,3070.15380859375
2022-08-26,3073.9697265625
2022-08-29,2988.443603515625
2022-08-30,3063.427734375
2022-09-01,2987.6328125
2022-09-02,2986.392578125
2022-09-05,2989.254638671875
2022-09-06,2983.197265625
2022-09-07,3004.70947265625
2022-09-08,3023.83740234375
2022-09-09,3069.628662109375
2022-09-12,3093.764892578125
2022-09-13,3080.790771484375
2022-09-14,2976.85302734375
2022-09-15,2961.541015625
2022-09-16,2870.291259765625
2022-09-19,2889.466552734375
2022-09-20,2900.437744140625
2022-09-21,2863.13623046875
2022-09-22,2869.051025390625
2022-09-23,2844.8671875
2022-09-26,2856.64892578125
2022-09-27,2878.638671875
2022-09-28,2896.00146484375
2022-09-29,2859.416015625
2022-09-30,2866.332275390625
2022-10-03,2847.6337890625
2022-10-04,2948.947998046875
2022-10-06,2959.25146484375
2022-10-07,2923.906005859375
2022-10-10,2975.087890625
2022-10-11,2928.341796875
2022-10-12,2958.106689453125
2022-10-13,2960.53955078125
2022-10-14,2956.580322265625
2022-10-17,2976.28369140625
2022-10-18,3007.79931640625
2022-10-19,2985.94384765625
2022-10-20,3019.8505859375
2022-10-21,3000.816650390625
2022-10-24,3024.058837890625
2022-10-25,3024.44189453125
2022-10-27,3019.946044921875
2022-10-28,3025.54150390625
2022-10-31,3054.1396484375
2022-11-01,3117.792724609375
2022-11-02,3100.576171875
2022-11-03,3067.148193359375
2022-11-04,3077.334228515625
2022-11-07,3092.924560546875
2022-11-09,3076.043212890625
2022-11-10,3066.095458984375
2022-11-11,3171.59375
2022-11-14,3190.29296875
2022-11-15,3187.51904296875
2022-11-16,3209.278564453125
2022-11-17,3203.204833984375
2022-11-18,3197.896484375
2022-11-21,3140.556396484375
2022-11-22,3170.637451171875
2022-11-23,3164.27685546875
2022-11-24,3232.9990234375
2022-11-25,3242.085205078125
2022-11-28,3247.441650390625
2022-11-29,3249.4501953125
2022-11-30,3243.185546875
2022-12-01,3324.341552734375
2022-12-02,3289.4306640625
2022-12-05,3276.757080078125
2022-12-06,3237.97265625
2022-12-07,3233.429443359375
2022-12-08,3204.687744140625
2022-12-09,3149.403564453125
2022-12-12,3143.378173828125
2022-12-13,3187.040771484375
2022-12-14,3218.843017578125
2022-12-15,3161.216552734375
2022-12-16,3099.189453125
2022-12-19,3062.65234375
2022-12-20,3102.72802734375
2022-12-21,3126.257568359375
2022-12-22,3117.792724609375
2022-12-23,3087.807373046875
2022-12-26,3111.288330078125
2022-12-27,3117.6015625
2022-12-28,3115.305908203125
2022-12-29,3126.44873046875
2022-12-30,3114.9228515625
2023-01-02,3119.466552734375
2023-01-03,3167.1943359375
2023-01-04,3170.350341796875
2023-01-05,3166.955078125
2023-01-06,3071.739013671875
2023-01-09,3175.419677734375
2023-01-10,3143.33056640625
2023-01-11,3183.78857421875
2023-01-12,3189.193115234375
2023-01-13,3227.64306640625
2023-01-16,3253.502685546875
2023-01-17,3296.78076171875
2023-01-18,3308.10107421875
2023-01-19,3291.609375
2023-01-20,3281.850830078125
2023-01-23,3332.399169921875
2023-01-24,3353.282470703125
2023-01-25,3346.890625
2023-01-27,3328.642333984375
2023-01-30,3350.6962890625
2023-01-31,3277.556884765625
2023-02-01,3326.007568359375
2023-02-02,3376.800048828125
2023-02-03,3398.1708984375
2023-02-06,3376.36083984375
2023-02-07,3388.656982421875
2023-02-08,3435.05810546875
2023-02-09,3455.306396484375
2023-02-10,3452.086181640625
2023-02-13,3398.268310546875
2023-02-14,3415.541015625
2023-02-15,3435.594482421875
2023-02-16,3472.090576171875
2023-02-17,3416.5654296875
2023-02-20,3403.050537109375
2023-02-21,3367.627197265625
2023-02-22,3319.3720703125
2023-02-23,3331.326171875
2023-02-24,3318.29833984375
2023-02-27,3251.35595703125
2023-02-28,3232.815185546875
2023-03-01,3303.90478515625
2023-03-02,3241.206787109375
2023-03-03,3261.406982421875
2023-03-06,3290.3896484375
2023-03-08,3308.491455078125
2023-03-09,3256.23486328125
2023-03-10,3250.526123046875
2023-03-13,3202.6611328125
2023-03-14,3137.280029296875
2023-03-15,3121.617431640625
2023-03-16,3108.053466796875
2023-03-17,3102.491455078125
2023-03-20,3067.36083984375
2023-03-21,3031.059814453125
2023-03-22,3055.16259765625
2023-03-23,3049.161376953125
2023-03-24,3045.11181640625
2023-03-27,3046.8681640625
2023-03-28,3040.62255859375
2023-03-29,3063.067138671875
2023-03-31,3128.4482421875
2023-04-03,3122.69091796875
2023-04-05,3161.529541015625
2023-04-06,3142.890869140625
2023-04-10,3184.559326171875
2023-04-11,3136.15771484375
2023-04-12,3163.33447265625
2023-04-13,3111.810546875
2023-04-17,3063.652587890625
2023-04-18,3055.1142578125
2023-04-19,3014.958251953125
2023-04-20,3029.791015625
2023-04-21,3084.487060546875
2023-04-24,3098.10009765625
2023-04-25,3099.270751953125
2023-04-26,3120.8857421875
2023-04-27,3110.93212890625
2023-04-28,3141.475830078125
2023-05-02,3141.622314453125
2023-05-03,3103.076416015625
2023-05-04,3142.890869140625
2023-05-05,3152.6494140625
2023-05-08,3172.068603515625
2023-05-09,3203.9296875
2023-05-10,3207.39404296875
2023-05-11,3202.856201171875
2023-05-12,3195.196044921875
2023-05-15,3176.411376953125
2023-05-16,3179.436279296875
2023-05-17,3131.180908203125
2023-05-18,3122.544677734375
2023-05-19,3144.9892578125
2023-05-22,3219.006591796875
2023-05-23,3217.396484375
2023-05-24,3223.54443359375
2023-05-25,3213.932373046875
2023-05-26,3248.476806640625
2023-05-29,3240.1337890625
2023-05-30,3236.08349609375
2023-05-31,3210.02880859375
2023-06-01,3243.6953125
2023-06-02,3225.73974609375
2023-06-05,3209.443359375
2023-06-06,3154.210693359375
2023-06-07,3195.781494140625
2023-06-08,3158.260498046875
2023-06-09,3131.766845703125
2023-06-12,3168.457763671875
2023-06-13,3165.3349609375
2023-06-14,3172.508056640625
2023-06-15,3161.939453125
2023-06-16,3121.239013671875
2023-06-19,3156.138916015625
2023-06-20,3173.146728515625
2023-06-21,3203.131103515625
2023-06-22,3183.764404296875
2023-06-23,3161.988525390625
2023-06-26,3135.73974609375
2023-06-27,3143.309814453125
2023-06-28,3161.103515625
2023-06-30,3246.436767578125
2023-07-03,3216.992919921875
2023-07-04,3252.92529296875
2023-07-05,3263.837646484375
2023-07-06,3266.737548828125
2023-07-07,3272.98046875
2023-07-10,3216.64892578125
2023-07-11,3217.091064453125
2023-07-12,3204.80224609375
2023-07-13,3284.08935546875
2023-07-14,3455.24658203125
2023-07-17,3432.6845703125
2023-07-18,3437.748046875
2023-07-19,3411.40087890625
2023-07-20,3413.618408203125
2023-07-21,3319.9814453125
2023-07-24,3346.0517578125
2023-07-25,3350.388427734375
2023-07-26,3339.6943359375
2023-07-27,3348.170654296875
2023-07-28,3307.26611328125
2023-07-31,3372.36865234375
2023-08-01,3402.52978515625
2023-08-02,3391.29345703125
2023-08-03,3351.17724609375
2023-08-04,3394.151611328125
2023-08-07,3434.07080078125
2023-08-08,3420.813720703125
2023-08-09,3412.829833984375
2023-08-10,3392.722412109375
2023-08-11,3399.326416015625
2023-08-14,3400.361328125
2023-08-16,3408.78857421875
2023-08-17,3386.463623046875
2023-08-18,3318.798583984375
2023-08-21,3352.852783203125
2023-08-22,3333.63232421875
2023-08-23,3349.501708984375
2023-08-24,3339.152099609375
2023-08-25,3332.794677734375
2023-08-28,3327.127197265625
2023-08-29,3327.718505859375
2023-08-30,3342.30615234375
2023-08-31,3308.646240234375
2023-09-01,3330.724853515625
2023-09-04,3369.461181640625
2023-09-05,3380.155517578125
2023-09-06,3380.697265625
2023-09-07,3405.683837890625
2023-09-08,3392.525390625
2023-09-11,3430.719482421875
2023-09-12,3529.432861328125
2023-09-13,3516.668701171875
2023-09-14,3508.980712890625
2023-09-15,3546.681884765625
2023-09-18,3554.4189453125
2023-09-20,3554.320556640625
2023-09-21,3533.868408203125
2023-09-22,3551.955078125
2023-09-25,3525.835205078125
2023-09-26,3534.26220703125
2023-09-27,3537.81103515625
2023-09-28,3486.014892578125
2023-09-29,3477.981689453125
2023-10-03,3463.443359375
2023-10-04,3487.000244140625
2023-10-05,3537.8603515625
2023-10-06,3569.450439453125
2023-10-09,3586.1572265625
2023-10-10,3576.8427734375
2023-10-11,3558.115234375
2023-10-12,3491.731689453125
2023-10-13,3519.62548828125
2023-10-16,3473.496826171875
2023-10-17,3456.74072265625
2023-10-18,3437.224853515625
2023-10-19,3414.891357421875
2023-10-20,3453.332763671875
2023-10-23,3369.927978515625
2023-10-25,3350.114501953125
2023-10-26,3297.393798828125
2023-10-27,3311.42626953125
2023-10-30,3338.70068359375
2023-10-31,3329.016357421875
2023-11-01,3291.365478515625
2023-11-02,3320.468505859375
2023-11-03,3311.376708984375
2023-11-06,3340.380615234375
2023-11-07,3330.6962890625
2023-11-08,3341.665283203125
2023-11-09,3307.967529296875
2023-11-10,3294.132568359375
2023-11-13,3292.255126953125
2023-11-15,3364.147216796875
2023-11-16,3456.59375
2023-11-17,3461.13916015625
2023-11-20,3478.087158203125
2023-11-21,3468.7978515625
2023-11-22,3488.512451171875
2023-11-23,3466.87109375
2023-11-24,3416.32421875
2023-11-28,3429.22021484375
2023-11-29,3472.30615234375
2023-11-30,3446.464599609375
2023-12-01,3470.23095703125
2023-12-04,3471.021240234375
2023-12-05,3489.94580078125
2023-12-06,3561.590576171875
2023-12-07,3572.262939453125
2023-12-08,3583.923828125
2023-12-11,3599.9326171875
2023-12-12,3628.788330078125
2023-12-13,3551.164794921875
2023-12-14,3623.99560546875
2023-12-15,3815.46044921875
2023-12-18,3813.681640625
2023-12-19,3771.188720703125
2023-12-20,3735.465087890625
2023-12-21,3742.8271484375
2023-12-22,3778.896728515625
2023-12-26,3750.7822265625
2023-12-27,3766.24755859375
2023-12-28,3755.080810546875
2023-12-29,3748.65771484375
