Date,Stock,Order,Price
2011-04-07,TECHM.NS,Buy,146.58499145507812
2011-04-07,SUNPHARMA.NS,Sell,201.8846740722656
2011-05-26,TECHM.NS,Sell,128.41575622558594
2011-05-26,SUNPHARMA.NS,Buy,201.6330413818359
2011-05-26,SUNPHARMA.NS,Buy,201.6330413818359
2011-05-26,TCS.NS,Sell,438.49468994140625
2011-06-24,SUNPHARMA.NS,Sell,224.18917846679688
2011-06-24,TCS.NS,Buy,442.2669677734375
2011-06-24,INFY.NS,Buy,272.19171142578125
2011-06-24,SUNPHARMA.NS,Sell,224.18917846679688
2011-12-19,TECHM.NS,Buy,111.93924713134766
2011-12-19,TCS.NS,Sell,446.9678649902344
2011-12-23,INFY.NS,Sell,257.88720703125
2011-12-23,SUNPHARMA.NS,Buy,229.82882690429688
2011-12-23,TATAMOTORS.NS,Buy,177.14781188964844
2011-12-23,INFY.NS,Sell,257.88720703125
2012-01-23,TECHM.NS,Sell,117.74239349365234
2012-01-23,TCS.NS,Buy,421.1929016113281
2012-01-23,WIPRO.NS,Buy,139.4142608642578
2012-01-23,TECHM.NS,Sell,117.74239349365234
2012-04-13,WIPRO.NS,Sell,141.26727294921875
2012-04-13,TECHM.NS,Buy,138.65737915039062
2012-04-13,SUNPHARMA.NS,Buy,269.75799560546875
2012-04-13,WIPRO.NS,Sell,141.26727294921875
2012-05-02,TATAMOTORS.NS,Sell,291.654541015625
2012-05-02,INFY.NS,Buy,236.5701141357422
2012-05-02,INFY.NS,Buy,236.5701141357422
2012-05-02,TATAMOTORS.NS,Sell,291.654541015625
2012-10-05,INFY.NS,Sell,242.8534393310547
2012-10-05,TATAMOTORS.NS,Buy,273.5588073730469
2012-10-05,TATAMOTORS.NS,Buy,273.5588073730469
2012-10-05,HCLTECH.NS,Sell,108.87618255615234
2012-10-18,SUNPHARMA.NS,Sell,324.496826171875
2012-10-18,WIPRO.NS,Buy,117.78553771972656
2012-10-18,HCLTECH.NS,Buy,114.08696746826172
2012-10-18,SUNPHARMA.NS,Sell,324.496826171875
2012-11-19,TATAMOTORS.NS,Sell,257.51873779296875
2012-11-19,HCLTECH.NS,Buy,117.68922424316406
2012-11-19,INFY.NS,Buy,228.1219940185547
2012-11-19,TATAMOTORS.NS,Sell,257.51873779296875
2013-03-05,INFY.NS,Sell,282.55194091796875
2013-03-05,TATAMOTORS.NS,Buy,293.0116271972656
2013-03-05,TATAMOTORS.NS,Buy,293.0116271972656
2013-03-05,INFY.NS,Sell,282.55194091796875
2013-04-04,HCLTECH.NS,Sell,142.87034606933594
2013-04-04,SUNPHARMA.NS,Buy,398.7582092285156
2013-04-04,SUNPHARMA.NS,Buy,398.7582092285156
2013-04-04,INFY.NS,Sell,278.5621643066406
2013-06-06,SUNPHARMA.NS,Sell,472.0922546386719
2013-06-06,INFY.NS,Buy,237.72740173339844
2013-06-06,HCLTECH.NS,Buy,143.6726531982422
2013-06-06,SUNPHARMA.NS,Sell,472.0922546386719
2013-06-07,TATAMOTORS.NS,Sell,294.3767395019531
2013-06-07,INFY.NS,Buy,239.4054412841797
2013-06-07,TCS.NS,Buy,608.7313842773438
2013-06-07,TATAMOTORS.NS,Sell,294.3767395019531
2014-01-01,TCS.NS,Sell,866.6275024414062
2014-01-01,TATAMOTORS.NS,Buy,368.0956115722656
2014-01-01,TATAMOTORS.NS,Buy,368.0956115722656
2014-01-01,INFY.NS,Sell,341.3590393066406
2014-01-03,TATAMOTORS.NS,Sell,356.06951904296875
2014-01-03,INFY.NS,Buy,350.9217529296875
2014-01-03,INFY.NS,Buy,350.9217529296875
2014-01-03,TATAMOTORS.NS,Sell,356.06951904296875
2014-02-19,HCLTECH.NS,Sell,289.9814147949219
2014-02-19,SUNPHARMA.NS,Buy,580.6904296875
2014-02-19,INFY.NS,Buy,369.4513244628906
2014-02-19,HCLTECH.NS,Sell,289.9814147949219
2014-04-04,SUNPHARMA.NS,Buy,532.7110595703125
2014-04-04,TECHM.NS,Sell,359.3999938964844
2014-05-29,INFY.NS,Sell,291.81610107421875
2014-05-29,TATAMOTORS.NS,Buy,416.5434265136719
2014-05-29,TCS.NS,Buy,870.8529663085938
2014-05-29,INFY.NS,Sell,291.81610107421875
2014-07-02,INFY.NS,Sell,320.8330383300781
2014-07-02,HCLTECH.NS,Buy,288.0553283691406
2014-07-02,TCS.NS,Sell,977.5736083984376
2014-07-02,INFY.NS,Buy,320.8330383300781
2014-07-02,TATAMOTORS.NS,Buy,447.4676208496094
2014-07-02,INFY.NS,Sell,320.8330383300781
2014-08-21,SUNPHARMA.NS,Sell,801.2094116210938
2014-08-21,TECHM.NS,Buy,447.3854675292969
2014-08-21,TECHM.NS,Buy,447.3854675292969
2014-08-21,INFY.NS,Sell,354.125732421875
2014-09-03,TATAMOTORS.NS,Sell,515.2388916015625
2014-09-03,INFY.NS,Buy,372.6155700683594
2014-09-03,INFY.NS,Buy,372.6155700683594
2014-09-03,SUNPHARMA.NS,Sell,804.2837524414062
2014-10-10,TECHM.NS,Sell,467.95172119140625
2014-10-10,INFY.NS,Buy,388.0220642089844
2014-10-10,INFY.NS,Buy,388.0220642089844
2014-10-10,WIPRO.NS,Sell,205.85610961914065
2014-10-13,INFY.NS,Sell,393.400390625
2014-10-13,SUNPHARMA.NS,Buy,750.2540283203125
2014-10-13,HCLTECH.NS,Buy,344.32275390625
2014-10-13,SUNPHARMA.NS,Sell,750.2540283203125
2014-12-23,HCLTECH.NS,Sell,302.69708251953125
2014-12-23,SUNPHARMA.NS,Buy,759.0267944335938
2014-12-23,TCS.NS,Buy,1042.4989013671875
2014-12-23,HCLTECH.NS,Sell,302.69708251953125
2015-02-06,INFY.NS,Sell,448.5674743652344
2015-02-06,WIPRO.NS,Buy,228.4098358154297
2015-02-06,INFY.NS,Buy,448.5674743652344
2015-02-06,TATAMOTORS.NS,Sell,551.7177734375
2015-05-06,TCS.NS,Sell,1022.3172607421876
2015-05-06,HCLTECH.NS,Buy,353.9923400878906
2015-05-06,TECHM.NS,Buy,487.26751708984375
2015-05-06,TCS.NS,Sell,1022.3172607421876
2015-10-01,SUNPHARMA.NS,Buy,831.541748046875
2015-10-01,HCLTECH.NS,Sell,342.2556457519531
2015-12-11,INFY.NS,Sell,433.8233642578125
2015-12-11,TATAMOTORS.NS,Buy,376.6231689453125
2015-12-11,INFY.NS,Buy,433.8233642578125
2015-12-11,WIPRO.NS,Sell,203.4495849609375
2016-01-05,TECHM.NS,Sell,422.6170654296875
2016-01-05,TCS.NS,Buy,988.2857055664062
2016-01-05,TECHM.NS,Buy,422.6170654296875
2016-01-05,TATAMOTORS.NS,Sell,373.1354675292969
2016-01-08,SUNPHARMA.NS,Sell,743.6265258789062
2016-01-08,HCLTECH.NS,Buy,332.7222900390625
2016-01-08,TECHM.NS,Sell,422.8194580078125
2016-01-08,TATAMOTORS.NS,Buy,352.10955810546875
2016-01-08,TECHM.NS,Buy,422.8194580078125
2016-01-08,SUNPHARMA.NS,Sell,743.6265258789062
2016-01-21,INFY.NS,Sell,468.5398864746094
2016-01-21,WIPRO.NS,Buy,198.02088928222656
2016-01-21,WIPRO.NS,Buy,198.02088928222656
2016-01-21,TECHM.NS,Sell,410.8349609375
2016-01-27,TECHM.NS,Sell,407.3529357910156
2016-01-27,SUNPHARMA.NS,Buy,768.9087524414062
2016-01-27,SUNPHARMA.NS,Buy,768.9087524414062
2016-01-27,TECHM.NS,Sell,407.3529357910156
2016-02-29,WIPRO.NS,Sell,188.7533416748047
2016-02-29,TECHM.NS,Buy,336.49835205078125
2016-02-29,TECHM.NS,Buy,336.49835205078125
2016-02-29,SUNPHARMA.NS,Sell,799.5751342773438
2016-04-01,SUNPHARMA.NS,Sell,763.2435913085938
2016-04-01,TECHM.NS,Buy,375.0028076171875
2016-04-01,HCLTECH.NS,Buy,331.9033508300781
2016-04-01,TECHM.NS,Sell,375.0028076171875
2016-04-20,INFY.NS,Buy,512.4456176757812
2016-04-20,TCS.NS,Sell,1033.4412841796875
2016-04-29,INFY.NS,Sell,497.8172302246094
2016-04-29,TCS.NS,Buy,1069.353515625
2016-04-29,TCS.NS,Buy,1069.353515625
2016-04-29,TATAMOTORS.NS,Sell,406.91644287109375
2016-05-20,TECHM.NS,Sell,385.3273010253906
2016-05-20,SUNPHARMA.NS,Buy,741.0045166015625
2016-05-20,WIPRO.NS,Buy,197.1524658203125
2016-05-20,TECHM.NS,Sell,385.3273010253906
2016-06-15,TCS.NS,Sell,1089.5450439453125
2016-06-15,TATAMOTORS.NS,Buy,450.5128784179687
2016-06-15,SUNPHARMA.NS,Buy,703.783447265625
2016-06-15,TATAMOTORS.NS,Sell,450.5128784179687
2016-08-02,SUNPHARMA.NS,Sell,776.1656494140625
2016-08-02,TATAMOTORS.NS,Buy,491.7673034667969
2016-08-02,INFY.NS,Buy,451.7974548339844
2016-08-02,TATAMOTORS.NS,Sell,491.7673034667969
2016-12-07,HCLTECH.NS,Sell,325.1681823730469
2016-12-07,TECHM.NS,Buy,373.3722229003906
2016-12-07,INFY.NS,Sell,407.1781311035156
2016-12-07,TATAMOTORS.NS,Buy,443.96630859375
2016-12-07,TATAMOTORS.NS,Buy,443.96630859375
2016-12-07,TECHM.NS,Sell,373.3722229003906
2017-01-25,TCS.NS,Buy,1010.849609375
2017-01-25,HCLTECH.NS,Sell,348.31317138671875
2017-05-04,TATAMOTORS.NS,Sell,435.143798828125
2017-05-04,TECHM.NS,Buy,343.4598693847656
2017-05-04,TCS.NS,Buy,1001.0120239257812
2017-05-04,TATAMOTORS.NS,Sell,435.143798828125
2017-06-12,TCS.NS,Sell,1068.5023193359375
2017-06-12,HCLTECH.NS,Buy,363.5671997070313
2017-06-12,SUNPHARMA.NS,Buy,499.31011962890625
2017-06-12,HCLTECH.NS,Sell,363.5671997070313
2017-09-13,WIPRO.NS,Sell,216.04312133789065
2017-09-13,TECHM.NS,Buy,369.791259765625
2017-09-13,SUNPHARMA.NS,Sell,471.93267822265625
2017-09-13,HCLTECH.NS,Buy,366.814208984375
2017-09-13,HCLTECH.NS,Buy,366.814208984375
2017-09-13,WIPRO.NS,Sell,216.04312133789065
2017-10-03,TECHM.NS,Buy,388.6667175292969
2017-10-03,SUNPHARMA.NS,Sell,474.4434814453125
2017-11-06,HCLTECH.NS,Sell,356.596435546875
2017-11-06,WIPRO.NS,Buy,218.92710876464844
2017-11-06,WIPRO.NS,Buy,218.92710876464844
2017-11-06,SUNPHARMA.NS,Sell,510.830322265625
2017-12-04,TECHM.NS,Sell,396.6363830566406
2017-12-04,SUNPHARMA.NS,Buy,491.52783203125
2017-12-04,HCLTECH.NS,Buy,357.82025146484375
2017-12-04,SUNPHARMA.NS,Sell,491.52783203125
2017-12-19,WIPRO.NS,Sell,213.4877166748047
2017-12-19,SUNPHARMA.NS,Buy,497.8991088867187
2017-12-19,SUNPHARMA.NS,Buy,497.8991088867187
2017-12-19,INFY.NS,Sell,435.4794006347656
2018-03-26,HCLTECH.NS,Sell,408.8883972167969
2018-03-26,SUNPHARMA.NS,Buy,474.9627075195313
2018-03-26,HCLTECH.NS,Buy,408.8883972167969
2018-03-26,WIPRO.NS,Sell,200.70660400390625
2018-05-02,TCS.NS,Sell,1532.362548828125
2018-05-02,TATAMOTORS.NS,Buy,335.0058898925781
2018-05-02,TATAMOTORS.NS,Buy,335.0058898925781
2018-05-02,TECHM.NS,Sell,555.8193359375
2018-05-14,SUNPHARMA.NS,Sell,447.21246337890625
2018-05-14,INFY.NS,Buy,515.8779296875
2018-05-14,TATAMOTORS.NS,Sell,322.5945739746094
2018-05-14,TECHM.NS,Buy,559.76220703125
2018-05-14,INFY.NS,Buy,515.8779296875
2018-05-14,TATAMOTORS.NS,Sell,322.5945739746094
2018-05-18,INFY.NS,Sell,513.2319946289062
2018-05-18,TATAMOTORS.NS,Buy,303.65362548828125
2018-05-18,TECHM.NS,Buy,581.3221435546875
2018-05-18,INFY.NS,Sell,513.2319946289062
2018-06-06,TECHM.NS,Sell,580.3155517578125
2018-06-06,INFY.NS,Buy,536.763671875
2018-06-06,TATAMOTORS.NS,Buy,294.7314147949219
2018-06-06,TECHM.NS,Sell,580.3155517578125
2018-08-01,SUNPHARMA.NS,Buy,542.4031982421875
2018-08-01,INFY.NS,Sell,591.984619140625
2018-08-14,TATAMOTORS.NS,Sell,248.0269775390625
2018-08-14,TECHM.NS,Buy,577.2178955078125
2018-08-14,SUNPHARMA.NS,Buy,568.0297241210938
2018-08-14,TATAMOTORS.NS,Sell,248.0269775390625
2019-01-18,SUNPHARMA.NS,Sell,369.93505859375
2019-01-18,INFY.NS,Buy,646.0962524414062
2019-01-18,TCS.NS,Buy,1688.7808837890625
2019-01-18,SUNPHARMA.NS,Sell,369.93505859375
2019-03-22,TCS.NS,Sell,1782.076416015625
2019-03-22,SUNPHARMA.NS,Buy,448.040283203125
2019-03-22,INFY.NS,Buy,660.4464721679688
2019-03-22,TCS.NS,Sell,1782.076416015625
2019-04-02,SUNPHARMA.NS,Sell,444.6794128417969
2019-04-02,TATAMOTORS.NS,Buy,202.3194274902344
2019-04-02,TATAMOTORS.NS,Buy,202.3194274902344
2019-04-02,SUNPHARMA.NS,Sell,444.6794128417969
2019-04-12,INFY.NS,Sell,664.579345703125
2019-04-12,TCS.NS,Buy,1789.940185546875
2019-04-12,TECHM.NS,Buy,673.7783813476562
2019-04-12,TCS.NS,Sell,1789.940185546875
2019-04-15,TECHM.NS,Sell,683.9448852539062
2019-04-15,TCS.NS,Buy,1877.7266845703125
2019-04-15,TCS.NS,Buy,1877.7266845703125
2019-04-15,INFY.NS,Sell,646.5816650390625
2019-06-24,TATAMOTORS.NS,Sell,158.8050537109375
2019-06-24,SUNPHARMA.NS,Buy,363.02392578125
2019-06-24,SUNPHARMA.NS,Buy,363.02392578125
2019-06-24,TECHM.NS,Sell,624.790283203125
2019-07-10,SUNPHARMA.NS,Sell,371.3078308105469
2019-07-10,TECHM.NS,Buy,578.9765625
2019-07-10,SUNPHARMA.NS,Buy,371.3078308105469
2019-07-10,TATAMOTORS.NS,Sell,151.17881774902344
2019-07-24,HCLTECH.NS,Sell,436.1856689453125
2019-07-24,WIPRO.NS,Buy,258.76593017578125
2019-07-24,SUNPHARMA.NS,Sell,402.88128662109375
2019-07-24,TATAMOTORS.NS,Buy,150.78005981445312
2019-07-24,HCLTECH.NS,Buy,436.1856689453125
2019-07-24,TATAMOTORS.NS,Sell,150.78005981445312
2020-01-13,TCS.NS,Sell,2005.7244873046875
2020-01-13,INFY.NS,Buy,705.997802734375
2020-01-13,TECHM.NS,Buy,688.8084106445312
2020-01-13,TCS.NS,Sell,2005.7244873046875
2020-01-16,TECHM.NS,Sell,686.178955078125
2020-01-16,TCS.NS,Buy,2050.0908203125
2020-01-16,TCS.NS,Buy,2050.0908203125
2020-01-16,WIPRO.NS,Sell,245.2987365722656
2020-08-07,HCLTECH.NS,Sell,595.5870971679688
2020-08-07,TATAMOTORS.NS,Buy,118.72994995117188
2020-08-07,TCS.NS,Buy,2133.05126953125
2020-08-07,HCLTECH.NS,Sell,595.5870971679688
2020-11-14,INFY.NS,Buy,1059.8143310546875
2020-11-14,TECHM.NS,Sell,766.8203125
2020-12-01,TCS.NS,Sell,2544.7978515625
2020-12-01,WIPRO.NS,Buy,346.9878234863281
2020-12-01,HCLTECH.NS,Buy,724.9861450195312
2020-12-01,WIPRO.NS,Sell,346.9878234863281
2021-02-18,INFY.NS,Sell,1208.4847412109375
2021-02-18,TECHM.NS,Buy,922.3931274414062
2021-02-18,TECHM.NS,Buy,922.3931274414062
2021-02-18,SUNPHARMA.NS,Sell,597.565673828125
2021-04-16,TCS.NS,Sell,2987.56201171875
2021-04-16,HCLTECH.NS,Buy,883.8037719726562
2021-04-16,TATAMOTORS.NS,Buy,309.0368347167969
2021-04-16,TCS.NS,Sell,2987.56201171875
2021-05-21,TECHM.NS,Sell,894.9202270507812
2021-05-21,SUNPHARMA.NS,Buy,669.6849365234375
2021-05-21,INFY.NS,Buy,1266.5035400390625
2021-05-21,SUNPHARMA.NS,Sell,669.6849365234375
2021-06-30,HCLTECH.NS,Sell,867.6704711914062
2021-06-30,WIPRO.NS,Buy,537.7909545898438
2021-06-30,INFY.NS,Sell,1494.0518798828125
2021-06-30,SUNPHARMA.NS,Buy,655.1834106445312
2021-06-30,SUNPHARMA.NS,Buy,655.1834106445312
2021-06-30,HCLTECH.NS,Sell,867.6704711914062
2021-08-30,TATAMOTORS.NS,Sell,291.04290771484375
2021-08-30,TCS.NS,Buy,3485.34619140625
2021-08-30,TATAMOTORS.NS,Buy,291.04290771484375
2021-08-30,TECHM.NS,Sell,1312.4698486328125
2022-02-16,SUNPHARMA.NS,Sell,851.668701171875
2022-02-16,HCLTECH.NS,Buy,1053.7445068359375
2022-02-16,TECHM.NS,Buy,1348.6954345703125
2022-02-16,SUNPHARMA.NS,Sell,851.668701171875
2022-04-05,HCLTECH.NS,Buy,1078.69384765625
2022-04-05,INFY.NS,Sell,1774.5587158203125
2022-05-31,TECHM.NS,Sell,1102.3531494140625
2022-05-31,SUNPHARMA.NS,Buy,843.5818481445312
2022-05-31,HCLTECH.NS,Buy,954.7896118164062
2022-05-31,SUNPHARMA.NS,Sell,843.5818481445312
2022-10-13,TATAMOTORS.NS,Sell,397.76031494140625
2022-10-13,TECHM.NS,Buy,959.8662719726562
2022-10-13,TATAMOTORS.NS,Buy,397.76031494140625
2022-10-13,WIPRO.NS,Sell,377.36376953125
2023-01-10,TATAMOTORS.NS,Sell,411.6170959472656
2023-01-10,WIPRO.NS,Buy,391.2498474121094
2023-01-10,TATAMOTORS.NS,Buy,411.6170959472656
2023-01-10,TECHM.NS,Sell,966.6217651367188
2023-10-18,HCLTECH.NS,Sell,1231.274658203125
2023-10-18,SUNPHARMA.NS,Buy,1146.8623046875
2023-10-18,SUNPHARMA.NS,Buy,1146.8623046875
2023-10-18,WIPRO.NS,Sell,406.5829162597656
2023-11-10,HCLTECH.NS,Sell,1229.3355712890625
2023-11-10,INFY.NS,Buy,1368.8499755859375
2023-11-10,TATAMOTORS.NS,Buy,651.0499877929688
2023-11-10,HCLTECH.NS,Sell,1229.3355712890625
2023-12-29,TATAMOTORS.NS,Sell,779.9500122070312
2023-12-29,HCLTECH.NS,Buy,1435.6038818359375
2023-12-29,SUNPHARMA.NS,Sell,1252.3111572265625
2023-12-29,WIPRO.NS,Buy,470.2969970703125
2023-12-29,TATAMOTORS.NS,Sell,779.9500122070312
2023-12-29,TECHM.NS,Buy,1272.6500244140625
2011-10-13,SBIN.NS,Buy,165.62261962890625
2011-10-13,MARUTI.NS,Sell,963.9857177734376
2012-07-19,SBIN.NS,Sell,192.83433532714844
2012-07-19,MARUTI.NS,Buy,1017.775634765625
2012-07-19,AXISBANK.NS,Buy,199.98309326171875
2012-07-19,MARUTI.NS,Sell,1017.775634765625
2012-09-12,ICICIBANK.NS,Buy,153.42929077148438
2012-09-12,POWERGRID.NS,Sell,43.805809020996094
2013-01-15,ICICIBANK.NS,Sell,194.69241333007812
2013-01-15,POWERGRID.NS,Buy,40.07111740112305
2013-01-15,ICICIBANK.NS,Buy,194.69241333007812
2013-01-15,SBIN.NS,Sell,222.47743225097656
2013-01-18,AXISBANK.NS,Sell,262.6048889160156
2013-01-18,MARUTI.NS,Buy,1418.5885009765625
2013-01-18,POWERGRID.NS,Buy,41.4783935546875
2013-01-18,AXISBANK.NS,Sell,262.6048889160156
2013-04-04,ICICIBANK.NS,Sell,163.08026123046875
2013-04-04,SBIN.NS,Buy,184.74783325195312
2013-04-04,MARUTI.NS,Buy,1201.9202880859375
2013-04-04,ICICIBANK.NS,Sell,163.08026123046875
2013-07-11,MARUTI.NS,Sell,1380.177734375
2013-07-11,ICICIBANK.NS,Buy,173.88829040527344
2013-07-11,SBIN.NS,Buy,174.12857055664062
2013-07-11,MARUTI.NS,Sell,1380.177734375
2014-01-07,POWERGRID.NS,Sell,36.635738372802734
2014-01-07,AXISBANK.NS,Buy,236.87828063964844
2014-01-07,MARUTI.NS,Buy,1701.912841796875
2014-01-07,POWERGRID.NS,Sell,36.635738372802734
2014-02-12,SBIN.NS,Sell,139.61441040039062
2014-02-12,MARUTI.NS,Buy,1519.2965087890625
2014-02-12,SBIN.NS,Buy,139.61441040039062
2014-02-12,POWERGRID.NS,Sell,35.48624038696289
2014-02-13,ICICIBANK.NS,Buy,161.6678924560547
2014-02-13,AXISBANK.NS,Sell,211.4007873535156
2014-02-17,SBIN.NS,Sell,134.24850463867188
2014-02-17,POWERGRID.NS,Buy,35.43062210083008
2014-02-17,AXISBANK.NS,Buy,214.03970336914065
2014-02-17,SBIN.NS,Sell,134.24850463867188
2014-04-25,ICICIBANK.NS,Sell,208.82379150390625
2014-04-25,AXISBANK.NS,Buy,294.15704345703125
2014-04-25,AXISBANK.NS,Buy,294.15704345703125
2014-04-25,ICICIBANK.NS,Sell,208.82379150390625
2014-11-21,AXISBANK.NS,Sell,462.4487609863281
2014-11-21,SBIN.NS,Buy,282.4300537109375
2014-11-21,ICICIBANK.NS,Buy,293.61798095703125
2014-11-21,AXISBANK.NS,Sell,462.4487609863281
2015-05-14,AXISBANK.NS,Sell,538.9498291015625
2015-05-14,ICICIBANK.NS,Buy,267.1606140136719
2015-05-14,SBIN.NS,Buy,259.73394775390625
2015-05-14,ICICIBANK.NS,Sell,267.1606140136719
2015-05-22,MARUTI.NS,Sell,3428.85595703125
2015-05-22,POWERGRID.NS,Buy,53.742698669433594
2015-05-22,SBIN.NS,Sell,261.1206970214844
2015-05-22,ICICIBANK.NS,Buy,266.0155029296875
2015-05-22,POWERGRID.NS,Buy,53.742698669433594
2015-05-22,ICICIBANK.NS,Sell,266.0155029296875
2015-06-17,POWERGRID.NS,Sell,54.06678771972656
2015-06-17,ICICIBANK.NS,Buy,260.0201721191406
2015-06-17,MARUTI.NS,Buy,3527.205322265625
2015-06-17,POWERGRID.NS,Sell,54.06678771972656
2015-11-27,ICICIBANK.NS,Sell,233.0129547119141
2015-11-27,AXISBANK.NS,Buy,460.3519287109375
2015-11-27,AXISBANK.NS,Buy,460.3519287109375
2015-11-27,MARUTI.NS,Sell,4266.89501953125
2016-08-12,MARUTI.NS,Sell,4563.6650390625
2016-08-12,POWERGRID.NS,Buy,68.9931640625
2016-08-12,SBIN.NS,Buy,230.7582244873047
2016-08-12,MARUTI.NS,Sell,4563.6650390625
2016-10-27,AXISBANK.NS,Sell,479.109375
2016-10-27,MARUTI.NS,Buy,5497.4384765625
2016-10-27,MARUTI.NS,Buy,5497.4384765625
2016-10-27,SBIN.NS,Sell,242.23448181152344
2017-04-20,SBIN.NS,Sell,270.1189270019531
2017-04-20,MARUTI.NS,Buy,5885.2041015625
2017-04-20,MARUTI.NS,Buy,5885.2041015625
2017-04-20,ICICIBANK.NS,Sell,240.18609619140625
2017-07-31,MARUTI.NS,Sell,7270.36376953125
2017-07-31,SBIN.NS,Buy,299.07147216796875
2017-07-31,MARUTI.NS,Buy,7270.36376953125
2017-07-31,AXISBANK.NS,Sell,517.8377075195312
2017-10-18,MARUTI.NS,Sell,7375.30078125
2017-10-18,AXISBANK.NS,Buy,462.7465515136719
2017-10-18,POWERGRID.NS,Buy,85.18643951416016
2017-10-18,AXISBANK.NS,Sell,462.7465515136719
2018-10-23,POWERGRID.NS,Sell,78.25752258300781
2018-10-23,AXISBANK.NS,Buy,560.6256713867188
2018-10-23,POWERGRID.NS,Buy,78.25752258300781
2018-10-23,SBIN.NS,Sell,244.6643829345703
2018-12-04,POWERGRID.NS,Sell,76.74115753173828
2018-12-04,SBIN.NS,Buy,270.408447265625
2018-12-04,POWERGRID.NS,Buy,76.74115753173828
2018-12-04,AXISBANK.NS,Sell,620.897216796875
2019-09-18,MARUTI.NS,Sell,5907.587890625
2019-09-18,ICICIBANK.NS,Buy,392.5774536132813
2019-09-18,POWERGRID.NS,Buy,86.38484954833984
2019-09-18,MARUTI.NS,Sell,5907.587890625
2019-09-20,POWERGRID.NS,Sell,83.88371276855469
2019-09-20,AXISBANK.NS,Buy,678.6234130859375
2019-09-20,MARUTI.NS,Buy,6389.20556640625
2019-09-20,POWERGRID.NS,Sell,83.88371276855469
2020-07-28,POWERGRID.NS,Sell,80.6321029663086
2020-07-28,MARUTI.NS,Buy,6089.5634765625
2020-07-28,MARUTI.NS,Buy,6089.5634765625
2020-07-28,ICICIBANK.NS,Sell,346.1287536621094
2020-10-19,MARUTI.NS,Sell,6700.94677734375
2020-10-19,POWERGRID.NS,Buy,72.43568420410156
2020-10-19,POWERGRID.NS,Buy,72.43568420410156
2020-10-19,MARUTI.NS,Sell,6700.94677734375
2021-01-20,MARUTI.NS,Sell,7965.45166015625
2021-01-20,ICICIBANK.NS,Buy,541.6555786132812
2021-01-20,MARUTI.NS,Buy,7965.45166015625
2021-01-20,POWERGRID.NS,Sell,91.26644897460938
2021-12-10,POWERGRID.NS,Sell,130.30618286132812
2021-12-10,MARUTI.NS,Buy,7308.3046875
2021-12-10,SBIN.NS,Buy,477.8131713867187
2021-12-10,POWERGRID.NS,Sell,130.30618286132812
2023-02-14,MARUTI.NS,Sell,8692.6484375
2023-02-14,POWERGRID.NS,Buy,152.59912109375
2023-02-14,SBIN.NS,Buy,530.5402221679688
2023-02-14,MARUTI.NS,Sell,8692.6484375
2023-12-29,SBIN.NS,Sell,642.0499877929688
2023-12-29,MARUTI.NS,Buy,10302.349609375
2023-12-29,SBIN.NS,Sell,642.0499877929688
2023-12-29,POWERGRID.NS,Buy,233.2993927001953
2011-02-11,NESTLEIND.NS,Buy,276.8858642578125
2011-02-11,INDUSINDBK.NS,Sell,196.7628631591797
2011-04-28,BAJAJFINSV.NS,Buy,53.139671325683594
2011-04-28,ITC.NS,Sell,92.6820297241211
2011-05-18,NESTLEIND.NS,Sell,353.8222961425781
2011-05-18,INDUSINDBK.NS,Buy,223.93133544921875
2011-05-18,TITAN.NS,Buy,190.6410675048828
2011-05-18,NESTLEIND.NS,Sell,353.8222961425781
2011-05-27,HDFCBANK.NS,Buy,206.48782348632812
2011-05-27,HINDUNILVR.NS,Sell,241.4751892089844
2011-06-08,HDFCBANK.NS,Sell,212.57553100585935
2011-06-08,HINDUNILVR.NS,Buy,250.63197326660156
2011-06-08,ULTRACEMCO.NS,Buy,979.7068481445312
2011-06-08,HINDUNILVR.NS,Sell,250.63197326660156
2011-06-17,ULTRACEMCO.NS,Sell,916.519775390625
2011-06-17,HINDUNILVR.NS,Buy,256.6298828125
2011-06-17,HINDUNILVR.NS,Buy,256.6298828125
2011-06-17,ULTRACEMCO.NS,Sell,916.519775390625
2011-06-20,BAJAJFINSV.NS,Sell,49.76180267333984
2011-06-20,ITC.NS,Buy,90.84197235107422
2011-06-20,TITAN.NS,Buy,215.85992431640625
2011-06-20,BAJAJFINSV.NS,Sell,49.76180267333984
2011-08-02,TITAN.NS,Sell,214.9439239501953
2011-08-02,NESTLEIND.NS,Buy,369.9789733886719
2011-08-02,TITAN.NS,Sell,214.9439239501953
2011-08-02,BAJAJFINSV.NS,Buy,50.82939529418945
2011-08-02,TITAN.NS,Buy,214.9439239501953
2011-08-02,ITC.NS,Sell,99.7580795288086
2011-08-26,TITAN.NS,Sell,189.57904052734375
2011-08-26,ITC.NS,Buy,95.9090576171875
2011-08-26,BAJAJFINSV.NS,Buy,48.72587966918945
2011-08-26,ITC.NS,Sell,95.9090576171875
2011-11-08,BAJAJFINSV.NS,Sell,51.99046325683594
2011-11-08,ITC.NS,Buy,102.70574951171876
2011-11-08,TITAN.NS,Buy,208.4617462158203
2011-11-08,BAJAJFINSV.NS,Sell,51.99046325683594
2012-01-04,HINDUNILVR.NS,Sell,322.5335388183594
2012-01-04,ULTRACEMCO.NS,Buy,1091.9632568359375
2012-01-04,INDUSINDBK.NS,Buy,227.1124267578125
2012-01-04,ULTRACEMCO.NS,Sell,1091.9632568359375
2012-03-07,HINDUNILVR.NS,Buy,314.01043701171875
2012-03-07,NESTLEIND.NS,Sell,385.220947265625
2012-03-12,TITAN.NS,Sell,231.1961975097656
2012-03-12,BAJAJFINSV.NS,Buy,59.729286193847656
2012-03-12,TITAN.NS,Buy,231.1961975097656
2012-03-12,ITC.NS,Sell,100.75687408447266
2012-05-03,TITAN.NS,Sell,231.47804260253903
2012-05-03,ITC.NS,Buy,117.76081848144533
2012-05-03,TITAN.NS,Buy,231.47804260253903
2012-05-03,KOTAKBANK.NS,Sell,288.80279541015625
2012-05-04,HINDUNILVR.NS,Sell,354.7094421386719
2012-05-04,NESTLEIND.NS,Buy,399.0284729003906
2012-05-04,HINDUNILVR.NS,Buy,354.7094421386719
2012-05-04,BAJAJFINSV.NS,Sell,68.2793960571289
2012-05-18,NESTLEIND.NS,Buy,410.5056762695313
2012-05-18,ASIANPAINT.NS,Sell,337.08074951171875
2012-05-31,INDUSINDBK.NS,Sell,278.71832275390625
2012-05-31,ULTRACEMCO.NS,Buy,1361.5831298828125
2012-05-31,NESTLEIND.NS,Sell,393.50823974609375
2012-05-31,ASIANPAINT.NS,Buy,366.2709655761719
2012-05-31,ASIANPAINT.NS,Buy,366.2709655761719
2012-05-31,INDUSINDBK.NS,Sell,278.71832275390625
2012-06-14,HINDUNILVR.NS,Sell,359.52154541015625
2012-06-14,BAJAJFINSV.NS,Buy,62.85784912109375
2012-06-14,NESTLEIND.NS,Buy,396.670166015625
2012-06-14,BAJAJFINSV.NS,Sell,62.85784912109375
2012-06-27,TITAN.NS,Sell,203.341796875
2012-06-27,KOTAKBANK.NS,Buy,283.1225280761719
2012-06-27,NESTLEIND.NS,Sell,393.0365905761719
2012-06-27,BAJAJFINSV.NS,Buy,62.566368103027344
2012-06-27,BAJAJFINSV.NS,Buy,62.566368103027344
2012-06-27,KOTAKBANK.NS,Sell,283.1225280761719
2012-08-01,ITC.NS,Buy,128.63400268554688
2012-08-01,TITAN.NS,Sell,209.96153259277344
2012-08-02,ASIANPAINT.NS,Sell,335.223388671875
2012-08-02,INDUSINDBK.NS,Buy,306.7762451171875
2012-08-02,ASIANPAINT.NS,Buy,335.223388671875
2012-08-02,NESTLEIND.NS,Sell,385.857177734375
2012-08-03,ITC.NS,Sell,128.78297424316406
2012-08-03,TITAN.NS,Buy,216.30535888671875
2012-08-03,TITAN.NS,Buy,216.30535888671875
2012-08-03,ULTRACEMCO.NS,Sell,1566.0333251953125
2012-08-29,TITAN.NS,Sell,209.77215576171875
2012-08-29,ULTRACEMCO.NS,Buy,1649.8692626953125
2012-08-29,ITC.NS,Buy,133.74859619140625
2012-08-29,ULTRACEMCO.NS,Sell,1649.8692626953125
2012-09-04,ITC.NS,Sell,132.33340454101562
2012-09-04,ULTRACEMCO.NS,Buy,1604.5223388671875
2012-09-04,TITAN.NS,Buy,213.65419006347656
2012-09-04,ITC.NS,Sell,132.33340454101562
2012-09-13,HINDUNILVR.NS,Buy,450.2610473632813
2012-09-13,ULTRACEMCO.NS,Sell,1650.8302001953125
2012-09-17,HINDUNILVR.NS,Sell,437.7503356933594
2012-09-17,ULTRACEMCO.NS,Buy,1694.1588134765625
2012-09-17,ULTRACEMCO.NS,Buy,1694.1588134765625
2012-09-17,HINDUNILVR.NS,Sell,437.7503356933594
2012-10-04,ASIANPAINT.NS,Sell,355.6693115234375
2012-10-04,NESTLEIND.NS,Buy,402.1865539550781
2012-10-04,ULTRACEMCO.NS,Sell,1904.2237548828125
2012-10-04,HINDUNILVR.NS,Buy,457.2159729003906
2012-10-04,HINDUNILVR.NS,Buy,457.2159729003906
2012-10-04,ASIANPAINT.NS,Sell,355.6693115234375
2012-10-29,BAJAJFINSV.NS,Sell,85.07450103759766
2012-10-29,KOTAKBANK.NS,Buy,302.9713439941406
2012-10-29,HDFCBANK.NS,Buy,291.37225341796875
2012-10-29,BAJAJFINSV.NS,Sell,85.07450103759766
2012-11-15,BAJFINANCE.NS,Buy,127.47373962402344
2012-11-15,NESTLEIND.NS,Sell,413.9380187988281
2012-12-20,HINDUNILVR.NS,Sell,444.96234130859375
2012-12-20,ASIANPAINT.NS,Buy,409.0163269042969
2012-12-20,ASIANPAINT.NS,Buy,409.0163269042969
2012-12-20,BAJAJFINSV.NS,Sell,90.76332092285156
2012-12-24,HINDUNILVR.NS,Buy,444.1271667480469
2012-12-24,INDUSINDBK.NS,Sell,399.4153747558594
2012-12-27,BAJFINANCE.NS,Sell,124.45417022705078
2012-12-27,NESTLEIND.NS,Buy,435.7243957519531
2012-12-27,BAJFINANCE.NS,Buy,124.45417022705078
2012-12-27,ULTRACEMCO.NS,Sell,1889.4283447265625
2013-01-18,TITAN.NS,Sell,259.67059326171875
2013-01-18,ITC.NS,Buy,142.73635864257812
2013-01-18,BAJFINANCE.NS,Sell,127.61799621582033
2013-01-18,ULTRACEMCO.NS,Buy,1834.330322265625
2013-01-18,TITAN.NS,Buy,259.67059326171875
2013-01-18,BAJFINANCE.NS,Sell,127.61799621582033
2013-01-25,TITAN.NS,Sell,259.8599548339844
2013-01-25,BAJFINANCE.NS,Buy,125.24034881591795
2013-01-25,TITAN.NS,Buy,259.8599548339844
2013-01-25,ULTRACEMCO.NS,Sell,1841.3916015625
2013-02-06,HINDUNILVR.NS,Sell,379.4333801269531
2013-02-06,INDUSINDBK.NS,Buy,403.739501953125
2013-02-06,ULTRACEMCO.NS,Buy,1885.5855712890625
2013-02-06,INDUSINDBK.NS,Sell,403.739501953125
2013-02-11,HDFCBANK.NS,Sell,298.8089599609375
2013-02-11,BAJAJFINSV.NS,Buy,81.58589935302734
2013-02-11,HDFCBANK.NS,Buy,298.8089599609375
2013-02-11,NESTLEIND.NS,Sell,405.32025146484375
2013-02-12,ASIANPAINT.NS,Sell,415.026123046875
2013-02-12,BAJAJFINSV.NS,Buy,80.18846893310547
2013-02-12,HINDUNILVR.NS,Buy,384.236328125
2013-02-12,ASIANPAINT.NS,Sell,415.026123046875
2013-02-13,ULTRACEMCO.NS,Sell,1866.9951171875
2013-02-13,INDUSINDBK.NS,Buy,414.220703125
2013-02-13,INDUSINDBK.NS,Buy,414.220703125
2013-02-13,KOTAKBANK.NS,Sell,331.6000061035156
2013-02-21,INDUSINDBK.NS,Sell,402.4234924316406
2013-02-21,KOTAKBANK.NS,Buy,327.9002990722656
2013-02-21,BAJAJFINSV.NS,Buy,82.38868713378906
2013-02-21,INDUSINDBK.NS,Sell,402.4234924316406
2013-02-22,HDFCBANK.NS,Sell,299.8777770996094
2013-02-22,NESTLEIND.NS,Buy,407.481201171875
2013-02-22,NESTLEIND.NS,Buy,407.481201171875
2013-02-22,BAJFINANCE.NS,Sell,118.67018127441406
2013-03-11,TITAN.NS,Sell,237.5618896484375
2013-03-11,ULTRACEMCO.NS,Buy,1822.5130615234375
2013-03-11,HDFCBANK.NS,Buy,298.0357360839844
2013-03-11,TITAN.NS,Sell,237.5618896484375
2013-03-14,BAJAJFINSV.NS,Sell,78.83563232421875
2013-03-14,INDUSINDBK.NS,Buy,405.2904968261719
2013-03-14,BAJFINANCE.NS,Buy,121.29442596435548
2013-03-14,BAJAJFINSV.NS,Sell,78.83563232421875
2013-04-02,HINDUNILVR.NS,Sell,393.3411254882813
2013-04-02,ASIANPAINT.NS,Buy,450.0771789550781
2013-04-02,HDFCBANK.NS,Sell,286.5054016113281
2013-04-02,TITAN.NS,Buy,246.46218872070312
2013-04-02,HDFCBANK.NS,Buy,286.5054016113281
2013-04-02,ASIANPAINT.NS,Sell,450.0771789550781
2013-04-15,ULTRACEMCO.NS,Buy,1798.8309326171875
2013-04-15,TITAN.NS,Sell,226.6259307861328
2013-05-14,HDFCBANK.NS,Sell,313.4093933105469
2013-05-14,ASIANPAINT.NS,Buy,437.0682067871094
2013-05-14,ASIANPAINT.NS,Buy,437.0682067871094
2013-05-14,HDFCBANK.NS,Sell,313.4093933105469
2013-05-28,NESTLEIND.NS,Sell,463.5247192382813
2013-05-28,BAJFINANCE.NS,Buy,141.25399780273438
2013-05-28,ULTRACEMCO.NS,Sell,1902.494140625
2013-05-28,TITAN.NS,Buy,280.9271545410156
2013-05-28,TITAN.NS,Buy,280.9271545410156
2013-05-28,BAJFINANCE.NS,Sell,141.25399780273438
2013-07-23,KOTAKBANK.NS,Buy,362.9260559082031
2013-07-23,ULTRACEMCO.NS,Sell,1844.211669921875
2013-08-16,BAJFINANCE.NS,Sell,111.33853912353516
2013-08-16,BAJAJFINSV.NS,Buy,58.04036331176758
2013-08-16,KOTAKBANK.NS,Sell,314.2857360839844
2013-08-16,ULTRACEMCO.NS,Buy,1625.4429931640625
2013-08-16,BAJAJFINSV.NS,Buy,58.04036331176758
2013-08-16,KOTAKBANK.NS,Sell,314.2857360839844
2013-10-03,TITAN.NS,Sell,228.66973876953125
2013-10-03,BAJFINANCE.NS,Buy,116.62378692626952
2013-10-03,BAJFINANCE.NS,Buy,116.62378692626952
2013-10-03,ITC.NS,Sell,170.7399139404297
2013-11-06,ASIANPAINT.NS,Sell,513.4299926757812
2013-11-06,HDFCBANK.NS,Buy,306.78564453125
2013-11-06,BAJAJFINSV.NS,Buy,66.3949966430664
2013-11-06,HDFCBANK.NS,Sell,306.78564453125
2013-12-05,BAJFINANCE.NS,Sell,140.57676696777344
2013-12-05,ITC.NS,Buy,155.61904907226562
2013-12-05,BAJFINANCE.NS,Buy,140.57676696777344
2013-12-05,HINDUNILVR.NS,Sell,481.2789916992187
2013-12-09,BAJAJFINSV.NS,Sell,72.37039947509766
2013-12-09,KOTAKBANK.NS,Buy,379.7278137207031
2013-12-09,ULTRACEMCO.NS,Buy,1861.4410400390625
2013-12-09,BAJAJFINSV.NS,Sell,72.37039947509766
2013-12-17,BAJFINANCE.NS,Sell,143.24842834472656
2013-12-17,HINDUNILVR.NS,Buy,474.0428771972656
2013-12-17,TITAN.NS,Buy,219.31288146972656
2013-12-17,BAJFINANCE.NS,Sell,143.24842834472656
2014-01-10,BAJAJFINSV.NS,Sell,72.67339324951172
2014-01-10,HDFCBANK.NS,Buy,303.6438903808594
2014-01-10,ITC.NS,Buy,162.599853515625
2014-01-10,BAJAJFINSV.NS,Sell,72.67339324951172
2014-01-15,INDUSINDBK.NS,Buy,401.96380615234375
2014-01-15,NESTLEIND.NS,Sell,465.324462890625
2014-01-23,TITAN.NS,Sell,215.1595916748047
2014-01-23,BAJFINANCE.NS,Buy,152.3959503173828
2014-01-23,TITAN.NS,Buy,215.1595916748047
2014-01-23,KOTAKBANK.NS,Sell,350.5982360839844
2014-02-12,HDFCBANK.NS,Buy,296.0304870605469
2014-02-12,HINDUNILVR.NS,Sell,484.769287109375
2014-02-14,HDFCBANK.NS,Sell,294.3564147949219
2014-02-14,HINDUNILVR.NS,Buy,476.93743896484375
2014-02-14,HDFCBANK.NS,Buy,294.3564147949219
2014-02-14,ASIANPAINT.NS,Sell,439.4852600097656
2014-04-01,TITAN.NS,Sell,253.15980529785156
2014-04-01,KOTAKBANK.NS,Buy,379.6282958984375
2014-04-01,TITAN.NS,Buy,253.15980529785156
2014-04-01,HDFCBANK.NS,Sell,338.5236511230469
2014-04-11,KOTAKBANK.NS,Buy,400.4812927246094
2014-04-11,BAJFINANCE.NS,Sell,170.59909057617188
2014-04-21,ULTRACEMCO.NS,Sell,2142.080810546875
2014-04-21,BAJAJFINSV.NS,Buy,78.78290557861328
2014-04-21,BAJAJFINSV.NS,Buy,78.78290557861328
2014-04-21,HINDUNILVR.NS,Sell,510.01025390625
2014-05-06,ITC.NS,Sell,175.37698364257812
2014-05-06,BAJAJFINSV.NS,Buy,81.8376693725586
2014-05-06,TITAN.NS,Sell,258.9363098144531
2014-05-06,HDFCBANK.NS,Buy,330.31396484375
2014-05-06,BAJAJFINSV.NS,Sell,81.8376693725586
2014-05-06,HINDUNILVR.NS,Buy,471.3614196777344
2014-05-06,TITAN.NS,Buy,258.9363098144531
2014-05-06,BAJAJFINSV.NS,Sell,81.8376693725586
2014-05-13,KOTAKBANK.NS,Sell,428.0201416015625
2014-05-13,BAJFINANCE.NS,Buy,181.96815490722656
2014-05-13,ULTRACEMCO.NS,Buy,2143.33544921875
2014-05-13,BAJFINANCE.NS,Sell,181.96815490722656
2014-05-15,TITAN.NS,Sell,303.0470886230469
2014-05-15,BAJAJFINSV.NS,Buy,81.35088348388672
2014-05-15,HINDUNILVR.NS,Buy,501.3695983886719
2014-05-15,BAJAJFINSV.NS,Sell,81.35088348388672
2014-05-20,HINDUNILVR.NS,Sell,478.93798828125
2014-05-20,BAJAJFINSV.NS,Buy,86.91402435302734
2014-05-20,BAJAJFINSV.NS,Buy,86.91402435302734
2014-05-20,ITC.NS,Sell,171.79840087890625
2014-05-30,HINDUNILVR.NS,Buy,513.6282348632812
2014-05-30,TITAN.NS,Sell,295.981689453125
2014-06-11,HINDUNILVR.NS,Sell,539.0973510742188
2014-06-11,TITAN.NS,Buy,314.02703857421875
2014-06-11,KOTAKBANK.NS,Buy,461.5738220214844
2014-06-11,TITAN.NS,Sell,314.02703857421875
2014-06-12,HDFCBANK.NS,Sell,388.4485778808594
2014-06-12,ASIANPAINT.NS,Buy,510.5946960449219
2014-06-12,HDFCBANK.NS,Buy,388.4485778808594
2014-06-12,BAJFINANCE.NS,Sell,199.45492553710935
2014-07-07,BAJAJFINSV.NS,Sell,95.34335327148438
2014-07-07,ITC.NS,Buy,171.81112670898438
2014-07-07,HDFCBANK.NS,Sell,388.7260437011719
2014-07-07,BAJFINANCE.NS,Buy,216.7247772216797
2014-07-07,BAJAJFINSV.NS,Buy,95.34335327148438
2014-07-07,HDFCBANK.NS,Sell,388.7260437011719
2014-08-28,ULTRACEMCO.NS,Sell,2470.446044921875
2014-08-28,BAJFINANCE.NS,Buy,241.06654357910156
2014-08-28,HINDUNILVR.NS,Buy,639.5348510742188
2014-08-28,ULTRACEMCO.NS,Sell,2470.446044921875
2014-09-02,HINDUNILVR.NS,Sell,631.1363525390625
2014-09-02,ULTRACEMCO.NS,Buy,2634.364501953125
2014-09-02,ULTRACEMCO.NS,Buy,2634.364501953125
2014-09-02,HINDUNILVR.NS,Sell,631.1363525390625
2014-09-12,ULTRACEMCO.NS,Sell,2556.95849609375
2014-09-12,HINDUNILVR.NS,Buy,652.4988403320312
2014-09-12,ITC.NS,Buy,182.51087951660156
2014-09-12,ULTRACEMCO.NS,Sell,2556.95849609375
2014-09-22,INDUSINDBK.NS,Sell,611.783447265625
2014-09-22,NESTLEIND.NS,Buy,538.9645385742188
2014-09-22,INDUSINDBK.NS,Buy,611.783447265625
2014-09-22,ASIANPAINT.NS,Sell,613.1406860351562
2014-10-10,BAJAJFINSV.NS,Sell,108.86360168457033
2014-10-10,HDFCBANK.NS,Buy,401.1447143554687
2014-10-10,INDUSINDBK.NS,Sell,593.4075317382812
2014-10-10,ASIANPAINT.NS,Buy,623.0034790039062
2014-10-10,ASIANPAINT.NS,Buy,623.0034790039062
2014-10-10,BAJAJFINSV.NS,Sell,108.86360168457033
2014-11-03,KOTAKBANK.NS,Sell,552.4905395507812
2014-11-03,TITAN.NS,Buy,367.7448425292969
2014-11-03,HINDUNILVR.NS,Buy,642.5648803710938
2014-11-03,TITAN.NS,Sell,367.7448425292969
2014-11-21,ASIANPAINT.NS,Sell,650.1499633789062
2014-11-21,BAJAJFINSV.NS,Buy,106.84825897216795
2014-11-21,BAJAJFINSV.NS,Buy,106.84825897216795
2014-11-21,HINDUNILVR.NS,Sell,653.9859619140625
2015-01-07,HINDUNILVR.NS,Sell,696.4558715820312
2015-01-07,TITAN.NS,Buy,360.00836181640625
2015-01-07,HINDUNILVR.NS,Buy,696.4558715820312
2015-01-07,INDUSINDBK.NS,Sell,754.02978515625
2015-01-09,HDFCBANK.NS,Buy,451.2589721679687
2015-01-09,TITAN.NS,Sell,358.3746032714844
2015-01-13,HINDUNILVR.NS,Sell,768.238037109375
2015-01-13,INDUSINDBK.NS,Buy,785.9734497070312
2015-01-13,INDUSINDBK.NS,Buy,785.9734497070312
2015-01-13,TITAN.NS,Sell,357.7018737792969
2015-03-02,ITC.NS,Sell,176.14747619628906
2015-03-02,ULTRACEMCO.NS,Buy,3264.606689453125
2015-03-02,ULTRACEMCO.NS,Buy,3264.606689453125
2015-03-02,ITC.NS,Sell,176.14747619628906
2015-03-17,BAJAJFINSV.NS,Sell,146.26943969726562
2015-03-17,HINDUNILVR.NS,Buy,809.2750244140625
2015-03-17,ASIANPAINT.NS,Buy,780.9501953125
2015-03-17,HINDUNILVR.NS,Sell,809.2750244140625
2015-04-23,HDFCBANK.NS,Sell,468.7653503417969
2015-04-23,TITAN.NS,Buy,387.734619140625
2015-04-23,TITAN.NS,Buy,387.734619140625
2015-04-23,BAJFINANCE.NS,Sell,416.9600524902344
2015-08-17,KOTAKBANK.NS,Buy,716.753173828125
2015-08-17,BAJAJFINSV.NS,Sell,193.5464782714844
2015-11-16,INDUSINDBK.NS,Sell,872.37939453125
2015-11-16,TITAN.NS,Buy,347.9712219238281
2015-11-16,ASIANPAINT.NS,Sell,758.6666870117188
2015-11-16,HINDUNILVR.NS,Buy,693.92236328125
2015-11-16,TITAN.NS,Buy,347.9712219238281
2015-11-16,HINDUNILVR.NS,Sell,693.92236328125
2015-11-17,TITAN.NS,Sell,346.7135925292969
2015-11-17,BAJFINANCE.NS,Buy,511.94970703125
2015-11-17,KOTAKBANK.NS,Buy,674.2838134765625
2015-11-17,BAJFINANCE.NS,Sell,511.94970703125
2015-11-23,ULTRACEMCO.NS,Sell,2720.667236328125
2015-11-23,ITC.NS,Buy,176.5308837890625
2015-11-23,NESTLEIND.NS,Buy,552.1837158203125
2015-11-23,ITC.NS,Sell,176.5308837890625
2015-11-24,NESTLEIND.NS,Sell,544.5188598632812
2015-11-24,ITC.NS,Buy,175.82424926757812
2015-11-24,ULTRACEMCO.NS,Buy,2699.630859375
2015-11-24,NESTLEIND.NS,Sell,544.5188598632812
2015-12-31,KOTAKBANK.NS,Sell,717.0021362304688
2015-12-31,BAJAJFINSV.NS,Buy,198.03944396972656
2015-12-31,BAJAJFINSV.NS,Buy,198.03944396972656
2015-12-31,ASIANPAINT.NS,Sell,836.9060668945312
2016-01-05,BAJAJFINSV.NS,Sell,193.8652801513672
2016-01-05,ASIANPAINT.NS,Buy,853.1033935546875
2016-01-05,ASIANPAINT.NS,Buy,853.1033935546875
2016-01-05,INDUSINDBK.NS,Sell,894.2271728515625
2016-02-03,KOTAKBANK.NS,Sell,662.7328491210938
2016-02-03,BAJFINANCE.NS,Buy,624.447509765625
2016-02-03,BAJFINANCE.NS,Buy,624.447509765625
2016-02-03,KOTAKBANK.NS,Sell,662.7328491210938
2016-02-29,ULTRACEMCO.NS,Sell,2690.060546875
2016-02-29,NESTLEIND.NS,Buy,451.514892578125
2016-02-29,INDUSINDBK.NS,Buy,793.5936889648438
2016-02-29,NESTLEIND.NS,Sell,451.514892578125
2016-04-12,ASIANPAINT.NS,Sell,821.135009765625
2016-04-12,INDUSINDBK.NS,Buy,926.4490356445312
2016-04-12,INDUSINDBK.NS,Sell,926.4490356445312
2016-04-12,NESTLEIND.NS,Buy,554.27783203125
2016-04-12,INDUSINDBK.NS,Buy,926.4490356445312
2016-04-12,HDFCBANK.NS,Sell,495.3555908203125
2016-05-06,ASIANPAINT.NS,Buy,842.11572265625
2016-05-06,BAJAJFINSV.NS,Sell,186.8045196533203
2016-05-16,BAJFINANCE.NS,Sell,762.7531127929688
2016-05-16,KOTAKBANK.NS,Buy,715.2096557617188
2016-05-16,NESTLEIND.NS,Buy,566.5980834960938
2016-05-16,KOTAKBANK.NS,Sell,715.2096557617188
2016-06-06,ASIANPAINT.NS,Sell,972.1201782226562
2016-06-06,BAJAJFINSV.NS,Buy,186.09146118164065
2016-06-06,BAJAJFINSV.NS,Buy,186.09146118164065
2016-06-06,BAJFINANCE.NS,Sell,763.0475463867188
2016-07-07,INDUSINDBK.NS,Sell,1061.291748046875
2016-07-07,HDFCBANK.NS,Buy,557.0451049804688
2016-07-07,HDFCBANK.NS,Buy,557.0451049804688
2016-07-07,ULTRACEMCO.NS,Sell,3295.591552734375
2016-07-08,INDUSINDBK.NS,Buy,1081.741943359375
2016-07-08,ITC.NS,Sell,194.1129150390625
2016-07-19,TITAN.NS,Sell,402.3626403808594
2016-07-19,HINDUNILVR.NS,Buy,800.9442749023438
2016-07-19,NESTLEIND.NS,Buy,601.8486938476562
2016-07-19,HINDUNILVR.NS,Sell,800.9442749023438
2016-07-21,INDUSINDBK.NS,Sell,1091.294921875
2016-07-21,ITC.NS,Buy,197.86331176757812
2016-07-21,INDUSINDBK.NS,Buy,1091.294921875
2016-07-21,TITAN.NS,Sell,398.41937255859375
2016-08-09,BAJAJFINSV.NS,Sell,259.76513671875
2016-08-09,BAJFINANCE.NS,Buy,999.9893188476562
2016-08-09,NESTLEIND.NS,Sell,625.56640625
2016-08-09,HINDUNILVR.NS,Buy,835.9293212890625
2016-08-09,HINDUNILVR.NS,Buy,835.9293212890625
2016-08-09,BAJFINANCE.NS,Sell,999.9893188476562
2016-08-11,HDFCBANK.NS,Sell,577.0595703125
2016-08-11,ULTRACEMCO.NS,Buy,3611.52001953125
2016-08-11,HINDUNILVR.NS,Sell,837.1820678710938
2016-08-11,BAJFINANCE.NS,Buy,983.044189453125
2016-08-11,HINDUNILVR.NS,Buy,837.1820678710938
2016-08-11,ULTRACEMCO.NS,Sell,3611.52001953125
2016-08-16,NESTLEIND.NS,Sell,612.5827026367188
2016-08-16,KOTAKBANK.NS,Buy,770.0255737304688
2016-08-16,KOTAKBANK.NS,Buy,770.0255737304688
2016-08-16,ASIANPAINT.NS,Sell,1075.724609375
2016-10-24,KOTAKBANK.NS,Sell,784.5233154296875
2016-10-24,ASIANPAINT.NS,Buy,1073.67724609375
2016-10-24,KOTAKBANK.NS,Buy,784.5233154296875
2016-10-24,BAJAJFINSV.NS,Sell,321.2171936035156
2017-02-02,INDUSINDBK.NS,Sell,1232.7652587890625
2017-02-02,TITAN.NS,Buy,379.0435791015625
2017-02-02,TITAN.NS,Buy,379.0435791015625
2017-02-02,HINDUNILVR.NS,Sell,762.72314453125
2017-03-21,TITAN.NS,Sell,451.48345947265625
2017-03-21,HINDUNILVR.NS,Buy,815.1923828125
2017-03-21,HDFCBANK.NS,Buy,676.9907836914062
2017-03-21,TITAN.NS,Sell,451.48345947265625
2017-03-22,HDFCBANK.NS,Sell,672.26904296875
2017-03-22,TITAN.NS,Buy,434.00640869140625
2017-03-22,NESTLEIND.NS,Buy,577.0415649414062
2017-03-22,HDFCBANK.NS,Sell,672.26904296875
2017-03-29,HINDUNILVR.NS,Sell,823.4035034179688
2017-03-29,ULTRACEMCO.NS,Buy,3896.70751953125
2017-03-29,HINDUNILVR.NS,Buy,823.4035034179688
2017-03-29,KOTAKBANK.NS,Sell,854.5211181640625
2017-04-05,TITAN.NS,Buy,478.79443359375
2017-04-05,INDUSINDBK.NS,Sell,1345.0484619140625
2017-04-05,KOTAKBANK.NS,Sell,886.6553955078125
2017-04-05,BAJAJFINSV.NS,Buy,411.75482177734375
2017-04-05,HINDUNILVR.NS,Sell,843.9762573242188
2017-04-05,KOTAKBANK.NS,Buy,886.6553955078125
2017-04-05,KOTAKBANK.NS,Buy,886.6553955078125
2017-04-05,ITC.NS,Sell,220.2473297119141
2017-04-10,BAJFINANCE.NS,Buy,1218.822265625
2017-04-10,ULTRACEMCO.NS,Sell,3954.7294921875
2017-04-28,NESTLEIND.NS,Sell,609.4486083984375
2017-04-28,HDFCBANK.NS,Buy,726.58056640625
2017-04-28,BAJFINANCE.NS,Sell,1253.64599609375
2017-04-28,ULTRACEMCO.NS,Buy,4139.90234375
2017-04-28,NESTLEIND.NS,Buy,609.4486083984375
2017-04-28,BAJFINANCE.NS,Sell,1253.64599609375
2017-04-28,TITAN.NS,Sell,457.86090087890625
2017-04-28,INDUSINDBK.NS,Buy,1387.2928466796875
2017-04-28,BAJAJFINSV.NS,Buy,456.3179626464844
2017-04-28,INDUSINDBK.NS,Sell,1387.2928466796875
2017-05-15,NESTLEIND.NS,Sell,601.4459228515625
2017-05-15,BAJFINANCE.NS,Buy,1309.3929443359375
2017-05-15,BAJFINANCE.NS,Buy,1309.3929443359375
2017-05-15,TITAN.NS,Sell,470.9078674316406
2017-06-22,KOTAKBANK.NS,Sell,994.3174438476562
2017-06-22,ITC.NS,Buy,249.50230407714844
2017-06-22,BAJFINANCE.NS,Sell,1377.0262451171875
2017-06-22,TITAN.NS,Buy,506.2028503417969
2017-06-22,KOTAKBANK.NS,Buy,994.3174438476562
2017-06-22,TITAN.NS,Sell,506.2028503417969
2017-07-13,HINDUNILVR.NS,Buy,1033.047119140625
2017-07-13,NESTLEIND.NS,Sell,621.0752563476562
2017-07-17,KOTAKBANK.NS,Sell,976.7940673828124
2017-07-17,TITAN.NS,Buy,519.6879272460938
2017-07-17,KOTAKBANK.NS,Buy,976.7940673828124
2017-07-17,ITC.NS,Sell,260.6029357910156
2017-08-09,ASIANPAINT.NS,Buy,1105.0428466796875
2017-08-09,HDFCBANK.NS,Sell,834.4866333007812
2017-08-29,ASIANPAINT.NS,Sell,1101.3612060546875
2017-08-29,HDFCBANK.NS,Buy,825.831787109375
2017-08-29,ASIANPAINT.NS,Buy,1101.3612060546875
2017-08-29,ULTRACEMCO.NS,Sell,3840.06982421875
2017-11-03,HINDUNILVR.NS,Sell,1135.801513671875
2017-11-03,NESTLEIND.NS,Buy,680.04296875
2017-11-03,ASIANPAINT.NS,Sell,1123.722412109375
2017-11-03,ULTRACEMCO.NS,Buy,4273.2451171875
2017-11-03,NESTLEIND.NS,Buy,680.04296875
2017-11-03,ASIANPAINT.NS,Sell,1123.722412109375
2017-11-20,NESTLEIND.NS,Sell,708.598876953125
2017-11-20,ASIANPAINT.NS,Buy,1117.8758544921875
2017-11-20,BAJFINANCE.NS,Buy,1777.9224853515625
2017-11-20,ASIANPAINT.NS,Sell,1117.8758544921875
2017-12-14,BAJAJFINSV.NS,Sell,510.4460144042969
2017-12-14,INDUSINDBK.NS,Buy,1590.532958984375
2017-12-14,KOTAKBANK.NS,Buy,1021.6107788085938
2017-12-14,INDUSINDBK.NS,Sell,1590.532958984375
2018-01-15,BAJFINANCE.NS,Sell,1711.8382568359375
2018-01-15,ASIANPAINT.NS,Buy,1154.00927734375
2018-01-15,HDFCBANK.NS,Buy,897.5301513671875
2018-01-15,BAJFINANCE.NS,Sell,1711.8382568359375
2018-01-23,KOTAKBANK.NS,Sell,1072.2598876953125
2018-01-23,INDUSINDBK.NS,Buy,1660.886962890625
2018-01-23,INDUSINDBK.NS,Buy,1660.886962890625
2018-01-23,ASIANPAINT.NS,Sell,1121.2786865234375
2018-02-05,KOTAKBANK.NS,Sell,1059.09912109375
2018-02-05,ITC.NS,Buy,223.81475830078125
2018-02-05,ITC.NS,Buy,223.81475830078125
2018-02-05,HDFCBANK.NS,Sell,905.1445922851562
2018-02-21,HDFCBANK.NS,Sell,878.4468383789062
2018-02-21,BAJFINANCE.NS,Buy,1572.283203125
2018-02-21,TITAN.NS,Buy,805.073486328125
2018-02-21,BAJFINANCE.NS,Sell,1572.283203125
2018-03-13,BAJAJFINSV.NS,Buy,508.66510009765625
2018-03-13,KOTAKBANK.NS,Sell,1080.68505859375
2018-03-19,HINDUNILVR.NS,Buy,1199.853515625
2018-03-19,NESTLEIND.NS,Sell,705.9029541015625
2018-03-20,ITC.NS,Sell,207.7449493408203
2018-03-20,HDFCBANK.NS,Buy,869.9811401367188
2018-03-20,HINDUNILVR.NS,Sell,1203.38134765625
2018-03-20,NESTLEIND.NS,Buy,722.313232421875
2018-03-20,NESTLEIND.NS,Buy,722.313232421875
2018-03-20,HDFCBANK.NS,Sell,869.9811401367188
2018-03-21,INDUSINDBK.NS,Sell,1668.6934814453125
2018-03-21,ASIANPAINT.NS,Buy,1057.6859130859375
2018-03-21,NESTLEIND.NS,Sell,723.4003295898438
2018-03-21,HDFCBANK.NS,Buy,879.1563720703125
2018-03-21,HDFCBANK.NS,Buy,879.1563720703125
2018-03-21,ASIANPAINT.NS,Sell,1057.6859130859375
2018-05-17,TITAN.NS,Sell,916.212646484375
2018-05-17,BAJFINANCE.NS,Buy,2035.2177734375
2018-05-17,BAJFINANCE.NS,Buy,2035.2177734375
2018-05-17,ULTRACEMCO.NS,Sell,3865.65966796875
2018-06-08,HDFCBANK.NS,Sell,975.419189453125
2018-06-08,ASIANPAINT.NS,Buy,1225.7005615234375
2018-06-08,ULTRACEMCO.NS,Buy,3628.658935546875
2018-06-08,HDFCBANK.NS,Sell,975.419189453125
2018-07-03,ULTRACEMCO.NS,Sell,3662.551025390625
2018-07-03,HDFCBANK.NS,Buy,985.343017578125
2018-07-03,ASIANPAINT.NS,Buy,1244.0107421875
2018-07-03,HDFCBANK.NS,Sell,985.343017578125
2018-07-05,ASIANPAINT.NS,Sell,1272.466552734375
2018-07-05,HDFCBANK.NS,Buy,1010.8309326171876
2018-07-05,HDFCBANK.NS,Buy,1010.8309326171876
2018-07-05,TITAN.NS,Sell,819.8463745117188
2018-07-18,HDFCBANK.NS,Sell,1035.795166015625
2018-07-18,TITAN.NS,Buy,827.8687133789062
2018-07-18,TITAN.NS,Buy,827.8687133789062
2018-07-18,HINDUNILVR.NS,Sell,1517.5963134765625
2018-08-14,BAJFINANCE.NS,Sell,2792.1474609375
2018-08-14,ULTRACEMCO.NS,Buy,4210.3525390625
2018-08-14,ULTRACEMCO.NS,Buy,4210.3525390625
2018-08-14,HINDUNILVR.NS,Sell,1610.3829345703125
2018-08-28,ULTRACEMCO.NS,Sell,4336.24853515625
2018-08-28,HINDUNILVR.NS,Buy,1635.2646484375
2018-08-28,ULTRACEMCO.NS,Buy,4336.24853515625
2018-08-28,BAJFINANCE.NS,Sell,2893.1708984375
2018-08-28,BAJAJFINSV.NS,Sell,695.7404174804688
2018-08-28,KOTAKBANK.NS,Buy,1281.942138671875
2018-08-28,KOTAKBANK.NS,Buy,1281.942138671875
2018-08-28,HINDUNILVR.NS,Sell,1635.2646484375
2018-10-11,KOTAKBANK.NS,Sell,1112.808837890625
2018-10-11,HINDUNILVR.NS,Buy,1408.9755859375
2018-10-11,KOTAKBANK.NS,Buy,1112.808837890625
2018-10-11,HDFCBANK.NS,Sell,922.206298828125
2018-11-01,ULTRACEMCO.NS,Sell,3527.29931640625
2018-11-01,BAJFINANCE.NS,Buy,2385.588134765625
2018-11-01,ULTRACEMCO.NS,Buy,3527.29931640625
2018-11-01,KOTAKBANK.NS,Sell,1106.82373046875
2018-12-19,TITAN.NS,Sell,913.0501098632812
2018-12-19,HINDUNILVR.NS,Buy,1712.936767578125
2018-12-19,ULTRACEMCO.NS,Sell,4000.231201171875
2018-12-19,KOTAKBANK.NS,Buy,1222.638427734375
2018-12-19,ULTRACEMCO.NS,Buy,4000.231201171875
2018-12-19,HINDUNILVR.NS,Sell,1712.936767578125
2019-01-04,TITAN.NS,Buy,912.3131713867188
2019-01-04,BAJFINANCE.NS,Sell,2541.414794921875
2019-01-23,TITAN.NS,Sell,945.4275512695312
2019-01-23,BAJFINANCE.NS,Buy,2598.9306640625
2019-01-23,BAJFINANCE.NS,Buy,2598.9306640625
2019-01-23,ITC.NS,Sell,226.4957733154297
2019-02-08,ULTRACEMCO.NS,Sell,3484.354736328125
2019-02-08,HINDUNILVR.NS,Buy,1687.40234375
2019-02-08,ULTRACEMCO.NS,Buy,3484.354736328125
2019-02-08,NESTLEIND.NS,Sell,1047.1336669921875
2019-02-15,BAJFINANCE.NS,Sell,2526.665771484375
2019-02-15,ITC.NS,Buy,228.7828063964844
2019-02-15,ITC.NS,Buy,228.7828063964844
2019-02-15,BAJFINANCE.NS,Sell,2526.665771484375
2019-04-04,KOTAKBANK.NS,Sell,1319.649169921875
2019-04-04,HDFCBANK.NS,Buy,1087.08056640625
2019-04-04,ULTRACEMCO.NS,Buy,3995.725830078125
2019-04-04,HDFCBANK.NS,Sell,1087.08056640625
2019-04-09,HINDUNILVR.NS,Buy,1560.3804931640625
2019-04-09,ASIANPAINT.NS,Sell,1394.684326171875
2019-04-24,ULTRACEMCO.NS,Sell,4303.9296875
2019-04-24,NESTLEIND.NS,Buy,1009.0120239257812
2019-04-24,TITAN.NS,Buy,1129.1773681640625
2019-04-24,NESTLEIND.NS,Sell,1009.0120239257812
2019-04-30,ITC.NS,Sell,246.1396026611328
2019-04-30,BAJFINANCE.NS,Buy,3054.324462890625
2019-04-30,KOTAKBANK.NS,Buy,1383.1429443359375
2019-04-30,ITC.NS,Sell,246.1396026611328
2019-07-02,TITAN.NS,Sell,1300.988525390625
2019-07-02,NESTLEIND.NS,Buy,1119.3946533203125
2019-07-02,NESTLEIND.NS,Buy,1119.3946533203125
2019-07-02,TITAN.NS,Sell,1300.988525390625
2019-07-03,NESTLEIND.NS,Sell,1105.76318359375
2019-07-03,TITAN.NS,Buy,1305.3609619140625
2019-07-03,INDUSINDBK.NS,Buy,1428.38037109375
2019-07-03,NESTLEIND.NS,Sell,1105.76318359375
2019-08-02,KOTAKBANK.NS,Sell,1504.7060546875
2019-08-02,ITC.NS,Buy,220.1796112060547
2019-08-02,TITAN.NS,Buy,1050.9444580078125
2019-08-02,ITC.NS,Sell,220.1796112060547
2019-08-07,TITAN.NS,Sell,1015.162841796875
2019-08-07,ITC.NS,Buy,211.14764404296875
2019-08-07,BAJFINANCE.NS,Buy,3227.53857421875
2019-08-07,TITAN.NS,Sell,1015.162841796875
2019-10-16,ULTRACEMCO.NS,Sell,4207.59228515625
2019-10-16,HDFCBANK.NS,Buy,1172.229736328125
2019-10-16,ULTRACEMCO.NS,Buy,4207.59228515625
2019-10-16,ASIANPAINT.NS,Sell,1713.5909423828125
2019-11-11,BAJFINANCE.NS,Sell,4120.20556640625
2019-11-11,TITAN.NS,Buy,1140.7689208984375
2019-11-11,HDFCBANK.NS,Buy,1214.1329345703125
2019-11-11,BAJFINANCE.NS,Sell,4120.20556640625
2019-11-14,HDFCBANK.NS,Sell,1222.9166259765625
2019-11-14,BAJFINANCE.NS,Buy,4161.21923828125
2019-11-14,HDFCBANK.NS,Buy,1222.9166259765625
2019-11-14,ITC.NS,Sell,211.35577392578125
2019-11-21,HDFCBANK.NS,Sell,1231.988525390625
2019-11-21,ITC.NS,Buy,204.52978515625
2019-11-21,HDFCBANK.NS,Buy,1231.988525390625
2019-11-21,KOTAKBANK.NS,Sell,1592.18798828125
2019-12-27,BAJAJFINSV.NS,Buy,942.719970703125
2019-12-27,ITC.NS,Sell,197.2043609619141
2019-12-31,HDFCBANK.NS,Sell,1221.1888427734375
2019-12-31,KOTAKBANK.NS,Buy,1681.116943359375
2019-12-31,ITC.NS,Buy,197.87030029296875
2019-12-31,HDFCBANK.NS,Sell,1221.1888427734375
2020-01-02,ULTRACEMCO.NS,Sell,4167.82666015625
2020-01-02,ASIANPAINT.NS,Buy,1741.0191650390625
2020-01-02,ULTRACEMCO.NS,Buy,4167.82666015625
2020-01-02,TITAN.NS,Sell,1140.670166015625
2020-01-07,HINDUNILVR.NS,Sell,1805.637451171875
2020-01-07,ASIANPAINT.NS,Buy,1676.6053466796875
2020-01-07,HINDUNILVR.NS,Buy,1805.637451171875
2020-01-07,NESTLEIND.NS,Sell,1362.90478515625
2020-01-31,BAJAJFINSV.NS,Sell,942.5453491210938
2020-01-31,ITC.NS,Buy,195.74757385253903
2020-01-31,KOTAKBANK.NS,Buy,1688.502685546875
2020-01-31,BAJAJFINSV.NS,Sell,942.5453491210938
2020-02-03,ULTRACEMCO.NS,Sell,4291.39453125
2020-02-03,TITAN.NS,Buy,1171.072265625
2020-02-03,ASIANPAINT.NS,Buy,1815.8851318359375
2020-02-03,TITAN.NS,Sell,1171.072265625
2020-02-17,INDUSINDBK.NS,Sell,1145.2978515625
2020-02-17,NESTLEIND.NS,Buy,1582.0357666015625
2020-02-17,HINDUNILVR.NS,Sell,2117.654541015625
2020-02-17,NESTLEIND.NS,Buy,1582.0357666015625
2020-02-17,NESTLEIND.NS,Buy,1582.0357666015625
2020-02-17,BAJAJFINSV.NS,Sell,951.2755737304688
2020-04-03,KOTAKBANK.NS,Sell,1138.6600341796875
2020-04-03,BAJAJFINSV.NS,Buy,450.5658264160156
2020-04-03,INDUSINDBK.NS,Buy,305.8163757324219
2020-04-03,KOTAKBANK.NS,Sell,1138.6600341796875
2020-06-25,ASIANPAINT.NS,Sell,1648.7843017578125
2020-06-25,TITAN.NS,Buy,964.9697875976562
2020-06-25,NESTLEIND.NS,Buy,1606.8997802734375
2020-06-25,TITAN.NS,Sell,964.9697875976562
2020-06-29,ITC.NS,Sell,164.1981964111328
2020-06-29,HDFCBANK.NS,Buy,1032.985107421875
2020-06-29,INDUSINDBK.NS,Sell,468.6840515136719
2020-06-29,KOTAKBANK.NS,Buy,1353.0478515625
2020-06-29,ITC.NS,Buy,164.1981964111328
2020-06-29,INDUSINDBK.NS,Sell,468.6840515136719
2020-07-07,ITC.NS,Sell,170.0153045654297
2020-07-07,INDUSINDBK.NS,Buy,513.892578125
2020-07-07,INDUSINDBK.NS,Buy,513.892578125
2020-07-07,KOTAKBANK.NS,Sell,1365.6236572265625
2020-07-22,HDFCBANK.NS,Buy,1081.2718505859375
2020-07-22,ASIANPAINT.NS,Sell,1655.373779296875
2020-07-23,HDFCBANK.NS,Sell,1085.1597900390625
2020-07-23,ASIANPAINT.NS,Buy,1688.1539306640625
2020-07-23,ASIANPAINT.NS,Buy,1688.1539306640625
2020-07-23,HINDUNILVR.NS,Sell,2093.0634765625
2020-08-17,NESTLEIND.NS,Sell,1572.0469970703125
2020-08-17,TITAN.NS,Buy,1113.60009765625
2020-08-17,TITAN.NS,Buy,1113.60009765625
2020-08-17,ITC.NS,Sell,173.95388793945312
2020-08-20,INDUSINDBK.NS,Sell,501.2966613769531
2020-08-20,KOTAKBANK.NS,Buy,1335.7808837890625
2020-08-20,HDFCBANK.NS,Buy,1016.6173706054688
2020-08-20,INDUSINDBK.NS,Sell,501.2966613769531
2020-08-26,NESTLEIND.NS,Sell,1549.758056640625
2020-08-26,BAJAJFINSV.NS,Buy,655.698974609375
2020-08-26,TITAN.NS,Sell,1123.8555908203125
2020-08-26,ITC.NS,Buy,170.6279754638672
2020-08-26,BAJAJFINSV.NS,Buy,655.698974609375
2020-08-26,TITAN.NS,Sell,1123.8555908203125
2020-09-04,ASIANPAINT.NS,Sell,1911.4593505859375
2020-09-04,HINDUNILVR.NS,Buy,2019.60009765625
2020-09-04,NESTLEIND.NS,Buy,1553.8310546875
2020-09-04,ASIANPAINT.NS,Sell,1911.4593505859375
2020-09-07,BAJAJFINSV.NS,Sell,625.657958984375
2020-09-07,TITAN.NS,Buy,1157.0501708984375
2020-09-07,TITAN.NS,Buy,1157.0501708984375
2020-09-07,KOTAKBANK.NS,Sell,1366.122802734375
2020-10-19,NESTLEIND.NS,Sell,1540.4825439453125
2020-10-19,ASIANPAINT.NS,Buy,2022.5992431640625
2020-10-19,NESTLEIND.NS,Buy,1540.4825439453125
2020-10-19,TITAN.NS,Sell,1217.5928955078125
2020-11-11,NESTLEIND.NS,Sell,1611.0467529296875
2020-11-11,TITAN.NS,Buy,1263.07421875
2020-11-11,ULTRACEMCO.NS,Buy,4751.26025390625
2020-11-11,NESTLEIND.NS,Sell,1611.0467529296875
2020-11-11,HINDUNILVR.NS,Buy,2038.891845703125
2020-11-11,ASIANPAINT.NS,Sell,2134.892578125
2020-11-23,ULTRACEMCO.NS,Sell,4815.97265625
2020-11-23,NESTLEIND.NS,Buy,1716.09814453125
2020-11-23,NESTLEIND.NS,Buy,1716.09814453125
2020-11-23,ULTRACEMCO.NS,Sell,4815.97265625
2020-12-02,HINDUNILVR.NS,Sell,2046.6893310546875
2020-12-02,ASIANPAINT.NS,Buy,2266.16455078125
2020-12-02,ASIANPAINT.NS,Buy,2266.16455078125
2020-12-02,NESTLEIND.NS,Sell,1665.9315185546875
2020-12-04,HINDUNILVR.NS,Buy,2089.6455078125
2020-12-04,BAJFINANCE.NS,Sell,4829.3056640625
2020-12-10,HDFCBANK.NS,Sell,1330.3863525390625
2020-12-10,INDUSINDBK.NS,Buy,894.2588500976562
2020-12-10,NESTLEIND.NS,Sell,1770.7369384765625
2020-12-10,ULTRACEMCO.NS,Buy,4889.6474609375
2020-12-10,NESTLEIND.NS,Buy,1770.7369384765625
2020-12-10,INDUSINDBK.NS,Sell,894.2588500976562
2021-01-07,HINDUNILVR.NS,Sell,2266.302490234375
2021-01-07,BAJFINANCE.NS,Buy,5033.01318359375
2021-01-07,INDUSINDBK.NS,Buy,929.60546875
2021-01-07,HINDUNILVR.NS,Sell,2266.302490234375
2021-01-18,ITC.NS,Buy,192.3339080810547
2021-01-18,ULTRACEMCO.NS,Sell,5305.005859375
2021-02-18,ASIANPAINT.NS,Sell,2417.741455078125
2021-02-18,NESTLEIND.NS,Buy,1578.92724609375
2021-02-18,ASIANPAINT.NS,Buy,2417.741455078125
2021-02-18,HDFCBANK.NS,Sell,1492.0948486328125
2021-05-14,TITAN.NS,Sell,1442.5721435546875
2021-05-14,KOTAKBANK.NS,Buy,1703.3741455078125
2021-05-14,ASIANPAINT.NS,Sell,2714.974365234375
2021-05-14,HDFCBANK.NS,Buy,1331.3463134765625
2021-05-14,ASIANPAINT.NS,Buy,2714.974365234375
2021-05-14,KOTAKBANK.NS,Sell,1703.3741455078125
2021-06-04,ITC.NS,Sell,187.03683471679688
2021-06-04,ULTRACEMCO.NS,Buy,6564.0830078125
2021-06-04,BAJAJFINSV.NS,Buy,1214.1927490234375
2021-06-04,ITC.NS,Sell,187.03683471679688
2021-06-08,INDUSINDBK.NS,Sell,996.1000366210938
2021-06-08,HINDUNILVR.NS,Buy,2256.87841796875
2021-06-08,HINDUNILVR.NS,Buy,2256.87841796875
2021-06-08,BAJFINANCE.NS,Sell,5701.0439453125
2021-06-17,NESTLEIND.NS,Sell,1751.883544921875
2021-06-17,INDUSINDBK.NS,Buy,960.85107421875
2021-06-17,BAJAJFINSV.NS,Sell,1180.5208740234375
2021-06-17,ITC.NS,Buy,189.38377380371097
2021-06-17,NESTLEIND.NS,Buy,1751.883544921875
2021-06-17,ITC.NS,Sell,189.38377380371097
2021-06-22,ASIANPAINT.NS,Sell,2960.789794921875
2021-06-22,KOTAKBANK.NS,Buy,1753.7271728515625
2021-06-22,ULTRACEMCO.NS,Buy,6755.80615234375
2021-06-22,ASIANPAINT.NS,Sell,2960.789794921875
2021-06-25,HDFCBANK.NS,Buy,1454.4635009765625
2021-06-25,TITAN.NS,Sell,1737.854248046875
2021-07-07,HINDUNILVR.NS,Sell,2391.39794921875
2021-07-07,BAJFINANCE.NS,Buy,6140.05810546875
2021-07-07,INDUSINDBK.NS,Buy,1020.2666625976562
2021-07-07,HINDUNILVR.NS,Sell,2391.39794921875
2021-07-20,NESTLEIND.NS,Sell,1732.1954345703125
2021-07-20,ITC.NS,Buy,190.44284057617188
2021-07-20,NESTLEIND.NS,Buy,1732.1954345703125
2021-07-20,KOTAKBANK.NS,Sell,1699.3817138671875
2021-08-02,HDFCBANK.NS,Sell,1371.6243896484375
2021-08-02,TITAN.NS,Buy,1759.60400390625
2021-08-02,TITAN.NS,Buy,1759.60400390625
2021-08-02,ITC.NS,Sell,190.9032745361328
2021-08-06,ULTRACEMCO.NS,Sell,7450.63134765625
2021-08-06,ASIANPAINT.NS,Buy,2917.17626953125
2021-08-06,INDUSINDBK.NS,Buy,1005.229736328125
2021-08-06,ULTRACEMCO.NS,Sell,7450.63134765625
2021-08-18,INDUSINDBK.NS,Sell,971.0840454101562
2021-08-18,HINDUNILVR.NS,Buy,2395.6376953125
2021-08-18,INDUSINDBK.NS,Sell,971.0840454101562
2021-08-18,ULTRACEMCO.NS,Buy,7523.6767578125
2021-08-18,BAJAJFINSV.NS,Buy,1499.3045654296875
2021-08-18,INDUSINDBK.NS,Sell,971.0840454101562
2021-08-20,NESTLEIND.NS,Sell,1898.5797119140625
2021-08-20,KOTAKBANK.NS,Buy,1701.12451171875
2021-08-20,ASIANPAINT.NS,Buy,3061.242919921875
2021-08-20,KOTAKBANK.NS,Sell,1701.12451171875
2021-09-08,BAJAJFINSV.NS,Sell,1654.606689453125
2021-09-08,INDUSINDBK.NS,Buy,980.8472900390624
2021-09-08,INDUSINDBK.NS,Buy,980.8472900390624
2021-09-08,BAJAJFINSV.NS,Sell,1654.606689453125
2021-09-14,INDUSINDBK.NS,Sell,1017.1531982421876
2021-09-14,BAJAJFINSV.NS,Buy,1681.6326904296875
2021-09-14,INDUSINDBK.NS,Buy,1017.1531982421876
2021-09-14,NESTLEIND.NS,Sell,1962.5279541015625
2021-09-23,TITAN.NS,Sell,2090.85498046875
2021-09-23,ITC.NS,Buy,223.319091796875
2021-09-23,BAJFINANCE.NS,Buy,7837.091796875
2021-09-23,TITAN.NS,Sell,2090.85498046875
2021-09-27,ASIANPAINT.NS,Sell,3373.665771484375
2021-09-27,KOTAKBANK.NS,Buy,2030.4547119140625
2021-09-27,BAJFINANCE.NS,Sell,7734.30419921875
2021-09-27,TITAN.NS,Buy,2076.15478515625
2021-09-27,ASIANPAINT.NS,Buy,3373.665771484375
2021-09-27,BAJFINANCE.NS,Sell,7734.30419921875
2021-10-06,INDUSINDBK.NS,Sell,1110.6163330078125
2021-10-06,NESTLEIND.NS,Buy,1858.408447265625
2021-10-06,HDFCBANK.NS,Buy,1556.97900390625
2021-10-06,INDUSINDBK.NS,Sell,1110.6163330078125
2021-10-21,HDFCBANK.NS,Sell,1616.1768798828125
2021-10-21,INDUSINDBK.NS,Buy,1162.1805419921875
2021-10-21,KOTAKBANK.NS,Buy,2140.697509765625
2021-10-21,INDUSINDBK.NS,Sell,1162.1805419921875
2021-12-01,ASIANPAINT.NS,Sell,3089.668212890625
2021-12-01,BAJFINANCE.NS,Buy,6983.490234375
2021-12-01,HINDUNILVR.NS,Buy,2273.458984375
2021-12-01,ASIANPAINT.NS,Sell,3089.668212890625
2021-12-03,HINDUNILVR.NS,Sell,2272.295166015625
2021-12-03,ASIANPAINT.NS,Buy,3062.396728515625
2021-12-03,HDFCBANK.NS,Buy,1459.26416015625
2021-12-03,ASIANPAINT.NS,Sell,3062.396728515625
2021-12-16,ULTRACEMCO.NS,Buy,7337.89697265625
2021-12-16,BAJFINANCE.NS,Sell,6973.71728515625
2022-02-17,NESTLEIND.NS,Buy,1768.7847900390625
2022-02-17,ITC.NS,Sell,209.77706909179688
2022-02-28,NESTLEIND.NS,Sell,1721.2767333984375
2022-02-28,ITC.NS,Buy,203.37022399902344
2022-02-28,TITAN.NS,Buy,2529.3779296875
2022-02-28,NESTLEIND.NS,Sell,1721.2767333984375
2022-03-04,ITC.NS,Buy,212.4623107910156
2022-03-04,BAJAJFINSV.NS,Sell,1531.96044921875
2022-04-22,KOTAKBANK.NS,Sell,1725.289794921875
2022-04-22,INDUSINDBK.NS,Buy,941.8430786132812
2022-04-22,ASIANPAINT.NS,Buy,3115.512939453125
2022-04-22,INDUSINDBK.NS,Sell,941.8430786132812
2022-05-19,HDFCBANK.NS,Sell,1255.3157958984375
2022-05-19,ASIANPAINT.NS,Buy,2999.827880859375
2022-05-19,ITC.NS,Sell,259.7127685546875
2022-05-19,BAJAJFINSV.NS,Buy,1240.2843017578125
2022-05-19,ITC.NS,Buy,259.7127685546875
2022-05-19,HDFCBANK.NS,Sell,1255.3157958984375
2022-09-13,TITAN.NS,Sell,2696.812744140625
2022-09-13,NESTLEIND.NS,Buy,1869.4747314453125
2022-09-13,TITAN.NS,Buy,2696.812744140625
2022-09-13,KOTAKBANK.NS,Sell,1921.817626953125
2022-12-12,ULTRACEMCO.NS,Sell,7114.33447265625
2022-12-12,BAJFINANCE.NS,Buy,6478.9697265625
2022-12-12,ITC.NS,Sell,330.9421081542969
2022-12-12,HDFCBANK.NS,Buy,1603.220703125
2022-12-12,ITC.NS,Buy,330.9421081542969
2022-12-12,ULTRACEMCO.NS,Sell,7114.33447265625
2023-01-06,ASIANPAINT.NS,Sell,2953.541015625
2023-01-06,INDUSINDBK.NS,Buy,1169.07470703125
2023-01-06,ITC.NS,Sell,323.0831604003906
2023-01-06,ULTRACEMCO.NS,Buy,6950.43359375
2023-01-06,ITC.NS,Buy,323.0831604003906
2023-01-06,INDUSINDBK.NS,Sell,1169.07470703125
2023-01-10,TITAN.NS,Sell,2460.22900390625
2023-01-10,KOTAKBANK.NS,Buy,1794.07275390625
2023-01-10,HINDUNILVR.NS,Buy,2603.33837890625
2023-01-10,TITAN.NS,Sell,2460.22900390625
2023-01-12,HINDUNILVR.NS,Sell,2550.36279296875
2023-01-12,TITAN.NS,Buy,2438.698974609375
2023-01-12,ULTRACEMCO.NS,Buy,7120.80517578125
2023-01-12,HINDUNILVR.NS,Sell,2550.36279296875
2023-01-13,ITC.NS,Sell,317.0081787109375
2023-01-13,INDUSINDBK.NS,Buy,1221.0050048828125
2023-01-13,HINDUNILVR.NS,Buy,2583.792236328125
2023-01-13,ITC.NS,Sell,317.0081787109375
2023-01-16,INDUSINDBK.NS,Buy,1225.8023681640625
2023-01-16,NESTLEIND.NS,Sell,1946.88818359375
2023-01-19,INDUSINDBK.NS,Sell,1187.5223388671875
2023-01-19,NESTLEIND.NS,Buy,1941.51171875
2023-01-19,HDFCBANK.NS,Buy,1603.56201171875
2023-01-19,NESTLEIND.NS,Sell,1941.51171875
2023-01-23,ULTRACEMCO.NS,Sell,6818.58642578125
2023-01-23,HINDUNILVR.NS,Buy,2556.615234375
2023-01-23,KOTAKBANK.NS,Buy,1782.282470703125
2023-01-23,ULTRACEMCO.NS,Sell,6818.58642578125
2023-01-30,HINDUNILVR.NS,Sell,2528.798095703125
2023-01-30,ITC.NS,Buy,332.48492431640625
2023-01-30,BAJFINANCE.NS,Buy,5996.3203125
2023-01-30,HINDUNILVR.NS,Sell,2528.798095703125
2023-03-03,KOTAKBANK.NS,Sell,1749.5594482421875
2023-03-03,ULTRACEMCO.NS,Buy,7183.1201171875
2023-03-03,INDUSINDBK.NS,Buy,1114.177001953125
2023-03-03,ULTRACEMCO.NS,Sell,7183.1201171875
2023-03-10,BAJFINANCE.NS,Sell,5849.294921875
2023-03-10,HINDUNILVR.NS,Buy,2427.671875
2023-03-10,HINDUNILVR.NS,Buy,2427.671875
2023-03-10,BAJAJFINSV.NS,Sell,1328.1500244140625
2023-06-01,ASIANPAINT.NS,Buy,3213.65185546875
2023-06-01,KOTAKBANK.NS,Sell,1928.462158203125
2023-06-06,HINDUNILVR.NS,Sell,2649.913330078125
2023-06-06,BAJAJFINSV.NS,Buy,1474.322998046875
2023-06-06,BAJAJFINSV.NS,Buy,1474.322998046875
2023-06-06,ITC.NS,Sell,436.3907775878906
2023-06-14,INDUSINDBK.NS,Sell,1323.25
2023-06-14,ULTRACEMCO.NS,Buy,8320.2724609375
2023-06-14,ASIANPAINT.NS,Buy,3264.501220703125
2023-06-14,INDUSINDBK.NS,Sell,1323.25
2023-09-21,ASIANPAINT.NS,Sell,3238.546630859375
2023-09-21,KOTAKBANK.NS,Buy,1755.699951171875
2023-09-21,ASIANPAINT.NS,Sell,3238.546630859375
2023-09-21,INDUSINDBK.NS,Buy,1411.300048828125
2023-09-21,ASIANPAINT.NS,Buy,3238.546630859375
2023-09-21,ULTRACEMCO.NS,Sell,8313.5498046875
2023-09-27,HINDUNILVR.NS,Buy,2483.53515625
2023-09-27,TITAN.NS,Sell,3214.550048828125
2023-10-04,HDFCBANK.NS,Sell,1508.9447021484375
2023-10-04,NESTLEIND.NS,Buy,2278.908935546875
2023-10-04,NESTLEIND.NS,Buy,2278.908935546875
2023-10-04,BAJAJFINSV.NS,Sell,1532.550048828125
2023-12-20,BAJAJFINSV.NS,Sell,1680.9000244140625
2023-12-20,ITC.NS,Buy,444.47210693359375
2023-12-20,HINDUNILVR.NS,Sell,2557.5
2023-12-20,TITAN.NS,Buy,3554.10009765625
2023-12-20,HINDUNILVR.NS,Buy,2557.5
2023-12-20,ITC.NS,Sell,444.47210693359375
2023-12-29,HINDUNILVR.NS,Sell,2663.949951171875
2023-12-29,ITC.NS,Buy,455.4114379882813
2023-12-29,NESTLEIND.NS,Sell,2650.548583984375
2023-12-29,BAJAJFINSV.NS,Buy,1685.800048828125
2023-12-29,ASIANPAINT.NS,Sell,3402.39990234375
2023-12-29,ULTRACEMCO.NS,Buy,10503.0498046875
