Date,RELIANCE.NS(close)
2011-01-03,435.4705505371094
2011-01-04,444.3400573730469
2011-01-05,443.8036804199219
2011-01-06,447.8465881347656
2011-01-07,439.51336669921875
2011-01-10,426.33294677734375
2011-01-11,418.2060241699219
2011-01-12,425.2396545410156
2011-01-13,418.8660583496094
2011-01-14,413.1524353027344
2011-01-17,411.6673583984375
2011-01-18,410.40911865234375
2011-01-19,404.34490966796875
2011-01-20,400.09576416015625
2011-01-21,407.0882263183594
2011-01-24,400.8177185058594
2011-01-25,395.41351318359375
2011-01-27,388.8954772949219
2011-01-28,376.64324951171875
2011-01-31,379.2422790527344
2011-02-01,369.4239196777344
2011-02-02,380.0672912597656
2011-02-03,389.39056396484375
2011-02-04,379.5310363769531
2011-02-07,383.2644348144531
2011-02-08,377.57147216796875
2011-02-09,377.1795654296875
2011-02-10,371.1358947753906
2011-02-11,375.385009765625
2011-02-14,377.3857421875
2011-02-15,388.4829406738281
2011-02-16,389.4936828613281
2011-02-17,393.5365295410156
2011-02-18,385.9458923339844
2011-02-21,394.5266418457031
2011-02-22,406.2838134765625
2011-02-23,410.7391052246094
2011-02-24,397.7649841308594
2011-02-25,398.61065673828125
2011-02-28,397.7856140136719
2011-03-01,407.9339294433594
2011-03-03,403.21038818359375
2011-03-04,405.19061279296875
2011-03-07,403.0660705566406
2011-03-08,406.3250732421875
2011-03-09,409.9966125488281
2011-03-10,406.2425537109375
2011-03-11,409.25408935546875
2011-03-14,420.10369873046875
2011-03-15,427.9005126953125
2011-03-16,431.9639892578125
2011-03-17,425.2603759765625
2011-03-18,409.64593505859375
2011-03-21,408.5321044921875
2011-03-22,412.38934326171875
2011-03-23,417.9997253417969
2011-03-24,416.7828063964844
2011-03-25,423.5071105957031
2011-03-28,423.13580322265625
2011-03-29,421.9188232421875
2011-03-30,425.9410095214844
2011-03-31,432.7890930175781
2011-04-01,427.5499267578125
2011-04-04,433.42852783203125
2011-04-05,432.19091796875
2011-04-06,431.0357971191406
2011-04-07,429.8188171386719
2011-04-08,422.3931884765625
2011-04-11,414.7200927734375
2011-04-13,421.5269470214844
2011-04-15,421.17626953125
2011-04-18,416.308349609375
2011-04-19,417.3397216796875
2011-04-20,423.21832275390625
2011-04-21,429.28253173828125
2011-04-25,416.3908386230469
2011-04-26,413.0081481933594
2011-04-27,406.7994384765625
2011-04-28,401.14776611328125
2011-04-29,405.8299560546875
2011-05-02,397.9918518066406
2011-05-03,389.39056396484375
2011-05-04,390.93756103515625
2011-05-05,395.5036926269531
2011-05-06,397.6270446777344
2011-05-09,399.3965148925781
2011-05-10,395.8367614746094
2011-05-11,397.79364013671875
2011-05-12,393.6510009765625
2011-05-13,394.69189453125
2011-05-16,393.4428405761719
2011-05-17,383.3049621582031
2011-05-18,375.4776916503906
2011-05-19,381.1607666015625
2011-05-20,384.3665466308594
2011-05-23,378.6210021972656
2011-05-24,381.26483154296875
2011-05-25,377.2054443359375
2011-05-26,388.8006591796875
2011-05-27,393.6301574707031
2011-05-30,390.88232421875
2011-05-31,396.2947692871094
2011-06-01,394.1922912597656
2011-06-02,395.9617004394531
2011-06-03,389.1128845214844
2011-06-06,390.4244079589844
2011-06-07,398.9593505859375
2011-06-08,395.19140625
2011-06-09,397.1899108886719
2011-06-10,393.23468017578125
2011-06-13,385.36572265625
2011-06-14,379.4329528808594
2011-06-15,374.93646240234375
2011-06-16,369.5240173339844
2011-06-17,361.69677734375
2011-06-20,346.9167175292969
2011-06-21,353.3282775878906
2011-06-22,352.1417236328125
2011-06-23,362.4254455566406
2011-06-24,362.80010986328125
2011-06-27,362.8625183105469
2011-06-28,362.6751708984375
2011-06-29,368.5664367675781
2011-06-30,374.08294677734375
2011-07-01,358.8656311035156
2011-07-04,361.5510559082031
2011-07-05,352.2041931152344
2011-07-06,355.0977478027344
2011-07-07,362.5086669921875
2011-07-08,355.9096374511719
2011-07-11,355.2643127441406
2011-07-12,352.95361328125
2011-07-13,360.3228454589844
2011-07-14,361.1971740722656
2011-07-15,363.54949951171875
2011-07-18,361.2180480957031
2011-07-19,366.1516418457031
2011-07-20,364.79852294921875
2011-07-21,358.4076843261719
2011-07-22,363.6120300292969
2011-07-25,367.5672302246094
2011-07-26,362.84173583984375
2011-07-27,358.4076843261719
2011-07-28,348.6236572265625
2011-07-29,344.7100524902344
2011-08-01,345.9174499511719
2011-08-02,348.60284423828125
2011-08-03,343.50262451171875
2011-08-04,338.2150573730469
2011-08-05,329.7425231933594
2011-08-08,325.01708984375
2011-08-09,318.6262512207031
2011-08-10,321.72796630859375
2011-08-11,321.4989929199219
2011-08-12,316.7944030761719
2011-08-16,316.06573486328125
2011-08-17,314.3379211425781
2011-08-18,308.59246826171875
2011-08-19,304.9910583496094
2011-08-22,315.17059326171875
2011-08-23,318.6054992675781
2011-08-24,316.9608154296875
2011-08-25,313.71343994140625
2011-08-26,299.5161437988281
2011-08-29,314.35882568359375
2011-08-30,325.82891845703125
2011-09-02,335.34234619140625
2011-09-05,328.43109130859375
2011-09-06,342.0246887207031
2011-09-07,347.0207824707031
2011-09-08,354.91046142578125
2011-09-09,343.79412841796875
2011-09-12,335.69622802734375
2011-09-13,337.3408508300781
2011-09-14,343.64837646484375
2011-09-15,348.1864929199219
2011-09-16,343.7524719238281
2011-09-19,342.04541015625
2011-09-20,354.6398010253906
2011-09-21,348.72772216796875
2011-09-22,327.39019775390625
2011-09-23,320.83282470703125
2011-09-26,316.0865478515625
2011-09-27,331.9075622558594
2011-09-28,331.9075622558594
2011-09-29,336.2790832519531
2011-09-30,336.5497131347656
2011-10-03,328.1604919433594
2011-10-04,321.2491760253906
2011-10-05,319.33404541015625
2011-10-07,334.2806701660156
2011-10-10,345.25128173828125
2011-10-11,344.31451416015625
2011-10-12,353.74462890625
2011-10-13,352.5997314453125
2011-10-14,360.9265441894531
2011-10-17,347.1456604003906
2011-10-18,341.3585205078125
2011-10-19,350.9759521484375
2011-10-20,349.18572998046875
2011-10-21,347.9574890136719
2011-10-24,352.43316650390625
2011-10-25,364.6944580078125
2011-10-28,374.7074279785156
2011-10-31,365.3606262207031
2011-11-01,358.3036193847656
2011-11-02,362.96661376953125
2011-11-03,368.8370056152344
2011-11-04,366.35980224609375
2011-11-08,367.92108154296875
2011-11-09,360.11474609375
2011-11-11,368.6081237792969
2011-11-14,365.0067138671875
2011-11-15,358.6575012207031
2011-11-16,353.099365234375
2011-11-17,337.2159729003906
2011-11-18,336.4456787109375
2011-11-21,327.39019775390625
2011-11-22,331.0748596191406
2011-11-23,321.99859619140625
2011-11-24,321.89453125
2011-11-25,313.8382873535156
2011-11-28,326.32855224609375
2011-11-29,318.50140380859375
2011-11-30,324.017822265625
2011-12-01,332.6569519042969
2011-12-02,338.0902404785156
2011-12-05,335.88360595703125
2011-12-07,337.1534729003906
2011-12-08,324.2676696777344
2011-12-09,314.6293640136719
2011-12-12,302.88848876953125
2011-12-13,309.05035400390625
2011-12-14,308.8838806152344
2011-12-15,312.318603515625
2011-12-16,300.5361328125
2011-12-19,306.1359558105469
2011-12-20,297.0389404296875
2011-12-21,311.4235534667969
2011-12-22,314.1505432128906
2011-12-23,310.7574157714844
2011-12-26,316.8359680175781
2011-12-27,313.5260925292969
2011-12-28,307.697265625
2011-12-29,296.39361572265625
2011-12-30,288.50396728515625
2012-01-02,294.1661376953125
2012-01-03,301.70196533203125
2012-01-04,298.1630859375
2012-01-05,291.2309265136719
2012-01-06,298.7459716796875
2012-01-09,294.04132080078125
2012-01-10,306.5106201171875
2012-01-11,311.527587890625
2012-01-12,306.8021240234375
2012-01-13,304.6788024902344
2012-01-16,296.8307800292969
2012-01-17,308.9462585449219
2012-01-18,324.64239501953125
2012-01-19,327.0987854003906
2012-01-20,330.0132141113281
2012-01-23,321.2283630371094
2012-01-24,326.3077392578125
2012-01-25,329.3054504394531
2012-01-27,341.566650390625
2012-01-30,330.887451171875
2012-01-31,340.1927490234375
2012-02-01,346.0631408691406
2012-02-02,345.25128173828125
2012-02-03,349.0191955566406
2012-02-06,346.8125915527344
2012-02-07,351.6213073730469
2012-02-08,357.38763427734375
2012-02-09,355.4933166503906
2012-02-10,351.080078125
2012-02-13,353.57818603515625
2012-02-14,353.4324035644531
2012-02-15,348.3321838378906
2012-02-16,338.2567443847656
2012-02-17,340.6507263183594
2012-02-21,351.2049560546875
2012-02-22,346.9791564941406
2012-02-23,349.5603942871094
2012-02-24,341.3793029785156
2012-02-27,325.35015869140625
2012-02-28,331.6161193847656
2012-02-29,341.71240234375
2012-03-01,337.6322021484375
2012-03-02,338.9436950683594
2012-03-05,332.0324401855469
2012-03-06,323.3101501464844
2012-03-07,317.1690368652344
2012-03-09,322.1651611328125
2012-03-12,332.4695739746094
2012-03-13,341.3793029785156
2012-03-14,339.1101989746094
2012-03-15,331.67852783203125
2012-03-16,321.56146240234375
2012-03-19,314.37957763671875
2012-03-20,316.6486511230469
2012-03-21,319.77117919921875
2012-03-22,306.57318115234375
2012-03-23,309.7789611816406
2012-03-26,303.9710693359375
2012-03-27,304.3665466308594
2012-03-28,302.1391296386719
2012-03-29,301.70196533203125
2012-03-30,312.50604248046875
2012-04-02,308.3218078613281
2012-04-03,313.38037109375
2012-04-04,311.0071716308594
2012-04-09,308.98797607421875
2012-04-10,309.1960754394531
2012-04-11,304.05426025390625
2012-04-12,309.4667663574219
2012-04-13,312.9015808105469
2012-04-16,311.4651794433594
2012-04-17,310.7574157714844
2012-04-18,311.67333984375
2012-04-19,308.77978515625
2012-04-20,304.28326416015625
2012-04-23,306.5522766113281
2012-04-24,306.0527648925781
2012-04-25,306.5522766113281
2012-04-26,310.1953430175781
2012-04-27,308.9255065917969
2012-04-30,310.2161560058594
2012-05-02,309.5708312988281
2012-05-03,307.6139831542969
2012-05-04,302.45135498046875
2012-05-07,297.9756774902344
2012-05-08,294.9156188964844
2012-05-09,289.39910888671875
2012-05-10,289.0035705566406
2012-05-11,290.2734069824219
2012-05-14,283.6535339355469
2012-05-15,283.7992248535156
2012-05-16,281.4886169433594
2012-05-17,285.2564697265625
2012-05-18,286.6720275878906
2012-05-21,289.56561279296875
2012-05-22,287.73370361328125
2012-05-23,285.9642028808594
2012-05-24,289.4823303222656
2012-05-25,287.7752990722656
2012-05-28,292.1261291503906
2012-05-29,292.2093811035156
2012-05-30,294.04132080078125
2012-05-31,297.65185546875
2012-06-01,289.0674133300781
2012-06-04,292.231201171875
2012-06-05,296.365234375
2012-06-06,301.9968566894531
2012-06-07,304.253662109375
2012-06-08,307.81829833984375
2012-06-11,304.67559814453125
2012-06-12,304.97088623046875
2012-06-13,302.1655578613281
2012-06-14,302.1867370605469
2012-06-15,306.5738220214844
2012-06-18,303.26239013671875
2012-06-19,311.0875244140625
2012-06-20,311.06646728515625
2012-06-21,303.177978515625
2012-06-22,299.9298400878906
2012-06-25,302.1233825683594
2012-06-26,305.2028503417969
2012-06-27,304.7810363769531
2012-06-28,303.6842346191406
2012-06-29,311.2562561035156
2012-07-02,311.06646728515625
2012-07-03,310.6235656738281
2012-07-04,309.73773193359375
2012-07-05,311.6148376464844
2012-07-06,309.9908142089844
2012-07-09,308.70416259765625
2012-07-10,312.03668212890625
2012-07-11,306.10980224609375
2012-07-12,304.2325744628906
2012-07-13,303.0936584472656
2012-07-16,303.8740539550781
2012-07-17,303.4521789550781
2012-07-18,301.9546813964844
2012-07-19,307.0168151855469
2012-07-20,304.8443298339844
2012-07-23,303.30450439453125
2012-07-24,305.62469482421875
2012-07-25,303.4100341796875
2012-07-26,299.5711975097656
2012-07-27,304.14825439453125
2012-07-30,307.77606201171875
2012-07-31,313.6818542480469
2012-08-01,315.0107116699219
2012-08-02,311.9734191894531
2012-08-03,313.2389221191406
2012-08-06,331.589111328125
2012-08-07,330.6188659667969
2012-08-08,333.59283447265625
2012-08-09,329.1002502441406
2012-08-10,329.9228210449219
2012-08-13,332.4749755859375
2012-08-14,337.2839660644531
2012-08-16,344.2865295410156
2012-08-17,344.2654113769531
2012-08-21,343.4850158691406
2012-08-22,340.76416015625
2012-08-23,335.15362548828125
2012-08-24,329.9228210449219
2012-08-27,332.137451171875
2012-08-28,333.3397216796875
2012-08-29,329.94384765625
2012-08-30,330.47119140625
2012-08-31,323.29986572265625
2012-09-03,321.8866882324219
2012-09-04,328.8681945800781
2012-09-05,325.3035888671875
2012-09-06,324.0592041015625
2012-09-07,333.99359130859375
2012-09-10,334.1200866699219
2012-09-11,333.67718505859375
2012-09-12,336.6722717285156
2012-09-13,337.115234375
2012-09-14,355.0856628417969
2012-09-17,368.5846252441406
2012-09-18,360.9281921386719
2012-09-20,351.1836853027344
2012-09-21,358.6924133300781
2012-09-24,352.8077087402344
2012-09-25,354.2420349121094
2012-09-26,356.3511962890625
2012-09-27,350.06573486328125
2012-09-28,353.16632080078125
2012-10-01,351.6054992675781
2012-10-03,356.920654296875
2012-10-04,359.7892150878906
2012-10-05,361.8561706542969
2012-10-08,345.657470703125
2012-10-09,343.9279479980469
2012-10-10,344.2232360839844
2012-10-11,345.8895263671875
2012-10-12,345.44659423828125
2012-10-15,347.1972961425781
2012-10-16,342.7257080078125
2012-10-17,339.646240234375
2012-10-18,342.2406311035156
2012-10-19,338.65496826171875
2012-10-22,344.0545654296875
2012-10-23,341.6711730957031
2012-10-25,341.8609313964844
2012-10-29,342.1984558105469
2012-10-30,338.84478759765625
2012-10-31,339.79388427734375
2012-11-01,340.4688415527344
2012-11-02,340.827392578125
2012-11-05,340.0680847167969
2012-11-06,339.7728271484375
2012-11-07,337.83233642578125
2012-11-08,336.0395202636719
2012-11-09,332.2640075683594
2012-11-12,331.84222412109375
2012-11-15,330.97735595703125
2012-11-16,326.9909973144531
2012-11-19,326.6324462890625
2012-11-20,322.8569641113281
2012-11-21,325.32470703125
2012-11-22,323.0678405761719
2012-11-23,326.40045166015625
2012-11-26,326.35821533203125
2012-11-27,331.9054870605469
2012-11-29,336.7566223144531
2012-11-30,334.816162109375
2012-12-03,339.1611328125
2012-12-04,347.8932800292969
2012-12-05,351.2258605957031
2012-12-06,355.99261474609375
2012-12-07,352.06951904296875
2012-12-10,349.4118957519531
2012-12-11,345.9316711425781
2012-12-12,351.2258605957031
2012-12-13,351.9219055175781
2012-12-14,354.0310363769531
2012-12-17,351.87969970703125
2012-12-18,350.71966552734375
2012-12-19,354.1365661621094
2012-12-20,353.4405212402344
2012-12-21,348.1252746582031
2012-12-24,346.2059020996094
2012-12-26,349.3908386230469
2012-12-27,344.9403991699219
2012-12-28,354.45294189453125
2012-12-31,354.15765380859375
2013-01-01,354.642822265625
2013-01-02,357.7011413574219
2013-01-03,363.1007080078125
2013-01-04,363.5647277832031
2013-01-07,361.35009765625
2013-01-08,358.840087890625
2013-01-09,359.704833984375
2013-01-10,358.5870056152344
2013-01-11,354.3052978515625
2013-01-14,357.53240966796875
2013-01-15,357.3636474609375
2013-01-16,363.353759765625
2013-01-17,375.4396057128906
2013-01-18,379.7423400878906
2013-01-21,388.0736999511719
2013-01-22,388.1159362792969
2013-01-23,389.3815002441406
2013-01-24,386.2176818847656
2013-01-25,384.8044738769531
2013-01-28,378.62451171875
2013-01-29,372.4234313964844
2013-01-30,379.4048767089844
2013-01-31,374.0263977050781
2013-02-01,377.126953125
2013-02-04,374.0475158691406
2013-02-05,369.0064697265625
2013-02-06,369.3860778808594
2013-02-07,368.2260437011719
2013-02-08,364.2818908691406
2013-02-11,366.3277282714844
2013-02-12,369.3017578125
2013-02-13,370.7993469238281
2013-02-14,361.1180114746094
2013-02-15,356.79412841796875
2013-02-18,357.51129150390625
2013-02-19,357.89093017578125
2013-02-20,369.0275573730469
2013-02-21,362.4468078613281
2013-02-22,363.8810729980469
2013-02-25,360.4008483886719
2013-02-26,347.3870849609375
2013-02-27,350.67742919921875
2013-02-28,343.3163146972656
2013-03-01,341.8609313964844
2013-03-04,342.7889404296875
2013-03-05,348.58935546875
2013-03-06,352.3436584472656
2013-03-07,352.8709716796875
2013-03-08,359.1142883300781
2013-03-11,356.2457275390625
2013-03-12,357.6589050292969
2013-03-13,356.4566650390625
2013-03-14,362.80535888671875
2013-03-15,355.8871765136719
2013-03-18,351.9429626464844
2013-03-19,348.01983642578125
2013-03-20,347.04962158203125
2013-03-21,342.7889404296875
2013-03-22,341.94525146484375
2013-03-25,341.37579345703125
2013-03-26,330.45013427734375
2013-03-28,326.04193115234375
2013-04-01,328.5096740722656
2013-04-02,334.9005126953125
2013-04-03,327.5816345214844
2013-04-04,323.78497314453125
2013-04-05,329.0791015625
2013-04-08,333.0022277832031
2013-04-09,327.75030517578125
2013-04-10,328.7838439941406
2013-04-11,325.28253173828125
2013-04-12,327.07537841796875
2013-04-15,334.7739562988281
2013-04-16,339.5618896484375
2013-04-17,326.37933349609375
2013-04-18,329.71185302734375
2013-04-22,333.1498718261719
2013-04-23,339.0345458984375
2013-04-25,345.7629699707031
2013-04-26,334.267822265625
2013-04-29,334.3732604980469
2013-04-30,332.4960021972656
2013-05-02,338.6971130371094
2013-05-03,337.6847229003906
2013-05-06,346.5855712890625
2013-05-07,349.3486633300781
2013-05-08,349.9814453125
2013-05-09,345.1091003417969
2013-05-10,347.0733947753906
2013-05-13,342.8254089355469
2013-05-14,340.7547912597656
2013-05-15,349.65631103515625
2013-05-16,358.8993225097656
2013-05-17,356.70062255859375
2013-05-20,354.8434753417969
2013-05-21,353.7548522949219
2013-05-22,349.5495300292969
2013-05-23,334.90582275390625
2013-05-24,335.7597351074219
2013-05-27,353.626708984375
2013-05-28,360.07342529296875
2013-05-29,361.9945068359375
2013-05-30,357.2556457519531
2013-05-31,344.2342834472656
2013-06-03,336.37872314453125
2013-06-04,333.0914001464844
2013-06-05,342.3984375
2013-06-06,338.1291198730469
2013-06-07,334.5429382324219
2013-06-10,336.9977722167969
2013-06-11,335.3967590332031
2013-06-12,337.6168518066406
2013-06-13,337.1899108886719
2013-06-14,347.79913330078125
2013-06-17,352.45269775390625
2013-06-18,351.5347595214844
2013-06-19,355.0782775878906
2013-06-20,340.69073486328125
2013-06-21,338.49200439453125
2013-06-24,338.40667724609375
2013-06-25,343.16693115234375
2013-06-26,343.0815734863281
2013-06-27,354.3525390625
2013-06-28,368.27044677734375
2013-07-01,378.132568359375
2013-07-02,372.21954345703125
2013-07-03,363.2540588378906
2013-07-04,367.8648681640625
2013-07-05,375.84844970703125
2013-07-08,370.12762451171875
2013-07-09,373.47900390625
2013-07-10,365.4527282714844
2013-07-11,371.45111083984375
2013-07-12,379.9469909667969
2013-07-15,382.8928527832031
2013-07-16,384.4938049316406
2013-07-17,390.6203308105469
2013-07-18,391.60223388671875
2013-07-19,394.3559875488281
2013-07-22,388.10137939453125
2013-07-23,388.3149108886719
2013-07-24,388.22943115234375
2013-07-25,380.2886047363281
2013-07-26,380.0323791503906
2013-07-29,378.132568359375
2013-07-30,366.029052734375
2013-07-31,372.304931640625
2013-08-01,362.8912048339844
2013-08-02,366.029052734375
2013-08-05,367.82220458984375
2013-08-06,359.0700988769531
2013-08-07,372.4757385253906
2013-08-08,369.5726013183594
2013-08-12,361.0339660644531
2013-08-13,364.12921142578125
2013-08-14,369.29510498046875
2013-08-16,352.9436340332031
2013-08-19,350.1899719238281
2013-08-20,352.3673095703125
2013-08-21,334.5429382324219
2013-08-22,344.14886474609375
2013-08-23,349.8697509765625
2013-08-26,351.1932373046875
2013-08-27,342.93212890625
2013-08-28,346.5823974609375
2013-08-29,360.86322021484375
2013-08-30,364.53485107421875
2013-09-02,378.5808410644531
2013-09-03,354.77947998046875
2013-09-04,362.6136169433594
2013-09-05,368.2491149902344
2013-09-06,370.57586669921875
2013-09-10,380.1177978515625
2013-09-11,379.0078125
2013-09-12,373.73516845703125
2013-09-13,372.71051025390625
2013-09-16,367.9075012207031
2013-09-17,366.37066650390625
2013-09-18,372.26226806640625
2013-09-19,380.2244873046875
2013-09-20,376.51025390625
2013-09-23,373.2868957519531
2013-09-24,373.3936767578125
2013-09-25,362.4855651855469
2013-09-26,357.87469482421875
2013-09-27,358.5791320800781
2013-09-30,351.10784912109375
2013-10-01,350.7023010253906
2013-10-03,361.5889587402344
2013-10-04,364.7696228027344
2013-10-07,360.3508605957031
2013-10-08,360.7351379394531
2013-10-09,367.544677734375
2013-10-10,367.1604309082031
2013-10-11,368.5906677246094
2013-10-14,371.5577697753906
2013-10-15,370.490478515625
2013-10-17,375.84844970703125
2013-10-18,386.6498718261719
2013-10-21,389.8731689453125
2013-10-22,386.0307922363281
2013-10-23,382.8501281738281
2013-10-24,377.6202697753906
2013-10-25,378.6875915527344
2013-10-28,380.2886047363281
2013-10-29,382.87152099609375
2013-10-30,383.4478454589844
2013-10-31,390.5135498046875
2013-11-01,387.7598571777344
2013-11-05,388.3789367675781
2013-11-06,383.6399230957031
2013-11-07,378.2178955078125
2013-11-08,373.969970703125
2013-11-11,368.8254699707031
2013-11-12,364.0011901855469
2013-11-13,360.5003356933594
2013-11-14,363.5955505371094
2013-11-18,373.4576416015625
2013-11-19,374.9945983886719
2013-11-20,368.2277526855469
2013-11-21,361.86651611328125
2013-11-22,360.2228088378906
2013-11-25,363.61688232421875
2013-11-26,359.15545654296875
2013-11-27,357.7466125488281
2013-11-28,362.01593017578125
2013-11-29,364.25726318359375
2013-12-02,365.15380859375
2013-12-03,367.9715881347656
2013-12-04,365.47406005859375
2013-12-05,371.8566589355469
2013-12-06,370.02093505859375
2013-12-09,375.250732421875
2013-12-10,377.68426513671875
2013-12-11,376.80908203125
2013-12-12,371.5151672363281
2013-12-13,369.1670227050781
2013-12-16,360.7778015136719
2013-12-17,358.28033447265625
2013-12-18,367.1391296386719
2013-12-19,364.6202087402344
2013-12-20,382.16705322265625
2013-12-23,382.63665771484375
2013-12-24,383.4051818847656
2013-12-26,378.9223937988281
2013-12-27,375.20806884765625
2013-12-30,378.7302551269531
2013-12-31,382.18841552734375
2014-01-01,379.4560241699219
2014-01-02,373.5643615722656
2014-01-03,368.974853515625
2014-01-06,365.0044250488281
2014-01-07,359.51837158203125
2014-01-08,362.4855651855469
2014-01-09,363.1899719238281
2014-01-10,366.37066650390625
2014-01-13,375.86981201171875
2014-01-14,376.3394470214844
2014-01-15,378.02581787109375
2014-01-16,378.3246765136719
2014-01-17,377.7269592285156
2014-01-20,371.322998046875
2014-01-21,368.4626159667969
2014-01-22,372.4757385253906
2014-01-23,369.63665771484375
2014-01-24,370.42645263671875
2014-01-27,359.96661376953125
2014-01-28,360.69244384765625
2014-01-29,357.1701965332031
2014-01-30,352.2178649902344
2014-01-31,354.8434753417969
2014-02-03,350.4674377441406
2014-02-04,350.74493408203125
2014-02-05,348.90911865234375
2014-02-06,348.3114929199219
2014-02-07,347.7137145996094
2014-02-10,350.91571044921875
2014-02-11,343.7859802246094
2014-02-12,349.1866149902344
2014-02-13,344.7038879394531
2014-02-14,350.9584045410156
2014-02-17,346.7958679199219
2014-02-18,347.15875244140625
2014-02-19,346.7745056152344
2014-02-20,343.8713684082031
2014-02-21,346.4542541503906
2014-02-24,346.8171691894531
2014-02-25,346.0487060546875
2014-02-26,346.11273193359375
2014-02-28,341.52325439453125
2014-03-03,342.9961853027344
2014-03-04,347.0733947753906
2014-03-05,344.5331726074219
2014-03-06,351.1291809082031
2014-03-07,371.17352294921875
2014-03-10,378.02581787109375
2014-03-11,373.4576416015625
2014-03-12,372.006103515625
2014-03-13,375.5069274902344
2014-03-14,378.3246765136719
2014-03-18,382.7220764160156
2014-03-19,385.5184631347656
2014-03-20,386.7992248535156
2014-03-21,378.1752624511719
2014-03-24,386.5430603027344
2014-03-25,375.4001770019531
2014-03-26,380.4806823730469
2014-03-27,384.557861328125
2014-03-28,391.1325988769531
2014-03-31,397.3658142089844
2014-04-01,402.4249572753906
2014-04-02,409.0850524902344
2014-04-03,406.71563720703125
2014-04-04,403.1293640136719
2014-04-07,403.086669921875
2014-04-09,410.77142333984375
2014-04-10,413.71728515625
2014-04-11,407.18511962890625
2014-04-15,405.1999206542969
2014-04-16,401.869873046875
2014-04-17,409.4693298339844
2014-04-21,409.6827087402344
2014-04-22,413.1622314453125
2014-04-23,412.9061279296875
2014-04-24,412.9061279296875
2014-04-25,404.8370666503906
2014-04-28,403.4495849609375
2014-04-29,401.4429931640625
2014-04-30,399.5217590332031
2014-05-02,396.2344055175781
2014-05-05,404.2393493652344
2014-05-06,411.28375244140625
2014-05-07,410.2164306640625
2014-05-08,409.9815368652344
2014-05-09,425.9061279296875
2014-05-12,439.1836853027344
2014-05-13,453.9981689453125
2014-05-14,446.3560791015625
2014-05-15,449.7288513183594
2014-05-16,465.3114929199219
2014-05-19,482.902099609375
2014-05-20,465.57012939453125
2014-05-21,464.94500732421875
2014-05-22,474.60260009765625
2014-05-23,486.09259033203125
2014-05-26,474.99066162109375
2014-05-27,469.0624084472656
2014-05-28,469.4719543457031
2014-05-29,462.8539123535156
2014-05-30,459.03826904296875
2014-06-02,466.58331298828125
2014-06-03,472.2744140625
2014-06-04,464.5569152832031
2014-06-05,469.9031677246094
2014-06-06,483.9153137207031
2014-06-09,484.0230407714844
2014-06-10,482.1475830078125
2014-06-11,475.1630859375
2014-06-12,471.7354736328125
2014-06-13,466.4539489746094
2014-06-16,459.36163330078125
2014-06-17,469.9678039550781
2014-06-18,459.9221496582031
2014-06-19,449.29443359375
2014-06-20,446.8800354003906
2014-06-23,447.5052185058594
2014-06-24,456.9472961425781
2014-06-25,453.1317138671875
2014-06-26,436.2739562988281
2014-06-27,436.36016845703125
2014-06-30,437.7829284667969
2014-07-01,434.59246826171875
2014-07-02,439.01165771484375
2014-07-03,433.94580078125
2014-07-04,444.9183349609375
2014-07-07,442.8704528808594
2014-07-08,429.0091857910156
2014-07-09,431.55291748046875
2014-07-10,429.9361572265625
2014-07-11,416.7000732421875
2014-07-14,414.652099609375
2014-07-15,419.15753173828125
2014-07-16,426.7025146484375
2014-07-17,423.5982971191406
2014-07-18,421.1192321777344
2014-07-21,430.1301574707031
2014-07-22,444.4872131347656
2014-07-23,445.4788513183594
2014-07-24,448.841796875
2014-07-25,440.5638427734375
2014-07-28,433.55780029296875
2014-07-30,433.79486083984375
2014-07-31,433.9242248535156
2014-08-01,420.9252624511719
2014-08-04,424.67620849609375
2014-08-05,424.1803894042969
2014-08-06,426.0342712402344
2014-08-07,426.53009033203125
2014-08-08,422.736083984375
2014-08-11,422.736083984375
2014-08-12,424.4175109863281
2014-08-13,426.8966064453125
2014-08-14,432.4151916503906
2014-08-18,436.769775390625
2014-08-19,435.1529541015625
2014-08-20,430.43194580078125
2014-08-21,429.03076171875
2014-08-22,430.4103698730469
2014-08-25,429.3324890136719
2014-08-26,428.2762145996094
2014-08-27,428.4271240234375
2014-08-28,430.5828552246094
2014-09-01,437.222412109375
2014-09-02,441.404541015625
2014-09-03,444.6165466308594
2014-09-04,442.3099365234375
2014-09-05,442.2021179199219
2014-09-08,447.39739990234375
2014-09-09,445.37109375
2014-09-10,437.97698974609375
2014-09-11,439.5074768066406
2014-09-12,437.86920166015625
2014-09-15,432.3289794921875
2014-09-16,422.2617492675781
2014-09-17,426.2498779296875
2014-09-18,433.2559509277344
2014-09-19,429.18157958984375
2014-09-22,427.50018310546875
2014-09-23,416.4197998046875
2014-09-24,416.0748596191406
2014-09-25,400.89862060546875
2014-09-26,402.3645324707031
2014-09-29,402.3213806152344
2014-09-30,407.73223876953125
2014-10-01,399.756103515625
2014-10-07,399.3033752441406
2014-10-08,403.8520202636719
2014-10-09,411.5909423828125
2014-10-10,414.1778564453125
2014-10-13,412.9921875
2014-10-14,414.4365539550781
2014-10-15,414.4365539550781
2014-10-16,401.3944396972656
2014-10-17,404.36932373046875
2014-10-20,403.14056396484375
2014-10-21,400.6830749511719
2014-10-22,407.7107238769531
2014-10-27,405.8567810058594
2014-10-28,402.7094421386719
2014-10-29,410.2760009765625
2014-10-30,422.19708251953125
2014-10-31,431.3804016113281
2014-11-03,432.156494140625
2014-11-05,427.39239501953125
2014-11-07,422.736083984375
2014-11-10,417.92877197265625
2014-11-11,421.5288391113281
2014-11-12,419.95513916015625
2014-11-13,417.8857116699219
2014-11-14,417.8425598144531
2014-11-17,424.7624816894531
2014-11-18,426.2498779296875
2014-11-19,421.7228088378906
2014-11-20,422.84381103515625
2014-11-21,430.1517028808594
2014-11-24,424.82708740234375
2014-11-25,428.1253356933594
2014-11-26,425.56005859375
2014-11-27,426.2498779296875
2014-11-28,427.5217590332031
2014-12-01,414.5875244140625
2014-12-02,415.0401306152344
2014-12-03,417.4976501464844
2014-12-04,413.27239990234375
2014-12-05,412.75506591796875
2014-12-08,407.2579345703125
2014-12-09,405.2100524902344
2014-12-10,402.0627136230469
2014-12-11,390.6805114746094
2014-12-12,380.4193115234375
2014-12-15,378.8887634277344
2014-12-16,372.7665100097656
2014-12-17,374.879150390625
2014-12-18,379.44927978515625
2014-12-19,388.2661437988281
2014-12-22,390.1416015625
2014-12-23,385.3343200683594
2014-12-24,381.1954040527344
2014-12-26,383.2217102050781
2014-12-29,386.735595703125
2014-12-30,379.4707946777344
2014-12-31,384.2134094238281
2015-01-01,382.8121643066406
2015-01-02,381.7989501953125
2015-01-05,377.6168518066406
2015-01-06,360.47894287109375
2015-01-07,368.32574462890625
2015-01-08,363.04425048828125
2015-01-09,370.9126281738281
2015-01-12,366.60113525390625
2015-01-13,363.51849365234375
2015-01-14,359.98309326171875
2015-01-15,372.6156005859375
2015-01-16,374.9654541015625
2015-01-19,379.2552185058594
2015-01-20,389.3440246582031
2015-01-21,390.93927001953125
2015-01-22,381.02294921875
2015-01-23,382.38104248046875
2015-01-27,383.3080139160156
2015-01-28,390.9822998046875
2015-01-29,400.7046813964844
2015-01-30,394.60394287109375
2015-02-02,391.49969482421875
2015-02-03,404.2400207519531
2015-02-04,400.4459533691406
2015-02-05,398.2471618652344
2015-02-06,392.2973327636719
2015-02-09,386.6062316894531
2015-02-10,380.2684631347656
2015-02-11,388.330810546875
2015-02-12,391.9739074707031
2015-02-13,395.5740051269531
2015-02-16,389.2361755371094
2015-02-18,388.7403869628906
2015-02-19,388.9128723144531
2015-02-20,376.4312744140625
2015-02-23,367.0969543457031
2015-02-24,362.7855529785156
2015-02-25,363.51849365234375
2015-02-26,363.0226745605469
2015-02-27,368.86468505859375
2015-03-02,372.6156005859375
2015-03-03,388.3739013671875
2015-03-04,382.79058837890625
2015-03-05,381.540283203125
2015-03-09,374.9438171386719
2015-03-10,370.41680908203125
2015-03-11,369.03717041015625
2015-03-12,372.421630859375
2015-03-13,366.5149841308594
2015-03-16,363.0657958984375
2015-03-17,369.42510986328125
2015-03-18,374.5126647949219
2015-03-19,369.1234130859375
2015-03-20,368.2395324707031
2015-03-23,363.00115966796875
2015-03-24,365.5879821777344
2015-03-25,364.27301025390625
2015-03-26,357.5471496582031
2015-03-27,349.9590148925781
2015-03-30,349.5494384765625
2015-03-31,356.1244201660156
2015-04-01,360.4574279785156
2015-04-06,355.5423278808594
2015-04-07,359.0777282714844
2015-04-08,373.3269958496094
2015-04-09,385.9163818359375
2015-04-10,389.9044494628906
2015-04-13,397.7297058105469
2015-04-15,398.2255554199219
2015-04-16,400.25189208984375
2015-04-17,399.6051940917969
2015-04-20,381.84210205078125
2015-04-21,377.87554931640625
2015-04-22,379.29840087890625
2015-04-23,378.13427734375
2015-04-24,378.9318542480469
2015-04-27,377.3797607421875
2015-04-28,373.0251770019531
2015-04-29,366.4718933105469
2015-04-30,371.79644775390625
2015-05-04,384.127197265625
2015-05-05,384.64453125
2015-05-06,379.513916015625
2015-05-07,375.41802978515625
2015-05-08,388.421142578125
2015-05-11,391.1497497558594
2015-05-12,379.2530517578125
2015-05-13,386.412841796875
2015-05-14,383.4005126953125
2015-05-15,381.5450134277344
2015-05-18,389.2287292480469
2015-05-19,390.97509765625
2015-05-20,396.7815246582031
2015-05-21,391.4989929199219
2015-05-22,394.5986328125
2015-05-25,390.5166931152344
2015-05-26,386.1946105957031
2015-05-27,386.50018310546875
2015-05-28,382.3526916503906
2015-05-29,382.87664794921875
2015-06-01,393.900146484375
2015-06-02,392.3284912109375
2015-06-03,391.3243713378906
2015-06-04,398.4623718261719
2015-06-05,396.3013000488281
2015-06-08,386.565673828125
2015-06-09,385.8017272949219
2015-06-10,395.4499816894531
2015-06-11,382.9421081542969
2015-06-12,388.48663330078125
2015-06-15,393.681884765625
2015-06-16,394.6423034667969
2015-06-17,406.53900146484375
2015-06-18,427.3854064941406
2015-06-19,435.11285400390625
2015-06-22,432.95184326171875
2015-06-23,434.3924865722656
2015-06-24,432.6025695800781
2015-06-25,438.5617980957031
2015-06-26,436.8809814453125
2015-06-29,432.5806579589844
2015-06-30,436.6190185546875
2015-07-01,439.04205322265625
2015-07-02,441.3122253417969
2015-07-03,439.71875
2015-07-06,443.3641357421875
2015-07-07,437.9942626953125
2015-07-08,435.091064453125
2015-07-09,431.07452392578125
2015-07-10,437.3612365722656
2015-07-13,439.6314392089844
2015-07-14,435.61492919921875
2015-07-15,441.44317626953125
2015-07-16,446.9222106933594
2015-07-17,446.0491027832031
2015-07-20,447.3806457519531
2015-07-21,439.9806823730469
2015-07-22,458.5787658691406
2015-07-23,456.35223388671875
2015-07-24,447.5116271972656
2015-07-27,438.9110412597656
2015-07-28,441.05029296875
2015-07-29,434.8290710449219
2015-07-30,436.64080810546875
2015-07-31,437.3830871582031
2015-08-03,437.64501953125
2015-08-04,431.33648681640625
2015-08-05,431.2273254394531
2015-08-06,427.3854064941406
2015-08-07,429.7429504394531
2015-08-10,422.9979248046875
2015-08-11,421.7318420410156
2015-08-12,411.64691162109375
2015-08-13,407.4776306152344
2015-08-14,422.14654541015625
2015-08-17,415.05224609375
2015-08-18,412.1708068847656
2015-08-19,416.75482177734375
2015-08-20,400.0340576171875
2015-08-21,396.3886413574219
2015-08-24,362.1611328125
2015-08-25,370.2813720703125
2015-08-26,372.573486328125
2015-08-27,379.4494934082031
2015-08-28,380.8683776855469
2015-08-31,373.6649169921875
2015-09-01,366.6578674316406
2015-09-02,370.89263916015625
2015-09-03,372.7698974609375
2015-09-04,364.933349609375
2015-09-07,363.7546081542969
2015-09-08,370.4779052734375
2015-09-09,381.58868408203125
2015-09-10,378.5108337402344
2015-09-11,375.86956787109375
2015-09-14,377.1356506347656
2015-09-15,378.5108337402344
2015-09-16,380.9338684082031
2015-09-18,390.90966796875
2015-09-21,383.35687255859375
2015-09-22,370.1722717285156
2015-09-23,371.24188232421875
2015-09-24,365.56634521484375
2015-09-28,364.2129821777344
2015-09-29,367.05072021484375
2015-09-30,376.4589538574219
2015-10-01,377.5067138671875
2015-10-05,387.678955078125
2015-10-06,392.0665588378906
2015-10-07,398.9425964355469
2015-10-08,388.1591796875
2015-10-09,387.39520263671875
2015-10-12,389.31610107421875
2015-10-13,390.123779296875
2015-10-14,394.20574951171875
2015-10-15,394.5331726074219
2015-10-16,399.37921142578125
2015-10-19,420.6404113769531
2015-10-20,417.6716613769531
2015-10-21,416.9294738769531
2015-10-23,417.2132873535156
2015-10-26,411.6250915527344
2015-10-27,410.18438720703125
2015-10-28,409.0493469238281
2015-10-29,410.81744384765625
2015-10-30,413.74249267578125
2015-11-02,419.0250244140625
2015-11-03,422.2557067871094
2015-11-04,415.31414794921875
2015-11-05,408.8965148925781
2015-11-06,415.7944030761719
2015-11-09,419.65814208984375
2015-11-10,402.8499755859375
2015-11-13,407.3466796875
2015-11-16,407.8924255371094
2015-11-17,405.03277587890625
2015-11-18,398.15673828125
2015-11-19,408.0888671875
2015-11-20,413.37139892578125
2015-11-23,416.3837890625
2015-11-24,422.47406005859375
2015-11-26,431.6202392578125
2015-11-27,427.4291687011719
2015-11-30,422.2120361328125
2015-12-01,421.68817138671875
2015-12-02,426.9488830566406
2015-12-03,426.6214599609375
2015-12-04,421.4916687011719
2015-12-07,415.6416015625
2015-12-08,410.7738037109375
2015-12-09,399.8593444824219
2015-12-10,414.8994140625
2015-12-11,416.0345153808594
2015-12-14,416.9731750488281
2015-12-15,426.0539245605469
2015-12-16,427.25445556640625
2015-12-17,440.8101501464844
2015-12-18,433.0391540527344
2015-12-21,433.1264343261719
2015-12-22,431.0308837890625
2015-12-23,438.234375
2015-12-24,436.81549072265625
2015-12-28,441.11578369140625
2015-12-29,443.2986755371094
2015-12-30,438.53997802734375
2015-12-31,442.9493408203125
2016-01-01,443.2768249511719
2016-01-04,434.52349853515625
2016-01-05,438.8237609863281
2016-01-06,450.6330871582031
2016-01-07,442.3600158691406
2016-01-08,447.81719970703125
2016-01-11,459.1026916503906
2016-01-12,456.41778564453125
2016-01-13,470.1262512207031
2016-01-14,463.49029541015625
2016-01-15,468.5763244628906
2016-01-18,443.9316711425781
2016-01-19,455.610107421875
2016-01-20,438.5617980957031
2016-01-21,429.6774597167969
2016-01-22,438.38714599609375
2016-01-25,438.2999267578125
2016-01-27,436.2915954589844
2016-01-28,443.9535217285156
2016-01-29,452.0301513671875
2016-02-01,449.80364990234375
2016-02-02,437.0774230957031
2016-02-03,428.4550476074219
2016-02-04,424.8096923828125
2016-02-05,423.8710632324219
2016-02-08,419.5707702636719
2016-02-09,418.02093505859375
2016-02-10,420.2692565917969
2016-02-11,403.6357727050781
2016-02-12,395.77740478515625
2016-02-15,413.3277587890625
2016-02-16,406.2552795410156
2016-02-17,415.8817138671875
2016-02-18,410.4245300292969
2016-02-19,412.2799072265625
2016-02-22,420.11651611328125
2016-02-23,414.59381103515625
2016-02-24,415.903564453125
2016-02-25,412.1708068847656
2016-02-26,414.8994140625
2016-02-29,422.0155944824219
2016-03-01,428.4114074707031
2016-03-02,437.23028564453125
2016-03-03,442.1853942871094
2016-03-04,439.3694763183594
2016-03-08,448.3629150390625
2016-03-09,454.78057861328125
2016-03-10,441.7051086425781
2016-03-11,442.90570068359375
2016-03-14,445.1977233886719
2016-03-15,445.5251770019531
2016-03-16,446.0708923339844
2016-03-17,448.5547180175781
2016-03-18,453.4994201660156
2016-03-21,457.95843505859375
2016-03-22,462.6162109375
2016-03-23,454.38238525390625
2016-03-28,450.49725341796875
2016-03-29,457.494873046875
2016-03-30,462.2630310058594
2016-03-31,461.4462585449219
2016-04-01,456.7001953125
2016-04-04,456.965087890625
2016-04-05,453.3890380859375
2016-04-06,456.3912048339844
2016-04-07,457.9363708496094
2016-04-08,457.5390930175781
2016-04-11,459.28289794921875
2016-04-12,462.41748046875
2016-04-13,470.65130615234375
2016-04-18,470.077392578125
2016-04-20,457.95843505859375
2016-04-21,459.6582336425781
2016-04-22,458.6868896484375
2016-04-25,448.9520568847656
2016-04-26,448.97412109375
2016-04-27,450.0557556152344
2016-04-28,440.033935546875
2016-04-29,433.85308837890625
2016-05-02,435.7294006347656
2016-05-03,430.8067626953125
2016-05-04,431.82220458984375
2016-05-05,430.56396484375
2016-05-06,427.7825622558594
2016-05-09,434.0296936035156
2016-05-10,433.7868347167969
2016-05-11,430.6302185058594
2016-05-12,438.3121032714844
2016-05-13,431.8442687988281
2016-05-16,430.8730163574219
2016-05-17,427.8708801269531
2016-05-18,428.48895263671875
2016-05-19,419.9460754394531
2016-05-20,412.4407958984375
2016-05-23,410.58648681640625
2016-05-24,415.2000732421875
2016-05-25,419.9460754394531
2016-05-26,418.0256042480469
2016-05-27,430.3211364746094
2016-05-30,427.67218017578125
2016-05-31,422.88201904296875
2016-06-01,421.0056457519531
2016-06-02,422.17559814453125
2016-06-03,423.67669677734375
2016-06-06,421.5354919433594
2016-06-07,421.6458435058594
2016-06-08,421.2264404296875
2016-06-09,428.7538146972656
2016-06-10,431.2041320800781
2016-06-13,433.1466979980469
2016-06-14,431.00543212890625
2016-06-15,434.69189453125
2016-06-16,431.027587890625
2016-06-17,430.409423828125
2016-06-20,437.1642150878906
2016-06-21,435.795654296875
2016-06-22,432.88177490234375
2016-06-23,432.8597106933594
2016-06-24,420.05645751953125
2016-06-27,421.91070556640625
2016-06-28,422.85992431640625
2016-06-29,426.8775329589844
2016-06-30,427.8708801269531
2016-07-01,429.769287109375
2016-07-04,435.6190185546875
2016-07-05,438.4445495605469
2016-07-07,436.1488037109375
2016-07-08,431.9546203613281
2016-07-11,438.1797180175781
2016-07-12,442.9919738769531
2016-07-13,445.3538818359375
2016-07-14,443.6541442871094
2016-07-15,446.8770446777344
2016-07-18,444.2501525878906
2016-07-19,449.3493957519531
2016-07-20,451.6451416015625
2016-07-21,444.29437255859375
2016-07-22,448.0469970703125
2016-07-25,451.5347595214844
2016-07-26,452.1086730957031
2016-07-27,447.2743835449219
2016-07-28,453.1241149902344
2016-07-29,448.0690612792969
2016-08-01,445.6850280761719
2016-08-02,447.1419677734375
2016-08-03,438.81982421875
2016-08-04,438.40045166015625
2016-08-05,448.66510009765625
2016-08-08,454.40447998046875
2016-08-09,455.0446472167969
2016-08-10,443.102294921875
2016-08-11,447.71588134765625
2016-08-12,457.2962341308594
2016-08-16,452.4840087890625
2016-08-17,447.3627014160156
2016-08-18,449.4597473144531
2016-08-19,448.0690612792969
2016-08-22,446.7225341796875
2016-08-23,446.1044616699219
2016-08-24,450.5413818359375
2016-08-25,447.0977783203125
2016-08-26,453.80841064453125
2016-08-29,466.8544921875
2016-08-30,470.80584716796875
2016-08-31,467.9803161621094
2016-09-01,454.38238525390625
2016-09-02,447.38470458984375
2016-09-06,450.27655029296875
2016-09-07,449.28314208984375
2016-09-08,456.2366638183594
2016-09-09,461.1592712402344
2016-09-12,462.02020263671875
2016-09-14,461.24755859375
2016-09-15,470.1877746582031
2016-09-16,474.845458984375
2016-09-19,477.8697204589844
2016-09-20,474.2494812011719
2016-09-21,473.3885498046875
2016-09-22,480.761474609375
2016-09-23,486.87615966796875
2016-09-26,488.8186950683594
2016-09-27,490.2756042480469
2016-09-28,481.51202392578125
2016-09-29,473.4768981933594
2016-09-30,478.4436340332031
2016-10-03,481.53411865234375
2016-10-04,484.02850341796875
2016-10-05,480.96014404296875
2016-10-06,490.40802001953125
2016-10-07,489.61334228515625
2016-10-10,484.02850341796875
2016-10-13,466.7220764160156
2016-10-14,475.7726135253906
2016-10-17,468.2673034667969
2016-10-18,477.2957763671875
2016-10-19,480.0550537109375
2016-10-20,480.1434020996094
2016-10-21,469.8345947265625
2016-10-24,469.4372253417969
2016-10-25,468.3555603027344
2016-10-26,465.3533935546875
2016-10-27,462.9914855957031
2016-10-28,465.75079345703125
2016-11-01,464.0068664550781
2016-11-02,451.9762268066406
2016-11-03,452.0645446777344
2016-11-04,443.94110107421875
2016-11-07,441.9985656738281
2016-11-08,443.0361022949219
2016-11-09,443.5216979980469
2016-11-10,446.0823974609375
2016-11-11,442.26348876953125
2016-11-15,435.0451354980469
2016-11-16,435.55279541015625
2016-11-17,431.6676940917969
2016-11-18,435.97222900390625
2016-11-21,437.7382507324219
2016-11-22,442.13104248046875
2016-11-23,445.46429443359375
2016-11-24,435.906005859375
2016-11-25,438.70947265625
2016-11-28,435.5969543457031
2016-11-29,440.4754333496094
2016-11-30,437.0980224609375
2016-12-01,440.4975280761719
2016-12-02,439.1730041503906
2016-12-05,438.77569580078125
2016-12-06,443.7865905761719
2016-12-07,441.1155700683594
2016-12-08,450.3427734375
2016-12-09,454.2720642089844
2016-12-12,453.4994201660156
2016-12-13,459.06219482421875
2016-12-14,467.75958251953125
2016-12-15,464.8678283691406
2016-12-16,466.7220764160156
2016-12-19,469.1061096191406
2016-12-20,467.0531921386719
2016-12-21,469.4151306152344
2016-12-22,465.04437255859375
2016-12-23,466.7882995605469
2016-12-26,462.4396057128906
2016-12-27,470.0552978515625
2016-12-28,463.43292236328125
2016-12-29,470.38641357421875
2016-12-30,477.8697204589844
2017-01-02,479.0617370605469
2017-01-03,480.96014404296875
2017-01-04,471.1369934082031
2017-01-05,475.6622314453125
2017-01-06,474.5805969238281
2017-01-09,475.7946472167969
2017-01-10,481.1587829589844
2017-01-11,479.4811706542969
2017-01-12,478.2670593261719
2017-01-13,481.401611328125
2017-01-16,475.154541015625
2017-01-17,459.7023010253906
2017-01-18,455.861328125
2017-01-19,456.369140625
2017-01-20,452.8813171386719
2017-01-23,448.5105895996094
2017-01-24,453.5435485839844
2017-01-25,449.128662109375
2017-01-27,452.5722961425781
2017-01-30,461.2696533203125
2017-01-31,461.4462585449219
2017-02-01,463.4108581542969
2017-02-02,460.6957092285156
2017-02-03,456.3470764160156
2017-02-06,459.8789367675781
2017-02-07,455.1329040527344
2017-02-08,452.59429931640625
2017-02-09,455.9496765136719
2017-02-10,454.8017578125
2017-02-13,454.6693420410156
2017-02-14,463.47711181640625
2017-02-15,464.1393127441406
2017-02-16,471.2914733886719
2017-02-17,474.82342529296875
2017-02-20,474.7792053222656
2017-02-21,480.4303283691406
2017-02-22,533.1002807617188
2017-02-23,522.17333984375
2017-02-27,546.9630126953125
2017-02-28,546.5877685546875
2017-03-01,545.0204467773438
2017-03-02,546.0137939453125
2017-03-03,555.6383056640625
2017-03-06,576.300048828125
2017-03-07,576.1234741210938
2017-03-08,570.0531005859375
2017-03-09,568.0883178710938
2017-03-10,565.8367309570312
2017-03-14,569.3024291992188
2017-03-15,576.1234741210938
2017-03-16,572.9005737304688
2017-03-17,574.2471313476562
2017-03-20,565.46142578125
2017-03-21,557.9561157226562
2017-03-22,556.14599609375
2017-03-23,562.1502685546875
2017-03-24,568.0883178710938
2017-03-27,552.3491821289062
2017-03-28,549.9872436523438
2017-03-29,554.7994995117188
2017-03-30,560.9803466796875
2017-03-31,583.165283203125
2017-04-03,606.8953857421875
2017-04-05,624.70947265625
2017-04-06,635.0845947265625
2017-04-07,621.0010986328125
2017-04-10,609.8533935546875
2017-04-11,605.8800048828125
2017-04-12,597.778564453125
2017-04-13,602.5467529296875
2017-04-17,614.4890747070312
2017-04-18,604.9307861328125
2017-04-19,604.3126220703125
2017-04-20,604.6438598632812
2017-04-21,619.1909790039062
2017-04-24,625.7692260742188
2017-04-25,632.5681762695312
2017-04-26,625.3497314453125
2017-04-27,622.2813110351562
2017-04-28,615.968017578125
2017-05-02,605.0852661132812
2017-05-03,604.8866577148438
2017-05-04,599.5225219726562
2017-05-05,586.4102172851562
2017-05-08,583.3861083984375
2017-05-09,587.3375244140625
2017-05-10,600.0302124023438
2017-05-11,600.2288818359375
2017-05-12,596.2113647460938
2017-05-15,593.4078369140625
2017-05-16,598.7940673828125
2017-05-17,597.38134765625
2017-05-18,586.0128173828125
2017-05-19,582.26025390625
2017-05-22,584.6001586914062
2017-05-23,576.3883666992188
2017-05-24,572.9226684570312
2017-05-25,575.019775390625
2017-05-26,590.4057006835938
2017-05-29,599.0589599609375
2017-05-30,600.1405639648438
2017-05-31,591.9067993164062
2017-06-01,586.4102172851562
2017-06-02,584.864990234375
2017-06-05,586.895751953125
2017-06-06,579.5891723632812
2017-06-07,591.1563110351562
2017-06-08,587.933349609375
2017-06-09,589.6993408203125
2017-06-12,582.5250854492188
2017-06-13,580.2734985351562
2017-06-14,599.3238525390625
2017-06-15,611.001220703125
2017-06-16,613.1424560546875
2017-06-19,622.1710815429688
2017-06-20,623.5396118164062
2017-06-21,627.800048828125
2017-06-22,632.5018920898438
2017-06-23,633.9146118164062
2017-06-27,634.4885864257812
2017-06-28,617.4249267578125
2017-06-29,614.8642578125
2017-06-30,609.25732421875
2017-07-03,609.7208862304688
2017-07-04,627.7779541015625
2017-07-05,636.9168090820312
2017-07-06,636.8726196289062
2017-07-07,658.3290405273438
2017-07-10,659.0796508789062
2017-07-11,659.7418212890625
2017-07-12,667.1367797851562
2017-07-13,677.3352661132812
2017-07-14,682.51953125
2017-07-17,690.5294799804688
2017-07-18,676.356201171875
2017-07-19,682.1635131835938
2017-07-20,680.3612670898438
2017-07-21,705.3257446289062
2017-07-24,718.7870483398438
2017-07-25,712.95751953125
2017-07-26,722.1244506835938
2017-07-27,709.686767578125
2017-07-28,709.5309448242188
2017-07-31,718.7646484375
2017-08-01,713.602783203125
2017-08-02,724.9947509765625
2017-08-03,734.2952880859375
2017-08-04,721.8576049804688
2017-08-07,719.2765502929688
2017-08-08,713.1355590820312
2017-08-09,711.4667358398438
2017-08-10,705.0364990234375
2017-08-11,688.08203125
2017-08-14,700.0079345703125
2017-08-16,696.915283203125
2017-08-17,697.3601684570312
2017-08-18,701.0537719726562
2017-08-21,696.15869140625
2017-08-22,694.2230224609375
2017-08-23,704.0130004882812
2017-08-24,697.782958984375
2017-08-28,697.1154174804688
2017-08-29,681.8075561523438
2017-08-30,696.0252685546875
2017-08-31,709.5532836914062
2017-09-01,716.4952392578125
2017-09-04,717.9415283203125
2017-09-05,726.5078125
2017-09-06,732.2037963867188
2017-09-07,728.1097412109375
2017-09-08,727.041748046875
2017-09-11,727.9317626953125
2017-09-12,733.1383056640625
2017-09-13,755.6109008789062
2017-09-14,751.0272216796875
2017-09-15,749.202880859375
2017-09-18,752.5402221679688
2017-09-19,746.3547973632812
2017-09-20,753.9642944335938
2017-09-21,748.8023071289062
2017-09-22,727.4867553710938
2017-09-25,731.1802368164062
2017-09-26,729.8897705078125
2017-09-27,711.2442626953125
2017-09-28,699.9412231445312
2017-09-29,695.001708984375
2017-10-03,710.5322875976562
2017-10-04,728.7772827148438
2017-10-05,733.4942626953125
2017-10-06,744.9752807617188
2017-10-09,739.2792358398438
2017-10-10,750.44873046875
2017-10-11,747.7342529296875
2017-10-12,776.748291015625
2017-10-13,780.0413208007812
2017-10-16,780.3528442382812
2017-10-17,778.1724243164062
2017-10-18,813.9058227539062
2017-10-19,809.8118286132812
2017-10-23,836.37841796875
2017-10-24,831.4833374023438
2017-10-25,836.511962890625
2017-10-26,843.18701171875
2017-10-27,827.5673828125
2017-10-30,838.8258666992188
2017-10-31,837.3573608398438
2017-11-01,847.7704467773438
2017-11-02,842.474853515625
2017-11-03,841.3179321289062
2017-11-06,829.9259033203125
2017-11-07,806.9638061523438
2017-11-08,790.142822265625
2017-11-09,801.4458618164062
2017-11-10,786.6273803710938
2017-11-13,778.9733276367188
2017-11-14,789.1638793945312
2017-11-15,786.4938354492188
2017-11-16,804.4273681640625
2017-11-17,811.5919189453125
2017-11-20,819.557373046875
2017-11-21,829.9703369140625
2017-11-22,828.368408203125
2017-11-23,842.8309326171875
2017-11-24,846.4798583984375
2017-11-27,846.702392578125
2017-11-28,839.5823364257812
2017-11-29,841.9408569335938
2017-11-30,820.1803588867188
2017-12-01,809.9898681640625
2017-12-04,802.4248046875
2017-12-05,813.1939086914062
2017-12-06,824.7194213867188
2017-12-07,829.0804443359375
2017-12-08,819.6908569335938
2017-12-11,815.374267578125
2017-12-12,814.8848876953125
2017-12-13,814.0393676757812
2017-12-14,820.1359252929688
2017-12-15,818.578369140625
2017-12-18,819.6908569335938
2017-12-19,824.0963745117188
2017-12-20,817.154296875
2017-12-21,812.5263671875
2017-12-22,819.1567993164062
2017-12-26,827.5228271484375
2017-12-27,822.138427734375
2017-12-28,822.538818359375
2017-12-29,819.7352905273438
2018-01-01,809.6783447265625
2018-01-02,810.92431640625
2018-01-03,814.1728515625
2018-01-04,819.0678100585938
2018-01-05,821.6934204101562
2018-01-08,826.410400390625
2018-01-09,837.4463500976562
2018-01-10,838.6924438476562
2018-01-11,834.5984497070312
2018-01-12,844.61083984375
2018-01-15,844.744384765625
2018-01-16,821.4263916015625
2018-01-17,822.805908203125
2018-01-18,818.5338745117188
2018-01-19,828.85791015625
2018-01-22,864.6359252929688
2018-01-23,875.0933837890625
2018-01-24,860.052490234375
2018-01-25,859.6519775390625
2018-01-29,858.4059448242188
2018-01-30,845.85693359375
2018-01-31,855.5579223632812
2018-02-01,840.0274047851562
2018-02-02,804.872314453125
2018-02-05,802.9143676757812
2018-02-06,793.9698486328125
2018-02-07,796.016845703125
2018-02-08,805.0503540039062
2018-02-09,799.08740234375
2018-02-12,814.7958374023438
2018-02-14,830.949462890625
2018-02-15,832.7293701171875
2018-02-16,819.9578247070312
2018-02-19,825.0308227539062
2018-02-20,819.7798461914062
2018-02-21,827.1223754882812
2018-02-22,822.67236328125
2018-02-23,831.4833374023438
2018-02-26,835.4439697265625
2018-02-27,845.9458618164062
2018-02-28,849.550537109375
2018-03-01,844.076904296875
2018-03-05,822.4498901367188
2018-03-06,810.6573486328125
2018-03-07,791.87841796875
2018-03-08,811.19140625
2018-03-09,812.6598510742188
2018-03-12,827.9678344726562
2018-03-13,829.3474731445312
2018-03-14,826.8554077148438
2018-03-15,811.5029296875
2018-03-16,801.0453491210938
2018-03-19,796.9959106445312
2018-03-20,791.9227905273438
2018-03-21,798.2418823242188
2018-03-22,808.2542724609375
2018-03-23,795.5718383789062
2018-03-26,801.9798583984375
2018-03-27,800.8228149414062
2018-03-28,785.6038208007812
2018-04-02,794.726318359375
2018-04-03,800.6002807617188
2018-04-04,796.4617919921875
2018-04-05,808.2988891601562
2018-04-06,810.7908935546875
2018-04-09,815.2409057617188
2018-04-10,816.1753540039062
2018-04-11,828.4573974609375
2018-04-12,826.5438232421875
2018-04-13,835.5773315429688
2018-04-16,833.975341796875
2018-04-17,840.3833618164062
2018-04-18,834.8209228515625
2018-04-19,838.6478881835938
2018-04-20,825.8318481445312
2018-04-23,833.0408935546875
2018-04-24,863.3453369140625
2018-04-25,863.7459716796875
2018-04-26,868.0625
2018-04-27,886.7080078125
2018-04-30,857.3378295898438
2018-05-02,865.7039184570312
2018-05-03,855.824951171875
2018-05-04,849.0164184570312
2018-05-07,864.1909790039062
2018-05-08,860.7199096679688
2018-05-09,869.263916015625
2018-05-10,873.2244873046875
2018-05-11,880.4334716796875
2018-05-14,878.074951171875
2018-05-15,871.2664184570312
2018-05-16,850.9742431640625
2018-05-17,841.3623657226562
2018-05-18,831.1273193359375
2018-05-21,828.9024047851562
2018-05-22,824.8082885742188
2018-05-23,811.9033813476562
2018-05-24,815.1073608398438
2018-05-25,819.5127563476562
2018-05-28,819.1567993164062
2018-05-29,816.5313720703125
2018-05-30,815.3298950195312
2018-05-31,820.0023803710938
2018-06-01,828.1904296875
2018-06-04,837.3573608398438
2018-06-05,843.4094848632812
2018-06-06,849.4168701171875
2018-06-07,864.5023803710938
2018-06-08,876.0724487304688
2018-06-11,874.5595092773438
2018-06-12,887.4644165039062
2018-06-13,892.2259521484375
2018-06-14,897.0765380859375
2018-06-15,902.638916015625
2018-06-18,903.8403930664062
2018-06-19,886.4854736328125
2018-06-20,907.1334228515625
2018-06-21,918.4365234375
2018-06-22,901.1259765625
2018-06-25,893.96142578125
2018-06-26,871.2664184570312
2018-06-27,865.3536987304688
2018-06-28,846.6282958984375
2018-06-29,871.266845703125
2018-07-02,860.64990234375
2018-07-03,870.236572265625
2018-07-04,887.0803833007812
2018-07-05,864.1441040039062
2018-07-06,875.8362426757812
2018-07-09,893.3521118164062
2018-07-10,918.9761962890625
2018-07-11,930.7132568359375
2018-07-12,969.7317504882812
2018-07-13,985.3661499023438
2018-07-16,964.2218017578125
2018-07-17,978.69140625
2018-07-18,978.8705444335938
2018-07-19,989.8906860351562
2018-07-20,1011.2142944335938
2018-07-23,1003.7330932617188
2018-07-24,995.3560180664062
2018-07-25,999.1190185546875
2018-07-26,995.0872192382812
2018-07-27,1012.2894897460938
2018-07-30,1031.5970458984375
2018-07-31,1062.596923828125
2018-08-01,1068.286376953125
2018-08-02,1046.7835693359375
2018-08-03,1054.48876953125
2018-08-06,1068.51025390625
2018-08-07,1060.984375
2018-08-08,1090.998779296875
2018-08-09,1091.22265625
2018-08-10,1078.9034423828125
2018-08-13,1064.120361328125
2018-08-14,1084.6375732421875
2018-08-16,1075.8570556640625
2018-08-17,1078.500244140625
2018-08-20,1106.4090576171875
2018-08-21,1117.429443359375
2018-08-23,1137.3642578125
2018-08-24,1144.576416015625
2018-08-27,1157.119873046875
2018-08-28,1181.7584228515625
2018-08-29,1159.538818359375
2018-08-30,1141.8438720703125
2018-08-31,1112.456787109375
2018-09-03,1101.25732421875
2018-09-04,1112.7254638671875
2018-09-05,1099.3310546875
2018-09-06,1130.1517333984375
2018-09-07,1145.56201171875
2018-09-10,1125.1793212890625
2018-09-11,1108.917724609375
2018-09-12,1122.177978515625
2018-09-14,1122.76025390625
2018-09-17,1098.3455810546875
2018-09-18,1090.5057373046875
2018-09-19,1084.77197265625
2018-09-21,1090.8194580078125
2018-09-24,1103.855712890625
2018-09-25,1102.556396484375
2018-09-26,1121.192138671875
2018-09-27,1123.2977294921875
2018-09-28,1127.0606689453125
2018-10-01,1103.5421142578125
2018-10-03,1079.709716796875
2018-10-04,1005.480224609375
2018-10-05,939.7174682617188
2018-10-08,993.9673461914062
2018-10-09,976.630615234375
2018-10-10,987.4269409179688
2018-10-11,974.6148681640625
2018-10-12,1009.3328247070312
2018-10-15,1021.159423828125
2018-10-16,1042.70703125
2018-10-17,1031.507568359375
2018-10-19,986.7100219726562
2018-10-22,952.0816650390625
2018-10-23,944.9588012695312
2018-10-24,936.9400634765625
2018-10-25,923.5455932617188
2018-10-26,936.178466796875
2018-10-29,974.6148681640625
2018-10-30,947.01953125
2018-10-31,950.8273315429688
2018-11-01,946.3475341796875
2018-11-02,963.0570068359375
2018-11-05,976.8546142578125
2018-11-06,989.21875
2018-11-07,995.1319580078125
2018-11-09,979.6769409179688
2018-11-12,967.6264038085938
2018-11-13,985.0526123046875
2018-11-14,983.708740234375
2018-11-15,982.7232055664062
2018-11-16,1010.0944213867188
2018-11-19,1030.3428955078125
2018-11-20,1019.0538940429688
2018-11-21,997.1031494140625
2018-11-22,988.098876953125
2018-11-26,994.2809448242188
2018-11-27,1010.8111572265625
2018-11-28,1032.71728515625
2018-11-29,1046.91796875
2018-11-30,1046.0667724609375
2018-12-03,1036.1217041015625
2018-12-04,1032.4034423828125
2018-12-05,1034.95703125
2018-12-06,1006.7347412109375
2018-12-07,1015.8284301757812
2018-12-10,976.8098754882812
2018-12-11,983.3502197265625
2018-12-12,994.9528198242188
2018-12-13,991.86181640625
2018-12-14,996.4758911132812
2018-12-17,1012.3342895507812
2018-12-18,1018.1578979492188
2018-12-19,1018.5162963867188
2018-12-20,1011.0352783203125
2018-12-21,985.7244873046875
2018-12-24,975.8242797851562
2018-12-26,984.0670776367188
2018-12-27,1003.6435546875
2018-12-28,1008.4368896484375
2018-12-31,1004.5842895507812
2019-01-01,1004.3602905273438
2019-01-02,991.2794799804688
2019-01-03,979.0497436523438
2019-01-04,984.3357543945312
2019-01-07,989.8011474609375
2019-01-08,989.7115478515625
2019-01-09,995.1768798828125
2019-01-10,992.2650146484375
2019-01-11,983.7982177734375
2019-01-14,982.6782836914062
2019-01-15,1012.1102905273438
2019-01-16,1017.7100219726562
2019-01-17,1016.4108276367188
2019-01-18,1061.11865234375
2019-01-21,1108.917724609375
2019-01-22,1106.6329345703125
2019-01-23,1098.703857421875
2019-01-24,1117.6533203125
2019-01-25,1116.3541259765625
2019-01-28,1101.61572265625
2019-01-29,1084.682373046875
2019-01-30,1071.2877197265625
2019-01-31,1099.4654541015625
2019-02-01,1119.89306640625
2019-02-04,1156.5821533203125
2019-02-05,1157.1646728515625
2019-02-06,1173.9190673828125
2019-02-07,1156.13427734375
2019-02-08,1144.755615234375
2019-02-11,1122.8497314453125
2019-02-12,1125.671875
2019-02-14,1096.8223876953125
2019-02-15,1114.96533203125
2019-02-18,1093.1490478515625
2019-02-19,1089.5654296875
2019-02-20,1105.916259765625
2019-02-21,1117.160400390625
2019-02-22,1104.1243896484375
2019-02-25,1104.07958984375
2019-02-26,1093.283447265625
2019-02-27,1096.195068359375
2019-02-28,1102.959716796875
2019-03-01,1098.47998046875
2019-03-05,1108.8729248046875
2019-03-06,1133.197998046875
2019-03-07,1138.0809326171875
2019-03-08,1135.2586669921875
2019-03-11,1168.408935546875
2019-03-12,1192.8236083984375
2019-03-13,1207.114013671875
2019-03-14,1201.9620361328125
2019-03-15,1184.1328125
2019-03-18,1209.5777587890625
2019-03-19,1233.320556640625
2019-03-20,1232.3349609375
2019-03-22,1202.141357421875
2019-03-25,1186.641357421875
2019-03-26,1224.9881591796875
2019-03-27,1208.861083984375
2019-03-28,1218.4923095703125
2019-04-01,1247.028564453125
2019-04-02,1245.10205078125
2019-04-03,1232.11083984375
2019-04-04,1212.265625
2019-04-05,1213.0272216796875
2019-04-08,1190.94189453125
2019-04-09,1195.6009521484375
2019-04-10,1192.8681640625
2019-04-11,1206.666015625
2019-04-12,1203.3509521484375
2019-04-15,1200.7078857421875
2019-04-16,1203.933349609375
2019-04-18,1241.7423095703125
2019-04-22,1205.36669921875
2019-04-23,1221.94189453125
2019-04-24,1244.9229736328125
2019-04-25,1229.6024169921875
2019-04-26,1247.879638671875
2019-04-30,1247.879638671875
2019-05-02,1258.855224609375
2019-05-03,1262.2596435546875
2019-05-06,1240.8016357421875
2019-05-07,1203.70947265625
2019-05-08,1164.24267578125
2019-05-09,1125.716796875
2019-05-10,1120.9683837890625
2019-05-13,1103.855712890625
2019-05-14,1129.3006591796875
2019-05-15,1126.119873046875
2019-05-16,1133.690673828125
2019-05-17,1135.5274658203125
2019-05-20,1187.9405517578125
2019-05-21,1200.394287109375
2019-05-22,1200.9317626953125
2019-05-23,1195.1080322265625
2019-05-24,1197.7513427734375
2019-05-27,1174.2772216796875
2019-05-28,1186.0142822265625
2019-05-29,1176.4276123046875
2019-05-30,1191.389892578125
2019-05-31,1191.748291015625
2019-06-03,1218.671630859375
2019-06-04,1211.0113525390625
2019-06-06,1189.2396240234375
2019-06-07,1178.0853271484375
2019-06-10,1181.892822265625
2019-06-11,1190.852294921875
2019-06-12,1193.5401611328125
2019-06-13,1189.1500244140625
2019-06-14,1180.45947265625
2019-06-17,1148.877197265625
2019-06-18,1147.7122802734375
2019-06-19,1144.442138671875
2019-06-20,1161.823486328125
2019-06-21,1146.3682861328125
2019-06-24,1131.0477294921875
2019-06-25,1161.017333984375
2019-06-26,1159.494140625
2019-06-27,1141.5750732421875
2019-06-28,1122.71533203125
2019-07-01,1136.8265380859375
2019-07-02,1145.472412109375
2019-07-03,1149.10107421875
2019-07-04,1150.400146484375
2019-07-05,1131.898681640625
2019-07-08,1121.774658203125
2019-07-09,1146.9058837890625
2019-07-10,1145.7861328125
2019-07-11,1148.2052001953125
2019-07-12,1147.264404296875
2019-07-15,1143.322265625
2019-07-16,1158.4637451171875
2019-07-17,1148.4739990234375
2019-07-18,1130.5548095703125
2019-07-19,1119.0421142578125
2019-07-22,1147.264404296875
2019-07-23,1141.03759765625
2019-07-24,1128.0911865234375
2019-07-25,1103.3629150390625
2019-07-26,1087.5045166015625
2019-07-29,1084.9510498046875
2019-07-30,1058.0277099609375
2019-07-31,1044.902099609375
2019-08-01,1057.4454345703125
2019-08-02,1067.4881591796875
2019-08-05,1030.53369140625
2019-08-06,1016.9688110351562
2019-08-07,999.93359375
2019-08-08,1038.6458740234375
2019-08-09,1047.4337158203125
2019-08-13,1148.9683837890625
2019-08-14,1161.1363525390625
2019-08-16,1151.8975830078125
2019-08-19,1165.0570068359375
2019-08-20,1150.0499267578125
2019-08-21,1145.5430908203125
2019-08-22,1123.7310791015625
2019-08-23,1149.959716796875
2019-08-26,1141.8026123046875
2019-08-27,1149.058349609375
2019-08-28,1138.648193359375
2019-08-29,1119.224365234375
2019-08-30,1125.3533935546875
2019-09-03,1087.3624267578125
2019-09-04,1082.6304931640625
2019-09-05,1080.3321533203125
2019-09-06,1101.8739013671875
2019-09-09,1101.603515625
2019-09-11,1112.599853515625
2019-09-12,1090.922607421875
2019-09-13,1104.6680908203125
2019-09-16,1091.2833251953125
2019-09-17,1079.2955322265625
2019-09-18,1086.7315673828125
2019-09-19,1062.7110595703125
2019-09-20,1130.5810546875
2019-09-23,1116.926025390625
2019-09-24,1152.528564453125
2019-09-25,1153.294677734375
2019-09-26,1168.8426513671875
2019-09-27,1179.8836669921875
2019-09-30,1200.794677734375
2019-10-01,1176.143310546875
2019-10-03,1181.6865234375
2019-10-04,1179.0274658203125
2019-10-07,1180.830322265625
2019-10-09,1194.03466796875
2019-10-10,1228.2852783203125
2019-10-11,1219.13671875
2019-10-14,1224.0037841796875
2019-10-15,1229.5469970703125
2019-10-16,1236.9378662109375
2019-10-17,1258.7049560546875
2019-10-18,1276.5963134765625
2019-10-22,1274.6134033203125
2019-10-23,1255.0093994140625
2019-10-24,1294.7130126953125
2019-10-25,1289.9810791015625
2019-10-27,1292.7301025390625
2019-10-29,1322.2938232421875
2019-10-30,1333.15478515625
2019-10-31,1319.860107421875
2019-11-01,1313.145263671875
2019-11-04,1313.8211669921875
2019-11-05,1304.4925537109375
2019-11-06,1293.31591796875
2019-11-07,1314.677490234375
2019-11-08,1302.8701171875
2019-11-11,1286.9166259765625
2019-11-13,1327.0257568359375
2019-11-14,1318.4180908203125
2019-11-15,1325.71875
2019-11-18,1315.21826171875
2019-11-19,1360.7803955078125
2019-11-20,1394.940673828125
2019-11-21,1385.88232421875
2019-11-22,1393.9041748046875
2019-11-25,1407.46923828125
2019-11-26,1406.2974853515625
2019-11-27,1414.9503173828125
2019-11-28,1424.3692626953125
2019-11-29,1398.0953369140625
2019-12-02,1429.957275390625
2019-12-03,1423.107177734375
2019-12-04,1399.49267578125
2019-12-05,1397.8250732421875
2019-12-06,1401.4754638671875
2019-12-09,1417.428955078125
2019-12-10,1407.829833984375
2019-12-11,1408.2353515625
2019-12-12,1413.4630126953125
2019-12-13,1426.7125244140625
2019-12-16,1412.02099609375
2019-12-17,1408.505859375
2019-12-18,1420.358154296875
2019-12-19,1451.093505859375
2019-12-20,1441.3140869140625
2019-12-23,1416.3472900390625
2019-12-24,1393.859130859375
2019-12-26,1365.8729248046875
2019-12-27,1390.1636962890625
2019-12-30,1391.8311767578125
2019-12-31,1364.65625
2020-01-01,1360.64501953125
2020-01-02,1383.8094482421875
2020-01-03,1385.476806640625
2020-01-06,1353.3443603515625
2020-01-07,1374.165283203125
2020-01-08,1363.844970703125
2020-01-09,1395.25634765625
2020-01-10,1394.940673828125
2020-01-13,1391.3804931640625
2020-01-14,1378.491455078125
2020-01-15,1373.4892578125
2020-01-16,1386.1527099609375
2020-01-17,1425.0
2020-01-20,1381.150390625
2020-01-21,1382.547607421875
2020-01-22,1382.0517578125
2020-01-23,1376.1932373046875
2020-01-24,1371.4161376953125
2020-01-27,1357.8961181640625
2020-01-28,1326.5299072265625
2020-01-29,1333.830810546875
2020-01-30,1301.292724609375
2020-01-31,1272.3602294921875
2020-02-03,1248.79052734375
2020-02-04,1285.6546630859375
2020-02-05,1305.573974609375
2020-02-06,1313.956298828125
2020-02-07,1292.189453125
2020-02-10,1293.947021484375
2020-02-11,1309.40478515625
2020-02-12,1325.2230224609375
2020-02-13,1328.693115234375
2020-02-14,1340.8160400390625
2020-02-17,1332.3885498046875
2020-02-18,1322.6092529296875
2020-02-19,1355.41748046875
2020-02-20,1339.328857421875
2020-02-24,1302.374267578125
2020-02-25,1276.6414794921875
2020-02-26,1254.6490478515625
2020-02-27,1249.4664306640625
2020-02-28,1197.5496826171875
2020-03-02,1186.2833251953125
2020-03-03,1210.3487548828125
2020-03-04,1207.5093994140625
2020-03-05,1181.776611328125
2020-03-06,1145.588134765625
2020-03-09,1004.2149658203125
2020-03-11,1039.7271728515625
2020-03-12,958.1119384765625
2020-03-13,996.2381591796875
2020-03-16,915.4791259765625
2020-03-17,908.5389404296875
2020-03-18,872.9364624023438
2020-03-19,827.14892578125
2020-03-20,917.5071411132812
2020-03-23,796.8192749023438
2020-03-24,850.3131713867188
2020-03-25,975.4625854492188
2020-03-26,960.9962158203125
2020-03-27,960.4554443359375
2020-03-30,928.7737426757812
2020-03-31,1003.8544311523438
2020-04-01,973.8402099609375
2020-04-03,971.1361694335938
2020-04-07,1087.0921630859375
2020-04-08,1074.5185546875
2020-04-09,1099.5755615234375
2020-04-13,1071.8145751953125
2020-04-15,1036.392333984375
2020-04-16,1052.7965087890625
2020-04-17,1103.2257080078125
2020-04-20,1121.0721435546875
2020-04-21,1115.2586669921875
2020-04-22,1229.05126953125
2020-04-23,1235.6309814453125
2020-04-24,1277.182373046875
2020-04-27,1288.6741943359375
2020-04-28,1287.2320556640625
2020-04-29,1286.150390625
2020-04-30,1321.34716796875
2020-05-04,1293.5863037109375
2020-05-05,1316.5250244140625
2020-05-06,1316.615478515625
2020-05-07,1358.2567138671875
2020-05-08,1407.694580078125
2020-05-11,1421.214599609375
2020-05-12,1333.2899169921875
2020-05-13,1361.577880859375
2020-05-14,1306.53076171875
2020-05-15,1327.8673095703125
2020-05-18,1310.898193359375
2020-05-19,1281.9185791015625
2020-05-20,1304.4835205078125
2020-05-21,1311.35302734375
2020-05-22,1302.5272216796875
2020-05-26,1295.7032470703125
2020-05-27,1315.2655029296875
2020-05-28,1339.55908203125
2020-05-29,1332.41650390625
2020-06-01,1383.323974609375
2020-06-02,1397.290283203125
2020-06-03,1402.7042236328125
2020-06-04,1437.4158935546875
2020-06-05,1439.14453125
2020-06-08,1428.0440673828125
2020-06-09,1398.609619140625
2020-06-10,1430.455322265625
2020-06-11,1399.1102294921875
2020-06-12,1445.604736328125
2020-06-15,1469.033935546875
2020-06-16,1471.8997802734375
2020-06-17,1469.76171875
2020-06-18,1506.656982421875
2020-06-19,1600.8287353515625
2020-06-22,1588.77294921875
2020-06-23,1565.7987060546875
2020-06-24,1572.122314453125
2020-06-25,1563.0689697265625
2020-06-26,1584.678466796875
2020-06-29,1567.845947265625
2020-06-30,1550.512939453125
2020-07-01,1580.9935302734375
2020-07-02,1608.2110595703125
2020-07-03,1633.3798828125
2020-07-06,1691.757568359375
2020-07-07,1665.8575439453125
2020-07-08,1642.607177734375
2020-07-09,1666.5885009765625
2020-07-10,1715.73876953125
2020-07-13,1767.766845703125
2020-07-14,1751.322509765625
2020-07-15,1684.6314697265625
2020-07-16,1684.08349609375
2020-07-17,1746.4805908203125
2020-07-20,1753.9718017578125
2020-07-21,1801.157958984375
2020-07-22,1830.8035888671875
2020-07-23,1879.9539794921875
2020-07-24,1960.6680908203125
2020-07-27,1969.849609375
2020-07-28,1989.491455078125
2020-07-29,1915.4461669921875
2020-07-30,1926.5919189453125
2020-07-31,1888.4500732421875
2020-08-03,1835.3714599609375
2020-08-04,1964.7335205078125
2020-08-05,1942.670654296875
2020-08-06,1949.659423828125
2020-08-07,1960.9422607421875
2020-08-10,1936.64111328125
2020-08-11,1949.385498046875
2020-08-12,1943.72119140625
2020-08-13,1938.651123046875
2020-08-14,1931.114013671875
2020-08-17,1910.604248046875
2020-08-18,1935.4534912109375
2020-08-19,1947.3299560546875
2020-08-20,1915.8116455078125
2020-08-21,1901.92529296875
2020-08-24,1914.6240234375
2020-08-25,1902.153564453125
2020-08-26,1952.5828857421875
2020-08-27,1928.1905517578125
2020-08-28,1933.260986328125
2020-08-31,1900.8746337890625
2020-09-01,1906.858642578125
2020-09-02,1944.26953125
2020-09-03,1929.56103515625
2020-09-04,1897.722900390625
2020-09-07,1902.65625
2020-09-08,1924.9931640625
2020-09-09,1974.554443359375
2020-09-10,2114.01171875
2020-09-11,2119.264892578125
2020-09-14,2103.551513671875
2020-09-15,2118.442626953125
2020-09-16,2123.64990234375
2020-09-17,2100.079833984375
2020-09-18,2106.428955078125
2020-09-21,2060.887451171875
2020-09-22,2020.0504150390625
2020-09-23,2038.0020751953125
2020-09-24,1992.68896484375
2020-09-25,2011.417236328125
2020-09-28,2024.7095947265625
2020-09-29,2051.020751953125
2020-09-30,2041.2454833984375
2020-10-01,2032.931884765625
2020-10-05,2021.009765625
2020-10-06,2019.3197021484375
2020-10-07,2062.394775390625
2020-10-08,2045.7218017578125
2020-10-09,2040.423095703125
2020-10-12,2043.7120361328125
2020-10-13,2083.589599609375
2020-10-14,2089.8017578125
2020-10-15,2015.8023681640625
2020-10-16,1987.755615234375
2020-10-19,1988.120849609375
2020-10-20,1969.5755615234375
2020-10-21,1940.9805908203125
2020-10-22,1924.85595703125
2020-10-23,1930.4287109375
2020-10-26,1853.7342529296875
2020-10-27,1858.667724609375
2020-10-28,1837.609619140625
2020-10-29,1851.7242431640625
2020-10-30,1876.93896484375
2020-11-02,1715.1905517578125
2020-11-03,1690.478515625
2020-11-04,1747.8509521484375
2020-11-05,1786.038330078125
2020-11-06,1853.7799072265625
2020-11-09,1873.4674072265625
2020-11-10,1904.391845703125
2020-11-11,1824.591064453125
2020-11-12,1808.8775634765625
2020-11-13,1823.8602294921875
2020-11-14,1829.25048828125
2020-11-17,1820.9825439453125
2020-11-18,1815.4554443359375
2020-11-19,1802.6197509765625
2020-11-20,1735.3349609375
2020-11-23,1782.1099853515625
2020-11-24,1794.30615234375
2020-11-25,1779.4605712890625
2020-11-26,1783.845703125
2020-11-27,1763.016357421875
2020-12-01,1785.947021484375
2020-12-02,1788.9161376953125
2020-12-03,1794.30615234375
2020-12-04,1778.5013427734375
2020-12-07,1788.9617919921875
2020-12-08,1821.439453125
2020-12-09,1851.77001953125
2020-12-10,1833.544189453125
2020-12-11,1832.447998046875
2020-12-14,1819.2010498046875
2020-12-15,1803.716064453125
2020-12-16,1805.7259521484375
2020-12-17,1813.9937744140625
2020-12-18,1819.429443359375
2020-12-21,1772.0606689453125
2020-12-22,1769.320068359375
2020-12-23,1775.85205078125
2020-12-24,1821.804931640625
2020-12-28,1830.1639404296875
2020-12-29,1818.0592041015625
2020-12-30,1823.0380859375
2020-12-31,1813.7197265625
2021-01-01,1815.7294921875
2021-01-04,1818.7899169921875
2021-01-05,1796.1790771484375
2021-01-06,1748.8101806640625
2021-01-07,1745.9781494140625
2021-01-08,1766.5792236328125
2021-01-11,1733.2794189453125
2021-01-12,1787.9112548828125
2021-01-13,1771.2384033203125
2021-01-14,1791.1544189453125
2021-01-15,1770.005126953125
2021-01-18,1812.4864501953125
2021-01-19,1842.1319580078125
2021-01-20,1877.1217041015625
2021-01-21,1917.95849609375
2021-01-22,1872.4625244140625
2021-01-25,1773.2484130859375
2021-01-27,1731.223876953125
2021-01-28,1714.368408203125
2021-01-29,1682.7587890625
2021-02-01,1731.498046875
2021-02-02,1759.362060546875
2021-02-03,1763.7928466796875
2021-02-04,1757.9915771484375
2021-02-05,1757.4891357421875
2021-02-08,1782.7952880859375
2021-02-09,1787.0889892578125
2021-02-10,1803.6702880859375
2021-02-11,1878.0352783203125
2021-02-12,1865.15380859375
2021-02-15,1856.9317626953125
2021-02-16,1881.5069580078125
2021-02-17,1903.204345703125
2021-02-18,1888.998291015625
2021-02-19,1900.50927734375
2021-02-22,1834.5491943359375
2021-02-23,1848.572509765625
2021-02-24,1882.8773193359375
2021-02-25,1959.023681640625
2021-02-26,1905.533935546875
2021-03-01,1920.0596923828125
2021-03-02,1923.988037109375
2021-03-03,2011.7825927734375
2021-03-04,1987.8013916015625
2021-03-05,1990.4049072265625
2021-03-08,2001.7333984375
2021-03-09,2001.6876220703125
2021-03-10,1993.3740234375
2021-03-12,1952.8570556640625
2021-03-15,1926.637451171875
2021-03-16,1919.0548095703125
2021-03-17,1877.715576171875
2021-03-18,1835.4627685546875
2021-03-19,1902.0623779296875
2021-03-22,1884.15625
2021-03-23,1907.0869140625
2021-03-24,1870.3612060546875
2021-03-25,1819.3382568359375
2021-03-26,1822.2615966796875
2021-03-30,1853.9169921875
2021-03-31,1829.981201171875
2021-04-01,1847.1107177734375
2021-04-05,1820.3887939453125
2021-04-06,1812.8060302734375
2021-04-07,1829.7528076171875
2021-04-08,1832.0367431640625
2021-04-09,1810.75048828125
2021-04-12,1745.9781494140625
2021-04-13,1764.8433837890625
2021-04-15,1776.2630615234375
2021-04-16,1765.1175537109375
2021-04-19,1737.3447265625
2021-04-20,1736.842529296875
2021-04-22,1741.638671875
2021-04-23,1739.7659912109375
2021-04-26,1770.37060546875
2021-04-27,1816.7801513671875
2021-04-28,1824.6824951171875
2021-04-29,1849.1207275390625
2021-04-30,1822.12451171875
2021-05-03,1789.7384033203125
2021-05-04,1750.95703125
2021-05-05,1754.1546630859375
2021-05-06,1764.112548828125
2021-05-07,1764.7978515625
2021-05-10,1759.7274169921875
2021-05-11,1766.0767822265625
2021-05-12,1747.80517578125
2021-05-14,1769.8681640625
2021-05-17,1790.9259033203125
2021-05-18,1816.1405029296875
2021-05-19,1824.4541015625
2021-05-20,1813.81103515625
2021-05-21,1829.4788818359375
2021-05-24,1814.039306640625
2021-05-25,1793.4840087890625
2021-05-26,1799.78759765625
2021-05-27,1805.31494140625
2021-05-28,1913.756103515625
2021-05-31,1973.59521484375
2021-06-01,1981.4520263671875
2021-06-02,2011.006103515625
2021-06-03,2018.68017578125
2021-06-04,2001.1851806640625
2021-06-07,2034.89599609375
2021-06-08,2023.202392578125
2021-06-09,1987.0247802734375
2021-06-10,1994.3333740234375
2021-06-11,2028.9263916015625
2021-06-14,2058.033447265625
2021-06-15,2062.708740234375
2021-06-16,2027.50537109375
2021-06-17,2031.21826171875
2021-06-18,2040.3857421875
2021-06-21,2051.020263671875
2021-06-22,2040.4774169921875
2021-06-23,2021.775634765625
2021-06-24,1974.2415771484375
2021-06-25,1929.2745361328125
2021-06-28,1912.3603515625
2021-06-29,1914.010498046875
2021-06-30,1934.95849609375
2021-07-01,1923.3157958984375
2021-07-02,1951.826904296875
2021-07-05,1971.21630859375
2021-07-06,1947.9306640625
2021-07-07,1934.408447265625
2021-07-08,1918.4110107421875
2021-07-09,1898.7923583984375
2021-07-12,1910.61865234375
2021-07-13,1924.9200439453125
2021-07-14,1912.3603515625
2021-07-15,1909.0142822265625
2021-07-16,1936.5628662109375
2021-07-19,1924.232421875
2021-07-20,1919.510986328125
2021-07-22,1944.171875
2021-07-23,1930.420654296875
2021-07-26,1903.9720458984375
2021-07-27,1883.9407958984375
2021-07-28,1867.7601318359375
2021-07-29,1882.3365478515625
2021-07-30,1865.8807373046875
2021-08-02,1899.984130859375
2021-08-03,1913.9647216796875
2021-08-04,1928.6329345703125
2021-08-05,1956.5941162109375
2021-08-06,1915.1566162109375
2021-08-09,1904.2469482421875
2021-08-10,1914.23974609375
2021-08-11,1941.054931640625
2021-08-12,1934.821044921875
2021-08-13,1967.0450439453125
2021-08-16,1992.5767822265625
2021-08-17,1984.0968017578125
2021-08-18,1991.797607421875
2021-08-20,1969.4287109375
2021-08-23,1982.3551025390625
2021-08-24,2001.9278564453125
2021-08-25,2019.2545166015625
2021-08-26,2044.786376953125
2021-08-27,2041.9901123046875
2021-08-30,2081.273193359375
2021-08-31,2070.1806640625
2021-09-01,2078.385498046875
2021-09-02,2103.4130859375
2021-09-03,2189.68017578125
2021-09-06,2223.692138671875
2021-09-07,2237.718505859375
2021-09-08,2228.96337890625
2021-09-09,2223.692138671875
2021-09-13,2174.14111328125
2021-09-14,2171.299072265625
2021-09-15,2180.329345703125
2021-09-16,2226.075439453125
2021-09-17,2191.559326171875
2021-09-20,2195.04345703125
2021-09-21,2204.53173828125
2021-09-22,2228.18408203125
2021-09-23,2282.6396484375
2021-09-24,2276.038818359375
2021-09-27,2314.313720703125
2021-09-28,2335.94921875
2021-09-29,2317.4306640625
2021-09-30,2309.54638671875
2021-10-01,2313.6259765625
2021-10-04,2343.375
2021-10-05,2392.009033203125
2021-10-06,2346.766845703125
2021-10-07,2358.272216796875
2021-10-08,2448.89404296875
2021-10-11,2431.842041015625
2021-10-12,2445.731201171875
2021-10-13,2470.62109375
2021-10-14,2475.617431640625
2021-10-18,2482.21826171875
2021-10-19,2504.449462890625
2021-10-20,2475.617431640625
2021-10-21,2404.201904296875
2021-10-22,2408.694091796875
2021-10-25,2385.224853515625
2021-10-26,2439.542724609375
2021-10-27,2408.694091796875
2021-10-28,2382.291015625
2021-10-29,2325.13134765625
2021-11-01,2326.552490234375
2021-11-02,2292.63232421875
2021-11-03,2276.864013671875
2021-11-04,2290.8447265625
2021-11-08,2293.686767578125
2021-11-09,2311.792724609375
2021-11-10,2337.64501953125
2021-11-11,2341.908203125
2021-11-12,2377.249267578125
2021-11-15,2363.22265625
2021-11-16,2308.308837890625
2021-11-17,2258.895751953125
2021-11-18,2267.42138671875
2021-11-22,2166.990478515625
2021-11-23,2187.250732421875
2021-11-24,2155.66845703125
2021-11-25,2285.435546875
2021-11-26,2211.774169921875
2021-11-29,2238.268310546875
2021-11-30,2205.173095703125
2021-12-01,2261.64599609375
2021-12-02,2276.176513671875
2021-12-03,2207.786376953125
2021-12-06,2165.93603515625
2021-12-07,2183.583740234375
2021-12-08,2216.816162109375
2021-12-09,2251.973876953125
2021-12-10,2254.265869140625
2021-12-13,2209.069580078125
2021-12-14,2182.025146484375
2021-12-15,2175.65380859375
2021-12-16,2203.798095703125
2021-12-17,2145.6298828125
2021-12-20,2087.782470703125
2021-12-21,2118.8603515625
2021-12-22,2169.14453125
2021-12-23,2168.365478515625
2021-12-24,2175.287109375
2021-12-27,2172.94921875
2021-12-28,2198.756103515625
2021-12-29,2202.514892578125
2021-12-30,2162.7275390625
2021-12-31,2171.024169921875
2022-01-03,2203.752197265625
2022-01-04,2253.486572265625
2022-01-05,2264.029296875
2022-01-06,2215.349365234375
2022-01-07,2233.226318359375
2022-01-10,2235.059814453125
2022-01-11,2251.14892578125
2022-01-12,2311.242431640625
2022-01-13,2324.260498046875
2022-01-14,2327.652587890625
2022-01-17,2339.79931640625
2022-01-18,2311.884033203125
2022-01-19,2311.700927734375
2022-01-20,2271.22607421875
2022-01-21,2271.592529296875
2022-01-24,2179.96240234375
2022-01-25,2175.699462890625
2022-01-27,2143.475341796875
2022-01-28,2141.412841796875
2022-01-31,2187.9384765625
2022-02-01,2180.696044921875
2022-02-02,2185.14208984375
2022-02-03,2156.906005859375
2022-02-04,2137.241455078125
2022-02-07,2124.2236328125
2022-02-08,2159.93115234375
2022-02-09,2185.096435546875
2022-02-10,2182.8505859375
2022-02-11,2178.58740234375
2022-02-14,2143.88818359375
2022-02-15,2216.6787109375
2022-02-16,2212.094970703125
2022-02-17,2240.101806640625
2022-02-18,2222.592041015625
2022-02-21,2200.13134765625
2022-02-22,2190.138427734375
2022-02-23,2176.43310546875
2022-02-24,2067.980224609375
2022-02-25,2093.8330078125
2022-02-28,2163.139892578125
2022-03-02,2198.8935546875
2022-03-03,2180.329345703125
2022-03-04,2131.97021484375
2022-03-07,2053.12890625
2022-03-08,2049.415771484375
2022-03-09,2158.1435546875
2022-03-10,2193.117919921875
2022-03-11,2199.443603515625
2022-03-14,2217.503662109375
2022-03-15,2166.71533203125
2022-03-16,2203.294189453125
2022-03-17,2275.122314453125
2022-03-21,2262.012451171875
2022-03-22,2320.4560546875
2022-03-23,2327.835693359375
2022-03-24,2364.001953125
2022-03-25,2379.770263671875
2022-03-28,2403.69775390625
2022-03-29,2404.247802734375
2022-03-30,2450.45263671875
2022-03-31,2415.43212890625
2022-04-01,2434.77587890625
2022-04-04,2441.972412109375
2022-04-05,2407.456298828125
2022-04-06,2401.0390625
2022-04-07,2358.684814453125
2022-04-08,2397.92236328125
2022-04-11,2392.92578125
2022-04-12,2347.866943359375
2022-04-13,2339.24951171875
2022-04-18,2332.0986328125
2022-04-19,2420.978515625
2022-04-20,2492.164794921875
2022-04-21,2550.5166015625
2022-04-22,2529.15625
2022-04-25,2470.6669921875
2022-04-26,2544.603515625
2022-04-27,2547.078857421875
2022-04-28,2585.12451171875
2022-04-29,2557.98828125
2022-05-02,2549.00390625
2022-05-04,2469.42919921875
2022-05-05,2421.070068359375
2022-05-06,2402.505859375
2022-05-09,2308.675537109375
2022-05-10,2268.658935546875
2022-05-11,2245.419189453125
2022-05-12,2199.6728515625
2022-05-13,2224.608642578125
2022-05-16,2225.15869140625
2022-05-17,2318.622314453125
2022-05-18,2327.056640625
2022-05-19,2273.426025390625
2022-05-20,2405.989501953125
2022-05-23,2389.900634765625
2022-05-24,2398.10546875
2022-05-25,2394.575927734375
2022-05-26,2371.74853515625
2022-05-27,2360.747314453125
2022-05-30,2442.980712890625
2022-05-31,2413.5068359375
2022-06-01,2414.286376953125
2022-06-02,2497.528076171875
2022-06-03,2548.133056640625
2022-06-06,2537.177734375
2022-06-07,2541.945068359375
2022-06-08,2497.298828125
2022-06-09,2565.78076171875
2022-06-10,2488.314697265625
2022-06-13,2441.239013671875
2022-06-14,2409.335693359375
2022-06-15,2380.182861328125
2022-06-16,2346.904296875
2022-06-17,2374.4072265625
2022-06-20,2331.365478515625
2022-06-21,2368.998291015625
2022-06-22,2297.03271484375
2022-06-23,2259.766357421875
2022-06-24,2291.94482421875
2022-06-27,2285.16064453125
2022-06-28,2317.29296875
2022-06-29,2365.376953125
2022-06-30,2379.587158203125
2022-07-01,2208.19873046875
2022-07-04,2212.782470703125
2022-07-05,2230.705078125
2022-07-06,2211.08642578125
2022-07-07,2189.3134765625
2022-07-08,2192.3388671875
2022-07-11,2222.133544921875
2022-07-12,2218.970458984375
2022-07-13,2179.6416015625
2022-07-14,2197.610107421875
2022-07-15,2201.873046875
2022-07-18,2220.620849609375
2022-07-19,2234.23486328125
2022-07-20,2294.649169921875
2022-07-21,2279.339111328125
2022-07-22,2294.74072265625
2022-07-25,2218.9248046875
2022-07-26,2219.93310546875
2022-07-27,2217.82470703125
2022-07-28,2252.56982421875
2022-07-29,2300.562255859375
2022-08-01,2360.51806640625
2022-08-02,2369.50244140625
2022-08-03,2389.39599609375
2022-08-04,2357.81396484375
2022-08-05,2323.068603515625
2022-08-08,2353.459228515625
2022-08-10,2367.53173828125
2022-08-11,2375.41552734375
2022-08-12,2413.827880859375
2022-08-16,2430.6044921875
2022-08-17,2443.3017578125
2022-08-18,2447.732666015625
2022-08-19,2404.09033203125
2022-08-22,2397.422119140625
2022-08-23,2434.396240234375
2022-08-24,2427.911865234375
2022-08-25,2420.829833984375
2022-08-26,2407.9072265625
2022-08-29,2389.1904296875
2022-08-30,2426.25634765625
2022-09-01,2354.9296875
2022-09-02,2327.42919921875
2022-09-05,2363.575439453125
2022-09-06,2388.45458984375
2022-09-07,2374.56640625
2022-09-08,2377.92333984375
2022-09-09,2363.115478515625
2022-09-12,2389.558349609375
2022-09-13,2409.516845703125
2022-09-14,2380.63671875
2022-09-15,2357.045166015625
2022-09-16,2298.640869140625
2022-09-19,2301.630126953125
2022-09-20,2301.998046875
2022-09-21,2308.344482421875
2022-09-22,2286.59228515625
2022-09-23,2243.73193359375
2022-09-26,2186.5693359375
2022-09-27,2203.95263671875
2022-09-28,2145.2724609375
2022-09-29,2138.6962890625
2022-09-30,2186.937255859375
2022-10-03,2179.349365234375
2022-10-04,2219.54248046875
2022-10-06,2227.72802734375
2022-10-07,2237.15576171875
2022-10-10,2212.736328125
2022-10-11,2168.68017578125
2022-10-12,2184.637939453125
2022-10-13,2191.58203125
2022-10-14,2180.452880859375
2022-10-17,2215.449462890625
2022-10-18,2254.538818359375
2022-10-19,2293.766357421875
2022-10-20,2299.9287109375
2022-10-21,2273.255615234375
2022-10-24,2280.84375
2022-10-25,2245.6171875
2022-10-27,2254.447021484375
2022-10-28,2323.428466796875
2022-10-31,2344.996337890625
2022-11-01,2326.831298828125
2022-11-02,2341.36328125
2022-11-03,2350.10107421875
2022-11-04,2384.68359375
2022-11-07,2397.422119140625
2022-11-09,2395.031005859375
2022-11-10,2366.058837890625
2022-11-11,2420.60009765625
2022-11-14,2408.873046875
2022-11-15,2398.066162109375
2022-11-16,2384.31591796875
2022-11-17,2390.47802734375
2022-11-18,2389.1904296875
2022-11-21,2346.192138671875
2022-11-22,2359.20654296875
2022-11-23,2351.848388671875
2022-11-24,2372.129150390625
2022-11-25,2407.53955078125
2022-11-28,2490.271240234375
2022-11-29,2494.5478515625
2022-11-30,2512.1611328125
2022-12-01,2504.757080078125
2022-12-02,2503.69921875
2022-12-05,2467.185302734375
2022-12-06,2474.313232421875
2022-12-07,2437.79931640625
2022-12-08,2436.6494140625
2022-12-09,2399.7216796875
2022-12-12,2403.400390625
2022-12-13,2414.345703125
2022-12-14,2405.60791015625
2022-12-15,2371.439208984375
2022-12-16,2359.71240234375
2022-12-19,2390.7080078125
2022-12-20,2411.402587890625
2022-12-21,2377.095703125
2022-12-22,2370.933349609375
2022-12-23,2301.400146484375
2022-12-26,2321.49658203125
2022-12-27,2340.48974609375
2022-12-28,2340.259765625
2022-12-29,2339.201904296875
2022-12-30,2342.788818359375
2023-01-02,2369.185791015625
2023-01-03,2351.848388671875
2023-01-04,2316.438232421875
2023-01-05,2312.29931640625
2023-01-06,2333.3154296875
2023-01-09,2388.408447265625
2023-01-10,2353.090087890625
2023-01-11,2323.428466796875
2023-01-12,2273.255615234375
2023-01-13,2269.576904296875
2023-01-16,2247.962646484375
2023-01-17,2279.878173828125
2023-01-18,2276.10693359375
2023-01-19,2273.669921875
2023-01-20,2246.629150390625
2023-01-23,2235.27001953125
2023-01-24,2222.07177734375
2023-01-25,2191.35205078125
2023-01-27,2149.779296875
2023-01-30,2170.3818359375
2023-01-31,2164.955078125
2023-02-01,2152.124755859375
2023-02-02,2140.2138671875
2023-02-03,2142.099365234375
2023-02-06,2125.957763671875
2023-02-07,2120.853271484375
2023-02-08,2163.207763671875
2023-02-09,2166.978515625
2023-02-10,2149.135498046875
2023-02-13,2136.90283203125
2023-02-14,2187.25927734375
2023-02-15,2236.78759765625
2023-02-16,2235.0400390625
2023-02-17,2244.37548828125
2023-02-20,2220.646240234375
2023-02-21,2238.765380859375
2023-02-22,2187.994873046875
2023-02-23,2177.509765625
2023-02-24,2192.40966796875
2023-02-27,2177.83154296875
2023-02-28,2136.1669921875
2023-03-01,2155.8037109375
2023-03-02,2139.385986328125
2023-03-03,2193.973388671875
2023-03-06,2215.403564453125
2023-03-08,2223.359375
2023-03-09,2169.921875
2023-03-10,2136.304931640625
2023-03-13,2101.17041015625
2023-03-14,2093.306640625
2023-03-15,2057.5283203125
2023-03-16,2047.27294921875
2023-03-17,2044.6978759765625
2023-03-20,2024.6011962890625
2023-03-21,2087.55810546875
2023-03-22,2093.904541015625
2023-03-23,2067.415771484375
2023-03-24,2026.4866943359375
2023-03-27,2057.988037109375
2023-03-28,2067.599609375
2023-03-29,2055.366943359375
2023-03-31,2143.98486328125
2023-04-03,2144.352783203125
2023-04-05,2139.2021484375
2023-04-06,2153.550048828125
2023-04-10,2138.2822265625
2023-04-11,2148.859375
2023-04-12,2158.3330078125
2023-04-13,2166.472900390625
2023-04-17,2177.463623046875
2023-04-18,2152.53857421875
2023-04-19,2163.253662109375
2023-04-20,2157.781005859375
2023-04-21,2160.494384765625
2023-04-24,2168.772216796875
2023-04-25,2185.37353515625
2023-04-26,2172.543212890625
2023-04-27,2186.29345703125
2023-04-28,2226.256591796875
2023-05-02,2245.157470703125
2023-05-03,2225.888671875
2023-05-04,2251.5498046875
2023-05-05,2245.80126953125
2023-05-08,2273.53173828125
2023-05-09,2280.56787109375
2023-05-10,2296.249755859375
2023-05-11,2281.2578125
2023-05-12,2284.982666015625
2023-05-15,2289.489501953125
2023-05-16,2256.88427734375
2023-05-17,2243.5478515625
2023-05-18,2238.71923828125
2023-05-19,2245.985107421875
2023-05-22,2257.98779296875
2023-05-23,2257.573974609375
2023-05-24,2244.421630859375
2023-05-25,2244.145751953125
2023-05-26,2305.355224609375
2023-05-29,2318.323486328125
2023-05-30,2317.725830078125
2023-05-31,2271.692138671875
2023-06-01,2265.575927734375
2023-06-02,2258.171875
2023-06-05,2278.452392578125
2023-06-06,2280.3837890625
2023-06-07,2297.67529296875
2023-06-08,2299.0546875
2023-06-09,2282.775390625
2023-06-12,2284.798583984375
2023-06-13,2318.553466796875
2023-06-14,2347.06591796875
2023-06-15,2347.709716796875
2023-06-16,2370.565673828125
2023-06-19,2347.019775390625
2023-06-20,2351.89453125
2023-06-21,2358.516845703125
2023-06-22,2332.02783203125
2023-06-23,2312.943115234375
2023-06-26,2295.283935546875
2023-06-27,2296.11181640625
2023-06-28,2326.509521484375
2023-06-30,2345.59423828125
2023-07-03,2405.7919921875
2023-07-04,2381.004638671875
2023-07-05,2377.095703125
2023-07-06,2426.9921875
2023-07-07,2422.255615234375
2023-07-10,2515.564208984375
2023-07-11,2542.834716796875
2023-07-12,2545.639892578125
2023-07-13,2522.876220703125
2023-07-14,2520.7607421875
2023-07-17,2572.266845703125
2023-07-18,2594.11083984375
2023-07-19,2613.79345703125
2023-07-20,2610.628173828125
2023-07-21,2529.8134765625
2023-07-24,2478.644287109375
2023-07-25,2477.050048828125
2023-07-26,2517.3076171875
2023-07-27,2493.890380859375
2023-07-28,2518.9521484375
2023-07-31,2540.276611328125
2023-08-01,2504.353515625
2023-08-02,2477.59814453125
2023-08-03,2467.184814453125
2023-08-04,2500.71630859375
2023-08-07,2514.966064453125
2023-08-08,2499.8193359375
2023-08-09,2516.311279296875
2023-08-10,2527.521728515625
2023-08-11,2538.183837890625
2023-08-14,2568.177978515625
2023-08-16,2566.08544921875
2023-08-17,2529.066162109375
2023-08-18,2547.800048828125
2023-08-21,2520.0
2023-08-22,2519.39990234375
2023-08-23,2522.199951171875
2023-08-24,2479.800048828125
2023-08-25,2468.35009765625
2023-08-28,2443.75
2023-08-29,2420.35009765625
2023-08-30,2418.050048828125
2023-08-31,2407.0
2023-09-01,2412.64990234375
2023-09-04,2410.699951171875
2023-09-05,2423.60009765625
2023-09-06,2428.699951171875
2023-09-07,2432.0
2023-09-08,2448.199951171875
2023-09-11,2474.60009765625
2023-09-12,2438.85009765625
2023-09-13,2451.050048828125
2023-09-14,2453.300048828125
2023-09-15,2457.85009765625
2023-09-18,2436.449951171875
2023-09-20,2382.14990234375
2023-09-21,2364.800048828125
2023-09-22,2354.949951171875
2023-09-25,2340.449951171875
2023-09-26,2342.5
2023-09-27,2368.89990234375
2023-09-28,2334.10009765625
2023-09-29,2345.0
2023-10-03,2318.14990234375
2023-10-04,2314.14990234375
2023-10-05,2314.10009765625
2023-10-06,2318.0
2023-10-09,2298.25
2023-10-10,2308.39990234375
2023-10-11,2345.050048828125
2023-10-12,2349.39990234375
2023-10-13,2349.300048828125
2023-10-16,2344.050048828125
2023-10-17,2355.25
2023-10-18,2324.0
2023-10-19,2306.14990234375
2023-10-20,2299.10009765625
2023-10-23,2263.199951171875
2023-10-25,2257.949951171875
2023-10-26,2226.5
2023-10-27,2265.800048828125
2023-10-30,2312.5
2023-10-31,2287.89990234375
2023-11-01,2297.39990234375
2023-11-02,2320.199951171875
2023-11-03,2319.699951171875
2023-11-06,2339.0
2023-11-07,2323.800048828125
2023-11-08,2335.89990234375
2023-11-09,2310.550048828125
2023-11-10,2314.89990234375
2023-11-13,2314.60009765625
2023-11-15,2356.449951171875
2023-11-16,2360.699951171875
2023-11-17,2355.550048828125
2023-11-20,2349.35009765625
2023-11-21,2378.89990234375
2023-11-22,2388.199951171875
2023-11-23,2395.5
2023-11-24,2393.89990234375
2023-11-28,2394.39990234375
2023-11-29,2400.699951171875
2023-11-30,2377.449951171875
2023-12-01,2394.300048828125
2023-12-04,2420.199951171875
2023-12-05,2437.75
2023-12-06,2461.10009765625
2023-12-07,2457.050048828125
2023-12-08,2455.75
2023-12-11,2459.35009765625
2023-12-12,2424.050048828125
2023-12-13,2433.949951171875
2023-12-14,2464.14990234375
2023-12-15,2495.60009765625
2023-12-18,2521.0
2023-12-19,2558.10009765625
2023-12-20,2527.14990234375
2023-12-21,2562.550048828125
2023-12-22,2565.050048828125
2023-12-26,2578.050048828125
2023-12-27,2586.85009765625
2023-12-28,2605.550048828125
2023-12-29,2584.949951171875
