Date,M&M.NS(close),MARUTI.NS(close),NESTLEIND.NS(close),NTPC.NS(close),POWERGRID.NS(close),RELIANCE.NS(close),SBIN.NS(close),SUNPHARMA.NS(close),TATAMOTORS.NS(close),TATASTEEL.NS(close),TCS.NS(close),TECHM.NS(close),TITAN.NS(close),ULTRACEMCO.NS(close),WIPRO.NS(close),ASIANPAINT.NS(close),AXISBANK.NS(close),BAJFINANCE.NS(close),BAJAJFINSV.NS(close),BHARTIARTL.NS(close),HCLTECH.NS(close),HDFCBANK.NS(close),HINDUNILVR.NS(close),ICICIBANK.NS(close),INDUSINDBK.NS(close),INFY.NS(close),ITC.NS(close),JSWSTEEL.NS(close),KOTAKBANK.NS(close)
2011-01-31,,,,,,,,,,,,,,,,,,,,,,,,,,,,,
2011-02-28,-0.13681926625229723,-0.03563887447754466,0.06646020132768826,-0.08652826638972122,0.030257320238832985,0.04889574814088449,-0.004522387072654177,-0.03935570756559004,-0.056056834218746854,-0.05088319950077147,-0.04247545803721975,-0.008756441559532258,-0.07587954290157695,-0.07179889805346329,0.0002282169491567565,-0.06859350424700594,-0.019038712092379728,0.04638701156199154,0.05870825548378966,0.038557552820310814,-0.0984205152993829,0.0024180765461210285,0.0400148363118662,-0.049676800685986566,-0.02121476932303612,-0.03868239202816115,0.039360137468325895,-0.03887335472253761,0.05139515803031669
2011-03-31,0.13739361538782435,0.04465346470544773,0.04166340587238815,0.13688596556496369,0.029812625342489296,0.08799583939378763,0.051264874758805146,0.04486416727159437,0.15294385780484498,0.024870356365836344,0.06633647026794276,0.04788872428469704,0.14531892117929934,0.21562093378683556,0.09584686445779433,0.05210991278542898,0.1520660416525179,0.1385229434770221,0.2114141651951058,0.07878069399814991,0.08023485482463943,0.14306227604772626,0.01808483279095774,0.14971398299227912,0.20282921782502306,0.08147862863150324,0.07751496171391725,0.05285491414522081,0.13035440905725526
2011-04-30,0.08003143538776558,0.04397222177101168,0.08639865946183689,-0.055929730028916214,0.026006330379184872,-0.06229162748746919,0.01421167725489525,0.05254227158136748,-0.009212113921996723,-0.009240692942081186,-0.015415271123924157,0.015159165111603645,0.05723551640679814,-0.03742818733528486,-0.06226579508606356,0.09850332668918282,-0.08352041117392284,-0.0005002288113811204,0.008010531979673496,0.06337441064113802,0.09470942352619915,-0.02144223328972772,-0.006617654975183962,-0.0015677836247006693,-0.014415914252397521,-0.1033689784156605,0.05628765292074722,0.03475967591554174,-0.060609321124736604
2011-05-31,-0.1114489666673476,-0.06640597169663764,0.016629135325413325,-0.07707080031149238,-0.033476876090977936,-0.023495522263253577,-0.16992638039121855,0.025120988871444316,-0.11444395807806484,-0.04460659312777182,-0.007292061312853093,-0.012529070855684221,0.09389258717729976,-0.058348333793798,-0.008660952288438328,0.12931591382636798,-0.0031866796238001482,-0.11837029637737373,-0.01911057930393334,-0.015524271258649303,-0.01227962451891329,0.045305303355978266,0.06784697532943107,-0.025438483877289864,0.016358888686550443,-0.03457282272929785,0.005198741280455499,0.029636648100726637,0.026389130395720883
2011-06-30,0.04433871090050445,-0.05710670543003271,0.0120221659254367,0.11084681676590091,0.08362202571127564,-0.056048740057110136,0.04643268155192337,0.0428316761264913,-0.09230355274569801,0.036077980170399204,0.03036601963314678,0.06705529750539552,-0.027665918511844412,-0.09331128758943696,-0.05550162072118692,0.024009638349027584,0.016935715153096886,0.005581213209672642,-0.005607509557728707,0.05545926038356108,-0.03894681093035324,0.05560497949237697,0.1283861847053409,0.021050709576802218,0.037651815327448546,0.04480087114020037,0.05860852056007859,-0.09516010897415683,0.08585339608564557
2011-07-31,0.02828691844925979,0.040304716630627624,0.06134220649888067,-0.057784787055703224,-0.040182785373584995,-0.07851973617121955,-0.02488924934833847,0.040771187370481465,-0.02719659834723065,-0.05700067906127115,-0.03734037078832986,0.07286557242789571,0.07106331488054263,0.10705445728224583,-0.06776820398321481,-0.01604350083035666,0.03718357455458654,0.14879475186504476,0.04171113930892956,0.10724224937286375,-0.016068908253510372,-0.032418302006508526,-0.04724812268528189,-0.052893624878047274,-0.002941072249032284,-0.04622983470481634,0.026607529222157478,-0.11272242927798037,-0.07059214286420834
2011-08-31,0.02414182958664335,-0.08949170271976592,0.006651032846390237,-0.03861454480914417,-0.046622246147065005,-0.05477395827827802,-0.15822246004913287,-0.051331542758737414,-0.21706568954391103,-0.1692374378338588,-0.08320165282141778,-0.15951535841124298,-0.09879537757222778,0.04545963838620759,-0.1388388786010768,0.04851651969858484,-0.1979438959188098,-0.12188693388450134,0.0024268062710572913,-0.07221315707941744,-0.15149980511902983,-0.030505395578766525,-0.011111633001073318,-0.15770439332602548,-0.09070818942453207,-0.15596741987867013,-0.040076841039608624,-0.12252554741524435,-0.005280259137202203
2011-09-30,0.09022549497107035,-0.007833069822713035,-0.03121357773155875,-0.005004800479382454,-0.004658334731856839,0.03290314048397813,-0.03179151796285651,-0.05244823796959075,0.051124832372629214,-0.11354198163601159,-0.004892099408938311,-0.11505821699415286,0.015799850920220182,0.06671656518480984,0.016554959771875266,-0.03910503152032918,-0.05019822039151123,0.03161311251620735,-0.023463627761511674,-0.06585955101204843,-0.00944176112587003,-0.009110925681368842,0.06304629923190164,0.0024620588870916116,0.06346310658329268,0.0811370689842763,-0.010000115877105253,-0.12710122239746346,0.03840076169556195
2011-10-31,0.07530280374146181,0.03905824315952855,-0.0019402795312908339,0.06919140834227244,0.06500777434923988,0.08560670819648175,-0.002485500036622401,0.09070267412636102,0.271707821587271,0.16239286378873907,0.07867394550113715,0.01976828356810212,0.03996189500449088,0.00963556689451317,0.07570397226889103,0.0037598134911092096,0.13784473604033565,0.0792500389556241,0.03337141477821115,0.03650817240646598,0.08985953497903743,0.04779218435495802,0.10334727643801567,0.06368530120041749,0.09323171797901963,0.14228366679243099,0.07651535707939039,0.10388514539892935,0.11463997387905422
2011-11-30,-0.16195754536763884,-0.13609704147169865,-0.005018719234418656,-0.09428145769236507,-0.054840325232500375,-0.11315615583082617,-0.07546034799239787,0.041728670789582756,-0.1292517154249042,-0.20215382359871437,-0.00022407934844270727,-0.03441511822643095,-0.18246673049524142,-0.003383805225366965,0.02891423222143108,-0.08868345111562204,-0.1826023175112167,-0.07978096634052034,-0.21756779814210592,-0.0145482996005184,-0.13509822028413943,-0.09693888288971109,0.06657797789191622,-0.23487096726469592,-0.13167082680764985,-0.09407319088461796,-0.05840960593221145,-0.09234888424872856,-0.08918809264737126
2011-12-31,-0.05984552903724283,-0.05539269804383973,-0.023953648606326206,-0.009239205019846208,0.010090983529806419,-0.10960463449863889,-0.08136394664569313,-0.05299735568675423,0.03414352892216921,-0.12941338607499608,0.04042829887125343,0.014769652882852924,-0.0374331056985735,0.01549591265604744,0.056999251429863174,-0.09967531194247148,-0.14725900649195178,-0.03839119980563388,0.012382221249317427,-0.11033422875252208,0.010812881904466609,-0.03536728330489047,0.025808879884193114,-0.039020164256073575,-0.09278973439206761,0.061683738124868936,0.0029894229122511273,-0.14490429022914375,-0.07745873943203152
2012-01-31,-0.011733788476537277,0.29227941565437177,0.0344700299950329,0.09283263951562559,0.03995961602531439,0.17916142444998773,0.2733391334923312,0.10218026112723777,0.36401804080469713,0.34426707786330235,-0.021643636790293908,0.13648259358269033,0.18713461068468673,0.041363097011809735,0.043140976873964565,0.15543806849584918,0.3303428169122009,0.23838971311896118,0.04647629427733091,0.06462900382956072,0.13352021609089593,0.1528640664454448,-0.06983331245437707,0.31768038300778967,0.2924507748544525,-0.007822624047750804,0.013164508909644823,0.37914037856605276,0.15747296245998577
2012-02-29,0.053502749280964323,0.05738601183919201,0.04183168202177967,0.051393683346992125,0.0936449620239761,0.004467036186617257,0.09019703762493814,0.003464277475923927,0.11158990399996349,0.04824762371513591,0.0790798228306322,-0.07898788916717603,0.12512308838448116,0.15776899916057618,0.044576352474636094,0.05850861815240327,0.09553050079477376,0.05308740144104007,0.4288735593846684,-0.04238442988286073,0.10807720665824405,0.050802578304231405,0.0032988408143921344,0.004600221233480806,0.06971560752026762,0.050054324827630836,0.01814163905567412,0.15596843731096643,0.09912712621301822
2012-03-31,-0.013594606053897285,0.07626698249674146,0.05223023741774857,-0.10107696000296162,-0.04292017842851592,-0.08547058773096783,-0.06727326348116558,0.035519514432696075,0.015869921138990772,-0.0016927962220510961,-0.04349595446564958,0.20025003257384633,0.0006565951293484584,0.07689861210322957,0.01792528489762879,0.02253548157866314,-0.026788504820165815,0.030170802995189705,-0.047285124074874174,-0.03512277046627177,-0.0035051295573299557,0.005318086378182985,0.07851122061250582,-0.017764744686005196,0.03010408244561047,-0.005947342402670142,0.09270395211831417,-0.10777871394252547,-0.004381713063829951
2012-04-30,0.014067300574940544,0.015809165172048445,0.009404916645080919,-0.0015361154552474554,0.028664086997302496,-0.007327495034763931,0.01991562028381222,0.05816289976259981,0.150045271936053,-0.017170224361480524,0.0665637242922772,-0.026361423869402323,0.019470518835994488,-0.05919232757042536,-0.0796411163325823,0.08784679193878953,-0.034243440386886204,0.07300286709209747,0.19656578168280792,-0.08108908778335377,0.06380639698870949,0.043570264593309815,0.018412390424326963,-0.008817820344932059,0.031245308363551105,-0.14101838667181843,0.0819745115322259,-0.03901886940200805,0.06867161541946176
2012-05-31,-0.08090977831828894,-0.19798089252796702,-0.03614552033579821,-0.09661532078373503,-0.045843079200307835,-0.040501760768617334,-0.020845745581483666,-0.05994006388924544,-0.26393934535149155,-0.1294078789011801,-0.0010025115572422916,-0.04018552856386315,-0.04420589991986135,-0.0007372124678762804,0.01222078181427455,0.14028292813528065,-0.12286019987302599,-0.02792407927034135,-0.10386775550415073,-0.02560380295243614,-0.015623344344481094,-0.06691231693871236,0.02490421799232312,-0.09402247086984106,-0.10039188376561048,-0.009081216956898008,-0.06578403942130984,-0.09317761714300699,-0.03311580594414898
2012-06-30,0.08374196029351033,0.06316735964045539,0.007513603885322073,0.08617133394206045,0.0697128462695158,0.04570574778827119,0.050071777432484144,0.12143900348108327,0.04055800052523928,0.09364557787724981,0.03237712052415764,0.051592470207693975,0.003143314669005859,0.06506994878739092,-0.014762033636187888,-0.025297519981516414,0.062412435921315845,0.07422889793772258,0.043693696121173575,0.008262727483751897,-0.05475652029833411,0.1220836453828209,0.06191598528155717,0.14841995637053573,0.14024779476542437,0.03286866747272965,0.15048634602274347,0.08112004706351472,0.05110894112265796
2012-07-31,0.008201680164043212,-0.029835665325851135,-0.01330661096196073,-0.015364946060237195,0.04755628511865351,0.007792929770781942,-0.07128292174397244,0.027996051439613145,-0.049996218520497404,-0.0338835547524291,-0.024065047406375384,0.006776869875498193,0.001334074736395241,0.08117384974686193,-0.14966247204178273,-0.06332689567167049,0.027959610049972827,0.15232171014697804,0.0903902059759556,-0.0163904420637081,0.08836193588812202,0.04294221787265862,0.03767736243891351,0.06881609627206009,-0.011640849166371425,-0.1124861858736963,-0.002897233432863189,-0.006640800602541463,-0.09457060188779365
2012-08-31,0.08889218774485341,0.013863481244789533,0.03915336056326768,0.07038197339782482,0.004203359040338972,0.030661676295128837,-0.08366156686800141,0.029056656462567165,0.03558017579581918,-0.12800091267405322,0.08048858775305945,0.12608661827591106,-0.007208883879855632,0.037942433410325105,0.06631381731353647,-0.0004393327070971731,-0.05013645757796059,0.010937858881828078,0.06929893422680933,-0.17095882076833235,0.04985044355391266,0.012930486832469557,0.10217179201203641,-0.06162916252923045,-0.05267099879681758,0.06048640559436391,0.03680071668776175,0.03831745570221967,0.07158189278470983
2012-09-30,0.13306692061444303,0.18131678325978706,-0.05034203984301355,0.0032737268525790952,0.019565710916298995,0.09238004170328362,0.21947352415339405,0.04061952325142082,0.1419120541592349,0.10929695509960147,-0.03560946588270997,0.21719273434632025,0.18515995599263868,0.1617274104864832,0.050882212286765593,0.08078108136312889,0.1453923103983923,0.1245888411772973,0.1167969705274956,0.07122682602559993,0.06070896759252076,0.05677312051729322,0.059697173644677415,0.17364096695314668,0.1224134735821274,0.07338082070368146,0.017746787696524935,0.09117788044149577,0.13002964473629852
2012-10-31,0.02284021022957461,0.06463818009424838,0.06773148957339492,-0.016359488302767344,-0.053941756547076114,-0.037864416100369946,-0.05817638859387153,-0.0020126725227290754,-0.04784154281996389,-0.02170113133987317,0.01745222505059507,-0.02427862745152609,-0.007083972800802751,0.01440658393360228,-0.0797792177902199,-0.013758665797675818,0.04102109098674944,0.08900183750966018,-0.025240347969896604,0.015822117238771805,0.05995961901362734,0.008026849442398065,0.0013739497710536508,-0.008122419677308756,0.024767961123442817,-0.06189459399181829,0.037261458551664184,-0.02437417913261941,-0.06936423467422659
2012-11-30,0.07072200231715131,0.02500181277241942,0.014318710869573037,-0.017841102616143134,0.03421029447903967,-0.014649240019593446,0.028456422741832244,0.02261723988325315,0.07340526332439667,-0.015298313651143758,-0.0011400670342557317,-0.07206518884089685,0.20208227484051533,-0.027452068693026743,0.12148852151215128,0.11860671746233731,0.11610021445492347,0.07192069071432239,0.035993267703872345,0.24976833834462653,0.07977000921654631,0.10998099192185773,-0.0009285025244509804,0.04727672927994053,0.14460300640806412,0.031252447272277495,0.05645014469962195,0.005890543102302193,0.11047635604971573
2012-12-31,-0.016209127187335137,0.010991695605020224,0.051093686929698734,-0.036637627895271585,-0.026717585657917042,0.05776749717625762,0.09915679658712029,0.03719107338583805,0.14335343263608968,0.10952892841686124,-0.04425462662618318,0.05925475486540388,-0.08774457235170297,0.023127566188150928,0.0031786172177095118,0.02360087309393566,0.027767131819021795,-0.01808096916376134,0.02420075434186364,-0.05905072706978609,-0.05757816243775837,-0.036010835056095813,-0.0246234993800043,0.034913695186859606,0.0007198721321379775,-0.048484827297379574,-0.03919594513630065,0.09322173402226896,-0.030427399939778943
2013-01-31,-0.04551052475020323,0.06144057345405041,-0.04942599545151927,0.0041548416392325205,-0.03965123423322414,0.05610141043915573,0.022007957495121522,-0.024787810797402332,-0.04685746147374048,-0.05507594519749581,0.07275427580118721,0.07154736055811584,-0.017583953658976692,-0.042163779615603025,0.04847787291585082,0.015476024116971354,0.10954274784125784,-0.01679879774201931,-0.05705267896683741,0.07095574272562044,0.11517003742688892,-0.05238732776556654,-0.09698004951528183,0.04647497692608127,0.04495867001737386,0.20304531331337694,0.0726989496439383,0.08668888187149792,0.046611749384184664
2013-02-28,-0.017486803171353205,-0.14368349262982716,0.006141037854391795,-0.03946545764831255,-0.038899650911391914,-0.08210672614617853,-0.14647262586877852,0.11720082679096033,-0.035067064347976906,-0.15658179660921645,0.12859394916290845,0.052154947490621995,-0.06604606052438655,-0.018133516552245044,0.011785091187576757,-0.050864598576496056,-0.10696624129540011,-0.008051046676151974,-0.04906110981204126,-0.049175581762595066,0.05145344097085314,-0.027525194849315038,-0.06519692490635753,-0.12655835030110107,-0.054612209827728964,0.04212210466307886,-0.04176830160538669,-0.16232278840393288,-0.030498965757074892
2013-03-31,-0.014192439718639371,-0.054011279793364064,-0.0364568009700631,-0.035337946002997,0.01438157826048192,-0.05031623259778473,-0.0039166173936842075,0.020943661405597336,-0.06398904614734913,-0.0838946112903236,0.03872743818341817,0.008039606429450119,-0.017248161109092663,0.0004816971738141884,0.049831930477338915,0.150987865819886,-0.03232511715179576,-0.10399177537273208,-0.0477043069518408,-0.09646951057168063,0.09897689581903646,0.0,0.053944525958674605,0.0046137822853622446,-0.017718421929776906,-0.006071523038498894,0.049694597145292674,-0.09049711844845199,-0.01000610346410491
2013-04-30,0.07291295218407146,0.3031535549336668,0.0856872907624795,0.10848847101968762,0.06049115614489331,0.019795217817876853,0.09241345355402042,0.16130413724007897,0.11462026643403922,-0.03228371733827606,-0.12524147308675793,-0.1002833483901594,0.05577241584471193,0.017068357936307565,-0.20313406496110908,-0.04799439000775074,0.14761287992694005,0.0680688883099203,-0.038428958493719634,0.09254520095712149,-0.09010682986861696,0.09106921874761942,0.2502408479161109,0.11332727971379719,0.15579426674403019,-0.2263139100618079,0.06269193806027351,0.04521437533435857,0.08284832904206918
2013-05-31,0.04701871573353866,-0.03833262989452246,0.06441986954663381,-0.02001896790248059,0.009803996162318418,0.035303525974534455,-0.07838834452381394,0.09783885673326842,0.044333326726083255,-0.036333753920504974,0.08709345936499902,0.014948974029221684,0.08441071665001343,-0.011863042040254679,-0.05942289207860185,0.0388465888480658,-0.04163617470177672,0.20069327265032255,-0.10641622866475431,-0.049660446014835324,0.03250581030902633,0.026674284444343943,0.01490238520895959,0.008699508312995041,0.10593286921874157,0.09136955460396146,0.04914820009245324,-0.02668074472865034,0.10726926431306283
2013-06-30,0.0031521810125234584,-0.04225829742703757,-0.08453905047207733,-0.06776894651700871,-0.01765193258734421,0.06982501303871524,-0.045413640401322675,-0.031174931012960094,-0.10213853934074857,-0.06169663746836773,0.022200206712442494,0.09540035881148312,-0.23863053938606593,-0.0006920856210909099,0.08068347703771805,-0.03909402124690042,-0.07364302756122199,-0.059496648227798654,-0.03084675473909615,-0.03378038975435793,0.041820847900397196,-0.03627055957640146,-0.012405012790341674,-0.07250195148260807,-0.09070741505226809,0.03613632783613463,-0.0457486948010879,-0.03757314564053005,-0.07759116734148608
2013-07-31,-0.06046708663286715,-0.13750614487948065,0.09425727772459647,-0.09078275008221637,-0.09164424493926837,0.010955222985135515,-0.12560119316225715,0.1176905239474022,0.03973647793298074,-0.18730105692716104,0.1985650168972315,0.17597680191156306,0.18840698840426295,-0.016921166736683535,0.2550145418058649,0.0947915927508054,-0.2080560950906023,-0.16506072640196845,-0.08017329163649844,0.18080540133535927,0.2081827618061789,-0.08924592790334107,0.05731225234746029,-0.15101590322377878,-0.17114135764589877,0.1884068824680447,0.05349147107355634,-0.12583573341634025,-0.09581277034460556
2013-08-31,-0.1406078926115668,-0.05692530732067769,-0.07495988216304861,0.0015301875799635933,-0.03412453496686696,-0.020870205861002522,-0.1108934418603329,-0.07801139770299614,0.03012042584515262,0.2702828223362326,0.11991182785205012,0.1032655361325805,-0.14711449352725825,-0.19698902101351734,0.10410968723032865,-0.17070543657630122,-0.19486726502951102,-0.10240825020419864,0.0008480384299935917,-0.13178539093878705,0.1097541051986124,-0.025830228907271824,0.03085450270047474,-0.11583517785988084,-0.07923598010061605,0.0458637383467726,-0.09657602478449656,-0.04320548606399499,0.01111367611849401
2013-09-30,0.05643147236473611,0.09247720287081584,0.06593239794374539,0.13736862197539002,0.016118663315901394,-0.036833246296089306,0.06316872995202272,0.1435388524978296,0.11111118036391998,-0.008941534509051663,-0.051839331405507894,-0.024834568647759236,0.03316264846179795,0.22676884257376329,-0.02181564653950041,0.0909845906965816,0.20997660026640275,0.13508004671582596,0.0260126093898998,0.06536279386753652,0.044932593859064784,-0.0015995124953862572,-0.0063346988569106255,0.09940917825047824,0.033636881747249436,-0.029895080860253165,0.10268886025954505,0.34758501306697465,0.028047349174098013
2013-10-31,0.07299533229881616,0.20437220868191464,0.07230480899430058,0.011190070174844857,0.033146373751080205,0.11223246869084691,0.11260759080908533,0.026125115709134894,0.14631563929715496,0.23329026292294874,0.09776134885336996,0.16118301056091489,0.15122801574295996,0.08707778403682886,0.009829695512839853,0.17711243223122342,0.2131764872193409,0.16091766228314097,0.05392686418062098,0.15204788878053055,0.009358642524293526,0.14796423487257004,-0.01925992031578516,0.26854511992203767,0.2084067866247976,0.10512798535180745,-0.01586385411390756,0.18063444422443897,0.10964477271930972
2013-11-30,0.06465056519204193,0.024416364442681582,-0.07777442725072714,-0.012407514969436373,-0.06120432588970304,-0.06723527681491626,0.012634011069896145,-0.060446985027502786,0.046044910927582006,0.19617796920081454,-0.05099332051586203,0.09445235038783784,-0.14277696205661505,-0.03002257821131238,-0.014444034325993838,-0.0663640098228061,-0.054592229735748954,0.042496744928192776,0.1477824268185295,-0.10923458130135744,-0.008536201777688657,-0.028642751070849792,-0.02476009717439942,-0.04665667817543373,-0.05251337552731927,0.013489766781113355,-0.04358199270902807,0.06628375087307692,0.0057808905964027435
2013-12-31,-0.0011107375516790086,0.05235219585722373,0.028026910993569132,-0.06960936584208754,0.05047314619366583,0.04922661579080789,-0.02910235779185555,-0.007954425323408398,-0.05593169501181572,0.058911700184982374,0.08366818245683905,0.08264828802611368,0.0019645947333484237,-0.07532240442084936,0.18776520248293926,-0.027102064943135273,0.12422674668929967,0.12101672943464115,0.014063313485062512,0.009938721974237508,0.1685598057525446,0.006880291085213486,-0.04052126399702194,0.028166210936753533,-0.0035528729219410637,0.03908117897527075,0.004525641063193531,0.10739757042224873,-0.03772457630315362
2014-01-31,-0.05719131985352832,-0.07236804973473054,-0.045772068910320374,-0.04728163763963844,-0.044044208252984385,-0.07154832295954416,-0.1373619684486308,0.03744842573588825,-0.07133377302801802,-0.16065529868896233,0.03360609370092926,-0.027695393229164256,-0.0346404602943865,-0.030270437520597326,0.033770263978702086,-0.03734693078997664,-0.13589326158217185,-0.03168386535042589,-0.08421974576630475,-0.046177005171925134,0.16135796651643308,-0.056093822340615884,-0.0009641046143024079,-0.10106940761177186,-0.08771104686515152,0.06181070666767585,0.010097851923129397,-0.09816168293383587,-0.09776856421913316
2014-02-28,0.09469789505547199,-0.02887692876543635,-0.03618880741737884,-0.111110984141917,-0.010471220544339688,-0.037538300329279406,0.00616863296903114,0.09512480664151624,0.19281945641061382,-0.034405368090393074,0.015483811436319161,0.04493689780231103,0.09456106846138157,0.07511554699736744,0.038605451943420244,0.0027560724179291896,0.12832280987043965,0.02635275697911954,0.06167743806240433,-0.08698415857284258,0.0775202152623482,0.06539392416797396,-0.0365721669742598,0.05684940951089423,0.03569562110412661,0.03343607683186467,0.007843762443284774,-0.045129928072939474,0.04177771963961607
2014-03-31,0.006362257550434958,0.2408745611293741,0.03376516438284205,0.06672609083810865,0.12621477492902677,0.1635102708114371,0.2619282040503814,-0.10850000030485696,-0.04389021158360462,0.14586966425428982,-0.0626609334143019,-0.03850585222663949,0.08329894295555684,0.18907658599269905,-0.09049820049693114,0.15845651584682452,0.15267757170850205,0.13967553121114018,0.09133116892094972,0.10483300882698732,-0.1173242011028468,0.11827953356319232,0.10250334808586214,0.19274799638742746,0.2625160917962661,-0.14171818934785962,0.07691133549836104,0.18277301262728107,0.1410516969218627
2014-04-30,0.09533992353493259,-0.02472414069079909,-0.05169291361977235,-0.02960796861443793,0.007618956295783796,0.005425592104621568,0.08390257795075406,0.10100036840439852,0.04038626776441756,0.017007264975775316,0.026275810674045497,0.02049766042625989,-0.029881953044635368,-0.07306961934181722,-0.03838371654269168,-0.07810934789833779,0.03882216028228114,0.04405361679041753,0.05596079574081991,0.03241535763486714,0.011583245608886905,-0.036725300016439255,-0.06283541144474825,-0.0013252967489594258,-0.04682681043767889,-0.031070863797742265,-0.034292107908427405,0.04536451002236963,0.027590988086245716
2014-05-31,0.15015844091588804,0.18138344426287212,0.04577877027534605,0.37945846018780993,0.1531190938970186,0.14896938317900066,0.23012785945937653,-0.03500337145271459,0.000723425378694742,0.18582300863171608,-0.021857272049475074,0.04958640601786812,0.2164016528175181,0.17514718979966526,-0.030917913554140752,0.004850256739684644,0.2102230685869877,0.08072637926588366,0.02385386500169684,0.048925618644846125,0.011155488671239056,0.09905731043351351,0.06317174007083026,0.14046143960807456,0.1162328662258858,-0.0631986084073376,0.002934608020468188,0.11850789362381975,0.08229519883671199
2014-06-30,-0.07146917633809702,0.07375202560702943,-0.00629906888988907,-0.026791289242095506,0.1409835931918897,-0.046304070944861,0.056642664004628696,0.12658645445921657,0.03915184643072167,0.112186899928026,0.14351917506940515,0.1190846028546435,0.13887109732327785,0.08804902764818223,0.0794154484909888,0.17934807706860423,0.05592097543190855,-0.007076316306143804,0.09712437992481582,-0.02092417806004898,0.057523653567235655,0.045094760672405254,0.04036286352749796,0.03225329808670363,0.07772847483764567,0.10755566385796023,-0.0316068942522032,0.020967599324956065,0.01715303361846443
2014-07-31,0.04789231907086622,0.03472222297599248,0.04028602391521563,-0.07138309240785567,-0.04382171928617773,-0.008814193890097966,-0.09194965981345349,0.149720589205804,0.04024843313024107,0.06860389304505254,0.08034635038518001,0.008608601791143089,-0.027648020239007365,-0.06257112128967779,0.00553015806535484,0.058333318708588155,0.020533122568129336,0.10101075249726454,0.012010553354383724,0.10685678060453796,0.03662960352907385,0.015154205627367245,0.10679455622247991,0.03744308310033806,-0.021339870351042567,0.03443360009304186,0.09537009416563835,-0.037308599923620234,0.08036549827471928
2014-08-31,0.17105614054221352,0.10798312905879781,0.17553389129317098,-0.04070620784589851,-0.029301420980209048,-0.007700352820896872,0.008793675217492192,0.08129435502574323,0.1752659062930093,-0.07273223793740635,-0.022363590521319643,0.09876323940429166,0.06553278464149503,0.053369655466474875,0.03829893980088239,-0.007078710690282319,0.014298512817084053,0.12725770312959983,0.11548839535359545,0.0008522506200214774,0.05680170698688336,0.011450773926843016,0.08134299408323953,0.058147661962983266,0.04638045573734506,0.06863850835445207,-0.0021063120548659997,0.05358564922240361,0.08792074640918024
2014-09-30,-0.03297310704571188,0.09996405114186624,-0.008382787593692043,0.012372984370023099,0.05725970084954102,-0.05306903463018342,-0.0060957904368128535,0.00409115317235198,-0.04361491525423722,-0.10542731475280176,0.08494051786103118,0.053618161221861804,0.12259219814527178,0.031999377010275776,0.05581600478875948,0.011290132341873926,-0.04921333864287025,0.10111676796402103,0.07248643122863241,0.0957275250680707,0.051509968084380464,0.03449709681615376,0.004781478848486342,-0.07916864588040651,0.06166197675677809,0.041388759926394014,0.04193614634945653,-0.07040044215960628,-0.023565307136613534
2014-10-31,-0.04012369434291774,0.0895898372104833,0.048343933834855246,0.07907965343162826,0.07800379731043772,0.05799924703811277,0.10512318014945432,-0.013823019033228579,0.06711146775853694,0.0674218816410479,-0.04512136709861114,0.011246554609172676,-0.03542095706553705,-0.03161495725214836,-0.05546241140180297,0.0436022337465829,0.1633572571471238,0.032043625575806534,-0.05426449700969793,-0.015547976919477513,-0.0582443308263253,0.04492085692548975,-0.002070431525117211,0.13470065708509837,0.15855515374640472,0.08932220380466549,-0.040518561379069284,0.09229709708058143,0.10379022482631872
2014-11-30,0.013436076548830833,0.0026817430318564206,-0.008493645031584007,-0.049300624395128834,-0.021261920344134433,-0.008944872237384605,0.18913728225039184,-0.006742542021657916,-0.004385662404160051,-0.03397949978661052,0.013478790059369805,0.048595750028036955,-0.05756028956226911,-0.025191938769455913,0.03920517564905901,0.13348584555867404,0.09512973503156363,0.1008899340105136,0.07698784400197178,-0.041614440310774437,0.03354262258984497,0.049679201916539295,0.06467117983423876,0.07853548696305879,0.04214694318154599,0.0761739671903261,0.02238174328809306,-0.04898035864408001,0.07534117111712058
2014-12-31,-0.06745976083472593,-0.0049009369741884745,0.03045001999297048,0.009110288816080558,-0.03293635387118887,-0.10130092491037745,-0.0297138502321459,-0.01566033997405525,-0.07113398819923178,-0.15622708459857038,-0.03206593479863784,-0.017613373859339365,0.029122257327080847,0.0772065372509445,-0.05223630375205868,0.01020540379804502,0.04405643150878058,0.1268173352714601,0.136494022555945,-0.07742617782830041,-0.03937190164940474,-0.005798585045155624,-0.033074835422361004,0.006327164512839323,0.06929176286560002,-0.09512949748060895,0.015282888681628082,-0.12752939594854196,0.051060121607375164
2015-01-31,0.02482898845775061,0.09536610561971681,0.11405105866713683,-0.00243068179074879,0.07246382405165241,0.02704365124280117,-0.009299217923599445,0.11033812884064687,0.180809295304732,-0.022408398845541688,-0.027844474025785493,0.1060129724083414,0.12825878785776013,0.17350206715664673,0.10184764300597915,0.14017011763854348,0.17058120762230056,0.1626314898074237,0.10698577060806658,0.05954080919788862,0.12201750385252286,0.1321457046572081,0.22687814108333137,0.021523556163258517,0.0844290115098334,0.08585335344287426,-0.00040685743078539005,-0.06709613053413,0.046127120233224295
2015-02-28,0.012172767952027597,-0.011775824147230107,-0.012955092716064098,0.10880327182586758,0.06148669234748794,-0.06522808065531238,-0.029292840901356643,-0.042331706026735305,-0.01708971558472072,-0.10193370925594825,0.07264155168846798,-0.011417253284259021,0.011031111147819628,-0.004633289467000368,0.07872392972536635,-0.058991676747010446,-0.0356230090255546,0.013961050346413817,-0.01754699810749283,-0.04950513741776641,0.13327648278125492,-0.021673294768163487,-0.04868350641639574,-0.07055737078349322,-0.006550133575843553,0.05782265645213713,0.06824045678230273,0.03294288290407299,0.01176086585802838
2015-03-31,-0.07239345098133243,0.02578800082414867,-0.010475646325424637,-0.07320925956902324,-0.07129931880100293,-0.034539128869315205,-0.10953652956778104,0.1649788752301795,-0.04337999807545878,-0.09667764046431826,-0.040716029277725996,-0.1117692845615923,-0.10049381215823439,-0.07930775603606821,-0.03889667370978411,0.005141571945378232,-0.012254394336038699,0.00032877770034023257,-0.005343920049807105,0.10726363262977867,-0.030266789244160708,-0.0296965398024166,-0.015330156638118209,-0.05891125425172261,0.024869771979632693,-0.02092023475262894,-0.17233942474979436,-0.10211463867153159,-0.018314464407579778
2015-04-30,-0.03603301272134507,0.007708235441754585,-0.053941702782803636,0.023493200897437783,-0.02099850758985633,0.044007169125287016,0.010110654271594965,-0.08306476935391605,-0.06633674272740053,0.13764802264575726,-0.035337126253670914,-0.013260188264332284,-0.02247206317944561,-0.07151033345119773,-0.1435159430155728,-0.06021208177322146,0.013566636679147814,-0.015614244798113797,0.014386195148905268,-0.031019384512455783,-0.09781414304502067,-0.03314761859999815,-0.02655835915601623,0.049603705160333966,-0.07020316750616462,-0.1244619180834926,-0.010741127779179016,0.02829404731679941,0.01496296973020761
2015-05-31,0.09877725390920289,0.016063353106709144,0.031087601058885417,-0.09148359070897827,0.01054838338375097,0.029801791443275105,0.044156914689226445,0.02902490499028354,-0.05233645479266824,-0.08838634356694397,0.05950363816119175,-0.10774925622592013,-0.011755303864359967,0.1134685829199149,0.04288897916953216,0.03226456343755135,0.03099692671533716,0.042590888537935356,0.06425548801701386,0.11676709988025413,0.14786208299732118,0.06244959095901281,0.010819032280404928,-0.04197482740174163,0.06087643262696352,0.041652739943186745,0.014735771326568115,-0.017056463041939862,0.04981619538529025
2015-06-30,0.01927501712805446,0.06277583565459599,-0.05914962516111599,0.00805571100553748,-0.03201126211821259,0.14036471248201243,-0.05536575864176929,-0.094710860347618,-0.09861933716408178,-0.07275485161043638,-0.013651628336798671,-0.13816748325797512,-0.031721086915318275,0.006100251744858953,-0.026704503203809016,-0.034790698043054236,-0.04518288615736854,0.2909605257573433,0.003273998099856179,-0.013040404804420147,-0.09003214407599636,0.01580125147358724,0.0777331010287734,-0.012461089218382293,-0.0014301869196650108,-0.012158785165568009,-0.01725784198208613,-0.04807362499327428,-0.008959101966473426
2015-07-31,0.07336053645597107,0.0765779239615394,0.0008185139104617267,-0.01888852506072458,0.02084840907026342,0.0017499663804039223,0.027782957612328296,-0.05968424933131233,-0.11585856238076475,-0.1656234726297775,-0.013643072521915767,0.12393452488559564,-0.11060076779491812,0.05201348327471167,0.05534302768542654,0.16872976673625772,0.03428147912229673,0.015973248406911056,0.20588609382913448,-0.002975928478459844,0.08534916619695543,0.04952967233429151,0.005399705913344821,-0.018181943453219995,0.12031621122422043,0.09417380167832579,0.03442807295493311,-0.03455407989089765,0.003608146513323751
2015-08-31,-0.10464954139213156,-0.03215788874016501,-0.06166028518736155,-0.10070345349871679,-0.07992940318566366,-0.1456804619035681,-0.08405841765665811,0.09308137389622617,-0.11384658541623438,-0.08707982683864213,0.021228510311124715,-0.02958340242362223,0.04372004193945722,-0.07965728620519841,0.003421781109238964,-0.03874042834973723,-0.114646878198567,-0.08892641768150733,-0.0194506199425577,-0.1492745839939158,-0.02207888248466583,-0.07574334780271708,-0.06591424874370022,-0.08101860461308319,-0.11867444742962585,0.016108816168731055,-0.0026073026471391536,0.10656083736946065,-0.06284160350710222
2015-09-30,0.035138055882406816,0.12439999690600922,0.06743070577818,0.03447701392512381,0.02386349756850059,0.007477386123709406,-0.04123723500428689,-0.033984109175178356,-0.12215192961928367,-0.056787837314928535,0.009360297103616189,0.08223317475809222,-0.05905847527184793,-0.07488409542259522,0.04555798003946321,-0.008248919806064126,-0.023830616169956964,0.021917100176508608,-0.044369530474298924,-0.04642957787963842,0.011430968795676844,0.04024527547120349,-0.053606926643318786,-0.0271681108510492,0.09836260465881685,0.061723262048245964,0.011225342694001661,-0.03347653878083623,-0.005524039300784378
2015-10-31,-0.06345933101744794,-0.05049525793546927,-0.030427412133715248,0.07313137255586666,-0.02720044300697877,0.09903746062174945,-0.00042152373165549317,0.027771242525085116,0.2891827798800759,0.15992472711827665,-0.03377627757859347,-0.032654556824204484,0.10099114750893112,0.07956156287683469,-0.0418165400911098,-0.0103783925536588,-0.04085545155015824,0.01775384686429815,0.1379010184244882,0.033150840917704816,-0.10728554701943227,0.028817406752625008,-0.009100856013419811,0.024597879340907847,-0.03241548302338504,-0.013819510349500574,0.017792132547761463,0.02372807003030597,0.061024504320839945
2015-11-30,0.15368360789840496,0.023825593053993455,-0.050834702742465154,-0.014307289453434513,0.05786382498580367,0.020470567096593006,0.0489347000779663,-0.17992250407960042,0.10014289056775083,-0.07137079169630844,-0.048753504315642515,-0.010572181600282726,0.09015571720138671,-0.02946871326542644,-0.005062301516416068,0.009450378685387006,-0.014198594852451119,0.061016749807235815,-0.023297605968749746,-0.042114251499715594,-0.0008604393069105987,-0.019870952295587663,0.014175743593635382,-0.012454875893344819,0.02560581265982842,-0.04187767272253862,0.034364300082831534,-0.005327614883853249,0.006834886578890531
2015-12-31,-0.06821668453692475,0.01469829150483859,-0.0027046294841800433,0.11726541237378663,0.0363437081444713,0.049115853914161844,-0.09732553801691668,0.12426337395169318,-0.07603309418766169,0.13449768907184723,0.026669011173629187,-0.022120146050923162,-0.09003932815755011,-0.0073188631165019835,-0.017633132983788324,0.053726825780527676,-0.041715513351901046,0.08463269816833008,0.03420638144707944,0.018094835394613318,-0.018198540267986507,0.0040826897031258635,0.062499968149528407,-0.04459877086921893,0.036033195782026795,0.016086088375048213,-0.05301169225959934,0.1399225582804462,0.04000877875915654
2016-01-31,-0.03073063828316347,-0.11382641764299917,-0.058338828622369276,-0.025982923066895536,0.047467048168057024,0.020500788036071915,-0.19848526131504407,0.0643782694322097,-0.13902374598940836,-0.038875816773478955,-0.016319444733830735,-0.03881941235036235,0.04767380447911629,0.021416685003540215,0.014399510245182823,-0.015448951561599644,-0.09062575325459865,-0.013569323492755081,-0.06350922468198505,-0.14835491653507948,0.019749845420423906,-0.02984810428708573,-0.05314395490320811,-0.11938021643476204,-0.04143661932673692,0.053826542422398704,-0.02318489014582814,0.024074874849795647,-0.050621573539525455
2016-02-29,-0.004176062148073201,-0.2098099590358632,-0.08746349373505591,-0.15031097619678346,-0.11555402193206565,-0.06639945763348998,-0.11756522328441787,-0.021822517488710336,-0.11041849380916846,-0.002402988085938307,-0.08970002415899814,-0.17122052572702307,-0.12895236218416706,-0.025175078958825536,-0.07560419086608561,-0.027359558697440445,-0.07994604549618811,0.0006157480023427642,-0.1341552000111893,0.08830637160815757,-0.06064084691121374,-0.07429641853619373,0.016526049583720726,-0.17423417410716158,-0.10637391385567141,-0.06940497334854667,-0.07667075737602236,0.06565420811618528,-0.07782326654199123
2016-03-31,-0.01416811118334138,0.14824649937511625,0.14963082721199528,0.0782427397743597,0.06958821845349483,0.0934341398233387,0.22362209575126735,-0.03970026806381166,0.2899566466457404,0.2834205501711391,0.15780006652185574,0.14294322215327648,0.07731928119651754,0.1662030216850079,0.0845747165816002,0.02635644155519734,0.18203578095866946,0.17049844475816744,0.06266149606850635,0.11188574179420896,0.0010450768827638957,0.10217656803572628,0.04708575504318202,0.24519862077590293,0.16578321625990733,0.12384092916546607,0.11026536003005294,0.13919844890064925,0.07971128915674597
2016-04-30,0.099322552114806,0.021082655798179806,-0.005541045644839704,0.081101766759331,0.030913104007823655,-0.059797147891122004,-0.02702716536430738,-0.01060972534839788,0.056259618365135156,0.09821689223751329,0.006031380542915077,0.02358146669667116,0.04954291492014473,-0.02084399174025664,-0.017545321600376806,-0.002475892198999241,0.06360460941641621,-0.013727420174693306,0.09599104164565309,0.036487979464896236,-0.07836861715750465,0.057134498615668106,-0.0018401742073885785,0.001267669204396249,0.08397054135589133,-0.008372118074201795,-0.010053382702853386,0.07009537167212843,0.05362524331209739
2016-05-31,-0.0064989864193047975,0.09670217732400754,0.07020377874639605,0.027638393525920568,0.0460250727185727,-0.025287521582319505,0.0843917680845756,-0.05984212341214734,0.12562751999836808,-0.04770715305530504,0.01336987154549063,0.1114880877167006,0.012925101291233254,0.02063940311969059,-0.01605476572015374,0.13691166164846358,0.09060124263292568,0.11124471252547097,-0.029168051272105866,-0.03355317042369699,-0.005902469357357831,0.04375860140889021,-0.02269851756577357,0.032496221360931,0.05148503402188598,0.033564802398164506,0.08636728343229993,0.01161542652560077,0.040995465831342504
2016-06-30,0.08141104795439968,0.0061514734210794675,0.06478226523701403,0.09186171487087669,0.08733333416465117,0.011797288272683781,0.08159960642808683,0.0004589018760112751,-0.0008702149752797261,-0.03708689130061671,0.003965297423778935,-0.06403250579548958,0.12690706416343045,0.05711709496226991,0.022916837100824594,0.024170783622137426,0.03552019967498987,0.05374996363833029,0.27514909708088564,0.04382454010910375,-0.012638395211232889,0.0035586305212409464,0.07105304262083245,0.0034769073458149613,0.012108913074558414,-0.051429359430605004,0.04942313485389205,0.05413373740427918,0.022503675993963412
2016-07-31,0.03422768095946305,0.1362246763713182,0.10720317210763275,0.013115615639122336,0.07909250959225322,0.04720625331256656,0.04844601590266895,0.08760330592630972,0.09614331248715491,0.1276596598366877,0.02858725872421175,-0.023576683499525797,0.03729229007771995,0.09309431950258396,-0.021377984999108812,0.11048538867629354,0.03328426539015106,0.2981762925496616,0.1732856515630603,-0.012949719670561577,0.030802614812902807,0.059288469896888296,0.026709555973901455,0.0929121524172627,0.05761967043983862,-0.08280680284333652,0.027890898077475468,0.14988248689603734,0.0008421534750835402
2016-08-31,-0.020555643257116674,0.06961394731200543,-0.09060111005161342,0.005683593985257751,0.0437499832195094,0.044437915052566224,0.1006975394730254,-0.0654256260342867,0.06856117370226245,0.04238824508210892,-0.04123275791540537,-0.03924595085699201,-0.006881775422638792,0.08350818929730552,-0.09797270000546099,0.03926780212349623,0.09283144750811423,0.06155111171198491,0.08935699760631843,-0.0803562664568499,0.041650763581599026,0.036109805432519515,-0.0059615452015202575,-0.018638279288736515,0.008973759725980024,-0.03538658820417517,0.030104960637751255,0.046501762761861576,0.05684357894863523
2016-09-30,-0.02150920807006651,0.08383047834786383,-0.014205937818815073,-0.06044669978764228,-0.031002362157210417,0.02235845720371965,-0.004950549932965287,-0.04125033813715695,-0.0053004308094515284,0.011213380672956408,-0.03205503444602098,-0.10441567272096142,-0.05591397559548217,-0.04397200456174777,-0.02583144336587262,0.002417877948975189,-0.09298812533352019,-0.04105835122189372,0.034459074892007724,-0.053218847491639965,0.027422854916607564,-0.014211542609877115,-0.05365032892681487,-0.02267443227113697,0.008219642357772283,0.00019301023095574799,-0.07190910033363918,-0.013547314740783412,-0.037055478532298625
2016-10-31,-0.06679939556634074,0.07281868282346649,0.08594971360688475,0.028715930333880424,-0.003681430956495091,-0.026529437687723423,0.026865702033229688,0.0009425107863272331,0.004019915851577904,0.08336675893843104,-0.010557484502826231,0.03763244778188768,-0.05454312656617544,0.03405125370631468,-0.03518103118136395,-0.07822864604926982,-0.10058197534704749,0.015768505450823866,0.10218116238937913,0.015445883878679512,-0.038649578995043954,-0.010841659816527183,-0.03612375279623592,0.0979576177175101,0.003219122865563584,-0.026882740824067386,0.007250810443338418,-0.04076692794686998,0.05450447449735574
2016-11-30,-0.09658499240401486,-0.10383487582966533,-0.09963876481169198,0.07159307201268272,0.09096080541815454,-0.06151953233062435,0.001356639141658178,-0.04519774308141555,-0.1446927967937509,0.023677356072312916,-0.05113153817176441,0.11373806685127619,-0.13398470649694472,-0.09522445167714955,0.0068167893270227875,-0.09121569101540894,-0.03501739278052207,-0.14241772437884148,-0.11622128287103539,0.018033533470968033,0.05326601454000168,-0.04721817147561058,0.017480481945631565,-0.04081639039611695,-0.09430747552420804,-0.0220049842471447,-0.043603482510296554,0.042288336211569355,-0.07798865074824857
2016-12-31,-0.00033742515514445515,0.010168969845459008,-0.03912329654083202,0.009806835677302228,-0.04377273878111587,0.09327815707903486,-0.031546391945172725,-0.1124259285941146,0.027650800675572018,-0.05734247609379017,0.039322406057322734,0.007625827379744932,0.010200876412097326,-0.09803096128858457,0.019774193044815203,-0.0812969521174346,-0.04235386911120409,-0.08436610081377793,-0.03182296223123848,-0.058379444100292055,0.03004475476485058,0.005501727960383063,-0.02091256093696381,-0.03859908365976494,0.019555661120230994,0.03592822818405961,0.03935474513105963,-0.0587041718033825,-0.04732269254399046
2017-01-31,0.046762827448428634,0.10803540580839921,-0.02927871015451111,0.04613068207716231,0.12915512579606592,-0.03436807399784214,0.040567626031074555,0.002380843391632803,0.10921616524005251,0.18351428566106232,-0.05469759481280834,-0.0750663917108656,0.10786406158870654,0.13668379442069511,-0.03467170610430115,0.08938885369374305,0.035670533526246606,0.23118040674028295,0.1212498911204154,0.13921156767545573,-0.020291136484181238,0.06669721117640415,0.035154813971194354,0.05346649591153496,0.13011115172373833,-0.0811397176263805,0.06807383140318635,0.21751126429390477,0.07565659817964288
2017-02-28,0.05810028355831465,0.004792981302895738,0.06876505024236268,-0.03987294090161775,-0.06800868891057432,0.18451013185856624,0.033992716076076235,0.07521773677456811,-0.12759051603565896,0.04243580652208623,0.10604066580560678,0.10437853315544743,0.20756807773322317,0.021681220740830787,0.07195052499090915,0.055114766114033875,0.08723176620229744,0.06876240612154572,0.20589374107607084,0.04867872647664351,0.04340840424710257,0.08040240377654384,0.012274856515250177,0.027514294336409506,0.048360384636827014,0.09024334787900812,0.015885207732836193,-0.056522792947955924,0.036103888705141696
2017-03-31,-0.01924317190613345,0.015736547663743217,0.06817752331449944,0.018717355902042376,0.026802173346521352,0.06691974601838857,0.08989588568168605,0.013475745680713747,0.019923416997078114,0.0,-0.013968414318022204,-0.08059688916412178,0.05844006223933129,0.05568886293108899,0.055032654185784846,0.04813532921392483,-0.03128392251780199,0.056758674544726384,0.047072875762854904,-0.041352756893737075,0.041244842533214365,0.03773113401244843,0.05295080991366774,0.0018094382728108815,0.08574604603577796,0.009729491741121477,0.06903117663022695,0.006686255152178244,0.08739558343374498
2017-04-30,0.037803902227647956,0.0846368403552189,0.0025594105855437643,-0.009036189820952112,0.05423197257526091,0.05624946360802885,-0.012440483867147134,-0.06713640791733855,-0.014919029317803867,-0.06929757030900208,-0.06523970399853896,-0.09190882621082208,0.01620743731619445,0.0663027860136518,-0.04159390329243018,0.04373523768071097,0.038406677348248985,0.08974499639329037,0.11644765612942654,0.015568961514793589,-0.06933414739712163,0.07206002234123288,0.025445556535117264,0.005959898241609807,0.013893243039015069,-0.10105156787152025,-0.008205402930781758,0.05738584163175231,0.034109284750472035
2017-05-31,0.06094866553908873,0.10515944651965636,-0.0020529371151681852,-0.026139593053218224,-0.00024046164151036997,-0.03906244735939879,0.003993960309367051,-0.21863079582753964,0.037589905189374884,0.12342796885139529,0.12029569493440917,-0.06463604279668145,0.009888433030157628,-0.012650380019154306,0.08345974187203042,0.027444261298072536,0.008633288978037834,0.03976633390029938,-0.08384593556704112,0.0451478431291199,0.06901785426227991,0.058001749956486215,0.1412375369823582,0.1721724282661543,0.024741253686964004,0.06322398151349051,0.12158274376538447,-0.02587940463078786,0.07106823411353203
2017-06-30,-0.0482373218872475,0.0009152551670774667,0.013799703292831422,-0.0078028604867985685,0.012503088255136685,0.029312933932135854,-0.05081493182825958,0.10785498171833985,-0.09156779288885442,0.08133556492284022,-0.06198009510147939,-0.020512760284929654,0.10433768334105098,-0.05627848173695649,-0.03510751077574259,-0.04024295706319725,0.006419605124298622,0.034778971074228116,-0.0174855517701773,0.02193525837520993,-0.015446878217083682,0.016396334794945844,0.0208960356090917,-0.014632098280515593,-0.0011817913287789361,-0.02779787579150772,0.05368505001229407,0.06108394432005415,-0.010662014397238573
2017-07-31,0.05048008694467376,0.07377112428732358,0.0045050507230244285,0.033029109954955116,0.06055552592084523,0.179739036143999,0.14196956712946074,-0.04327898434851385,0.027858081099749743,0.05763650762348682,0.05776950081821286,0.033979511632193926,0.042744860412010866,0.02720976579976453,0.11650867130766152,0.05326634759363125,0.014607266076707592,0.2435331389016948,0.21250783004295082,0.10615663399076958,0.04935931753891176,0.08011257317045173,0.07053532628371295,0.04290885044732673,0.1170217768614259,0.08086167416601686,-0.11864688433304216,0.08775804875954085,0.06962055698881042
2017-08-31,-0.04168732743705139,0.0035190757640932713,0.0546864283315438,0.027710190746412122,-0.018136932421378704,-0.01281555063415829,-0.1111999888979297,-0.09498723562549227,-0.15305898320694866,0.12511000095795755,0.0018257183951670974,0.10962780410265882,0.13385393078241048,-0.013926872765932408,0.036921488538902425,0.005896585215342531,-0.03741808500995902,0.04626858980498372,0.10236684722664768,0.020885597144385093,-0.028707678465083264,-0.0044553276433758615,0.05537525830317369,-0.015036320195379815,0.00668389191745189,-0.09518390499055795,-0.010516998611166506,0.1498303663424574,-0.04468266828113687
2017-09-30,-0.06733354912903344,0.036089498245327256,0.013375726489210038,0.005130308949173656,-0.02225788137484408,-0.020508078873692992,-0.08604860246306156,0.05296076475528588,0.0662595109302071,0.022725594412374983,-0.02419497958439154,0.0693684174572784,-0.05274668527381121,-0.03654616493989782,-0.0630224040157299,-0.03153483031134696,0.017587635580375238,0.03151132755912944,-0.06331263056424208,-0.08943197233142053,0.010978553155855497,0.01646549047475765,-0.03758972016706541,-0.07196784769670139,0.015361416445989207,-0.016449000885175646,-0.08485379919732894,-0.023388417177212184,0.02689540732771789
2017-10-31,0.07219467266797719,0.029210877910177846,0.003117881190618288,0.08241266329288632,0.004028469312187921,0.20482777238562044,0.20464820056992372,0.09865877072357399,0.06699871716426586,0.0785380683982102,0.08013004825331782,0.05285564970326195,0.08673338103981987,0.14188381583106557,0.0492417426380678,0.045773625984175226,0.02749691562029999,-0.02037483448388777,-0.027956499188780848,0.2766722872864351,-0.021719163954547094,0.0015506153039641646,0.054135770318489485,0.08496027366840075,-0.032725065627074335,0.03869419986931155,0.028648903629998168,0.04024970554533547,0.0227489267296912
2017-11-30,0.045917445158472736,0.047233829434439656,0.05864034325390999,-0.0005518322174415946,-0.027377805591985993,-0.020513346817536804,0.047580355961363674,-0.023422058434829807,-0.05660597126165523,-0.013711260238084555,0.004953961049486644,0.014936092477868312,0.2890987441258108,-0.044818817762729224,-0.007311613913238757,-0.028877352683555513,0.023415803424643,-0.040847578195589485,0.04066597965333507,-0.0015084509819656144,-0.006793442354122603,0.024993147708851415,0.03497502395427121,0.02482508632407865,0.021387183211835747,0.05884887638948788,-0.03631928590273248,-0.013929251068817261,-0.024145208313650524
2017-12-31,0.06800327711566734,0.13146157323927388,0.03136044753655454,-0.022908985470253218,-0.02766317987476208,-0.0005426469368019493,-0.03262065567406425,0.057783233459429484,0.06853895307088909,0.05510332376098859,0.024345778278357377,0.030250545405039242,0.04793021716553625,0.027784685101550632,0.0765673535566096,0.010246174066786073,0.05332456790801565,0.01716800786345507,0.003125976757741622,0.06687472041161069,0.050118453068339175,0.010087856949315022,0.07497349460506464,0.02097210813289685,-0.007852237012249352,0.0675649552419797,0.028119647729271113,0.05866196327396844,0.009896939493904133
2018-01-31,0.01590992505064004,-0.022596136733825656,-0.051042666081423715,-0.03813566312610195,-0.03269300401292896,0.04370024354190294,0.010809967610021287,0.015319935479992441,-0.07491025310036359,0.010412462547490176,0.154942242862929,0.21545488085182307,0.013284358449621392,0.014210903700268451,-0.027224303730661092,-0.026067927623170783,0.05257560747416834,-0.044885218696906204,-0.07992700128038999,-0.16415811476011577,0.11005970154344658,0.07119209269139404,0.0010964200007343994,0.1240446855697721,0.06319369239890182,0.10383341671544688,0.03095901972192361,0.0746850647712336,0.09775292398998592
2018-02-28,-0.0454753979910022,-0.06927125675886725,0.03916105566644479,-0.0250135744194645,0.033070233759886936,-0.007021599703398551,-0.1444533889876657,-0.07682363276049176,-0.0740926746932965,-0.04744325594792109,-0.024836517233478017,0.0,-0.06141110817192119,-0.05166593500268324,-0.039054845208362665,-0.009350380312840523,-0.10924870281021581,-0.022409668993150555,0.049736765965149976,-0.025690695690043674,-0.04688071107063563,-0.060577318603241115,-0.03768184378952455,-0.11248067737202694,-0.04126988874829074,0.019430810274311927,-0.023397135902678445,0.07673734385741704,-0.016592194906096203
2018-03-31,0.014484869297474612,0.0011466738771923612,0.05693394615288816,0.0395097211932014,-0.02250875213519432,-0.07527123286411497,-0.06753726028939178,-0.07518436308937015,-0.11638277303994138,-0.14971725988219053,-0.061251033179506975,0.042519932461559495,0.1545671315859316,-0.04947540070507972,-0.03978817601865692,0.0023707685581348947,-0.03451528022602135,0.07761017228745515,0.0237246571580898,-0.06965347056495164,0.03009671677553749,0.0010082780028137783,0.011838193362819549,-0.11141250765382904,0.06901694128445701,-0.03479443112464686,-0.03603089803363024,-0.07703406106021982,-0.03920026378402308
2018-04-30,0.1818919276637212,-0.005208267299951275,0.1454249073408771,0.014437359286062268,0.07554966359293203,0.09131066689052325,-0.014005639771014988,0.0672590937456492,0.041456338068271315,0.0418527854175712,0.2397027995789618,0.049945362274943284,0.04191875171103132,0.040215122406286996,-0.00853650142512119,0.07256313983746243,0.013320258360722814,0.07929032895508659,0.06014614938921459,0.02721348349523245,0.08687796238549117,0.030857426560540135,0.1316609289874906,0.021016662195219693,0.05635175277040205,0.05981598562417223,0.10156562082562659,0.12788472788183447,0.15585025167329403
2018-05-31,0.056853294542998256,-0.03150879811274254,0.03203778201652163,-0.02672087852606353,0.007698095734213206,-0.04354811829149252,0.0939529185851895,-0.09093499024719709,-0.17009397215054434,-0.03243980184833206,-0.005952493712282347,0.06225769459021668,-0.08321455005368128,-0.08857704985369608,-0.060448385132584215,0.0856705497535768,0.05528700416145105,0.10599172714724325,0.10207755197227408,-0.08777932599497074,-0.13338094577310133,0.107398340537048,0.0679633876368162,0.005629801375856003,0.030268611731718797,0.02692820053698508,-0.0163894417018563,0.021230741479261184,0.10197339157355345
2018-06-30,-0.027357834583970675,0.033781512371700906,0.016169447164393835,-0.04715010104346895,-0.10790150196074544,0.06251745916741291,-0.03784077136517938,0.17414384912434966,-0.04672580207687327,-0.01372351480945766,0.06128525375045735,-0.07987636848458557,-0.023997336247713386,0.019680141631234216,-0.0015272846434798426,-0.026233393263968452,-0.0642974920378323,0.08836905357189861,-0.03660048874089683,0.022350135541747695,0.017465572361784476,-0.01448955171349775,0.026114899739025477,-0.03638901102266434,-0.008084045311849586,0.06960145347625168,-0.020062459821027057,-0.015365824751049195,0.006256435990079412
2018-07-31,0.05107623222101032,0.07874259154370322,0.07342435689340077,-0.030065831515829977,-0.024351383794085857,0.21959986090207972,0.13167525994859708,0.007978641684120547,-0.019309187537029704,0.009396342944447467,0.052149254564405556,0.062152131006479205,0.04307781677288136,0.10122123311514275,0.05697897261292084,0.1478508764147044,0.07752549084964544,0.17688357683830214,0.1989699339338531,0.0226469759049559,0.041943301378635445,0.033697677589695996,0.05514449084397466,0.10475676357925678,0.036660872481630635,0.044293104845853914,0.11833209632704578,0.021545471470369115,-0.026384438645782438
2018-08-31,0.03135840635743814,-0.03605900156445019,0.10191218774452948,0.10752328389522647,0.10532102066147342,0.046922649749092216,0.05485534490747912,0.14837289484334293,0.012873905735399482,0.06651263382274597,0.07122992824058016,0.12493597738921514,-0.02241461173237569,0.06717070882369791,0.08990588391344456,-0.05439567676265167,0.1795966967774567,0.05882358876395477,-0.03289228197076011,-0.010849703345687578,0.08651234179581424,-0.054278473004913286,0.027979084004366772,0.13107913400016358,-0.04438269131920303,0.05567358990540927,0.07440386394658915,0.1996065476683624,-0.014997741447840607
2018-09-30,-0.10810103573150054,-0.1922133573224708,-0.16254184172487163,-0.013069073278233256,-0.05144084973369667,0.013127594712136537,-0.14244186675271708,-0.04246080032170951,-0.16373835773613032,-0.03205673283885557,0.05066403048601664,-0.026508254119163133,-0.09675983133263644,-0.09285001878771393,0.0755188064216159,-0.057670525838706466,-0.05544864533006355,-0.24105584209460762,-0.10990237842302941,-0.11801497757579316,0.03951475960372175,-0.026756169528364127,-0.09645540581381984,-0.10814355811268805,-0.11357913070945824,0.013184351718595444,-0.06909506149534472,-0.037088384721451484,-0.11314827752306467
2018-10-31,-0.11034325028398573,-0.09955855056543528,0.046207802065317605,-0.04315255772172555,-0.013004240646433574,-0.1563654399964648,0.05988698013591898,-0.0689931644340378,-0.19937415723579288,-0.047139706355491584,-0.11057725599452894,-0.0021460939448830763,0.04841125137215663,-0.13806818199261772,0.02222218221766381,-0.04635184980439855,-0.050305812673665296,0.09896226719841827,-0.10015506992300272,-0.13646418516912784,-0.027628167069546183,-0.04700783182598711,0.014023511307433623,0.16183915285435813,-0.15677050198867215,-0.049551699143097205,-0.05927790663231991,-0.1107034965663718,-0.019665329868441495
2018-11-30,0.032573934921487746,0.15797132576419637,0.060801015889295984,-0.1212027331059653,-0.031191187154631317,0.10016481200999716,0.011549199342163252,-0.15105570366633914,-0.039921873537788866,-0.04396489495263889,0.015530346136518824,-0.051015110243350814,0.09767934635242193,0.1429529159082894,-0.019776505083014984,0.09391234492871514,0.0744335694644025,0.06511929362263014,0.10910990948989685,0.08129440806669774,-0.03846151755433558,0.11335165519940205,0.08158104275361477,0.0004226170329655332,0.14504248382411644,-0.02760776003861387,0.020349871377682627,-0.07410146539342266,0.10257776761132664
2018-12-31,0.016373724487519503,-0.025595255516863702,0.0345905527592949,0.06236631905591117,0.10269218818088377,-0.03965567399924774,0.03952244298192409,-0.12606568864079504,0.004361796996270817,-0.01595843077737391,-0.0382067505634307,0.024364243981245037,0.004206663367638086,-0.0021750304608351145,0.019097481441594955,0.020134555460085135,-0.009348821329861923,0.042341412420590974,0.08050918271087859,-0.0031899507145832784,-0.04990167484888708,-0.0031714459968236186,0.03742885751310299,0.01407847945271734,-0.01991669549075703,-0.012735008532974046,-0.014520585051232882,-0.02386635939034587,0.01827467931099358
2019-01-31,-0.15400876936381602,-0.11042131364247187,0.037258444396099266,-0.0627305045084896,-0.05059152866330374,0.09444818671533195,-0.007604047675496273,-0.01637634972034041,0.04921827735453177,-0.08511671433212276,0.06622506682507989,0.012100098417334282,0.0696025251005894,-0.11816739036305746,0.1190642904593644,0.028804536886100074,0.16583317701284295,-0.02657682361321534,-0.059449298344461776,-0.019519829102464192,0.04236031211655855,-0.01967759507785427,-0.03099498911789811,0.011939448612198422,-0.058619443701831364,0.14374445597711816,-0.010651424559882217,-0.10480850169922551,-0.0005969056155777919
2019-02-28,-0.05021693428042795,0.028391313985579814,-0.07463141756337777,0.03801363611241837,-0.030487702561233565,0.0031781468733529383,-0.08377310103912117,0.051245749903036986,-0.020695413257407536,0.04982171812397107,-0.01521778782094041,0.13423942288551016,0.029523960237837432,0.0872745503899437,-0.0008123250150756656,-0.0052386538655047055,-0.018195715011988356,0.028797805163892853,0.06082658742851277,0.03802210688332375,0.05045896795840443,-0.001153706818763034,-0.017354290970105102,-0.039237205894721794,-0.021055426732363935,-0.020345628121541615,-0.009331052544952811,0.023670960691048792,-0.033963740956044264
2019-03-31,0.015559804188504778,-0.034181659025859346,0.04072930603547742,0.15327419704073297,0.11768066796039478,0.10474778998181167,0.18565311578728294,0.06806709770332398,-0.03888415911700194,0.011689520353396432,0.0084953565380943,-0.07040897564554016,0.10636960812944496,0.021547132365050903,-0.07924490670657225,0.0653286858675961,0.10027490674256323,0.13093618048094324,0.0758382218626874,0.037415567403222605,0.02751677679110487,0.108420813077863,-0.02813606018218706,0.1439383691731393,0.23560752308894117,0.004766468215019026,0.08675974915667983,0.025435712641653785,0.10522635458479201
2019-04-30,-0.01623614611973978,0.010634912006081132,-0.012904622086406747,-0.012522975401595637,-0.05977291800284368,0.024117779710834286,-0.02836988256377848,-0.03743827983280401,0.25652305685013066,0.10053335515084316,0.13000570748422202,0.08345227214774087,0.021423763252876427,0.18108437109547793,0.17193315739870596,-0.02261169948417896,-0.01774066163665111,0.03341280621033316,0.0816821201350515,0.057259863534114164,0.0927604632284933,0.006361719335924665,0.04382667417522157,0.017351238444634376,-0.11784089833125333,0.01836538829378931,0.004500166825064378,0.06973104200181246,0.03415992207685048
2019-05-31,0.0027119582384680374,0.030518648608058863,0.05667675037541864,-0.005967896602456446,0.015557908469453485,-0.044981379547141986,0.1372801621727393,-0.1044466835030412,-0.1945870104335281,-0.12365395779613608,-0.02822602089834425,-0.09059933987075308,0.06663516296090655,0.03103903253751783,-0.04069665927790678,-0.038171078146829185,0.054052365491058296,0.11988245406083675,0.08875804414477173,0.08897912642593497,-0.07499832574792786,0.04655995922081746,0.017522927511181008,0.03975458123079911,-0.0007158937567038892,-0.018100814293975587,-0.05795193789847575,-0.11885825279585316,0.09779672177561372
2019-06-30,0.012827427158064175,-0.04879295573975251,0.03604938338850583,0.06078802193657973,0.0929741176304486,-0.05792578810878268,0.024822762400751985,-0.02171518322301358,-0.05822716514509241,0.03297139436687124,0.022159208075756887,-0.07069105316036806,0.0800726306253976,-0.042908779735719715,-0.020600476798217193,-0.029717856935535525,0.0003093261571078809,0.06172321457121854,0.041121425241180454,-0.006164005680269313,-0.025536518355972926,0.013849020027920877,0.006720530685746073,0.03162610172850222,-0.12137545688439288,0.006222184988154966,-0.01687305403423034,0.018034491240167982,-0.029596393160665757
2019-07-31,-0.1490489280878986,-0.16296963216581428,-0.019869582113367312,-0.10470454484534819,0.018849633233267715,-0.0693080696431686,-0.08041517305056067,0.06434718893277869,-0.16579508535865817,-0.12104612853366226,-0.007340209642476947,-0.08006075968331028,-0.2049557387698071,-0.04341901323637898,-0.05418914453130419,0.11997926208896481,-0.1652499474323298,-0.11500635459408082,-0.16710154875897543,-0.02610712147734695,-0.028272352650327792,-0.07860872053922618,-0.03409601110900096,-0.02622415797033606,0.0016661192830562666,0.08422134798635383,-0.01332844615608697,-0.1281344176357211,0.02929340536137648
2019-08-31,-0.03854544078130817,0.13519299256494288,0.11973849393191749,-0.01892430652571231,-0.037464911875662255,0.07699409731819684,-0.17564717576178768,0.062276297449300966,-0.13938058516519403,-0.20171277856602254,0.024436671076762062,0.09021620847228662,0.04614942626967711,-0.06778386682191939,-0.0410854650583754,0.06252066259900468,-0.015131223138974526,0.024738122038495236,0.0030573303271681507,0.027251268813032636,0.0655894637805019,-0.008323532175155246,0.08991399465869288,-0.03520969978151456,-0.00688102467713092,0.02677502523229114,-0.09085866758132544,-0.08422822272875141,-0.05797777895826395
2019-09-30,0.03470128672263706,0.09668099162294852,0.07879096469992719,-0.034114180997164234,-0.007232076606717985,0.06703786082822294,-0.011137628998147853,-0.1353242164165228,0.0064266980453324685,0.04523047201573349,-0.07094188393635403,0.030058208849142565,0.15197731248974655,0.07131836733992603,-0.057389781890867075,0.09030439697490311,0.0317818851595808,0.21411854811849884,0.19572160303732877,0.05839103208630192,-0.017948806033708742,0.10186497056090671,0.05316439489353364,0.058708688636747164,-0.008740885114600583,-0.011351010108354709,0.05780587845868501,0.05748448953727636,0.14880020205180666
2019-10-31,0.10837976163560237,0.12561429487128994,0.07612490582459164,0.041702088774665524,-0.0035166913069043515,0.0991555274979643,0.15361896973304523,0.11285142408419069,0.5129843629604653,0.05561715811780865,0.10270000771369703,0.034289844849223705,0.04567747124806565,-0.045620463667702005,0.08131775263951835,0.02882698555095997,0.07496347109341239,-0.004572347409017352,-0.04447908133076217,0.019615727991578735,0.07790278393428962,0.0023626197626316348,0.10328544938315298,0.06767345694167792,-0.050847472942373906,-0.1382984893223762,-0.00846662658016939,-0.008480098242929057,-0.042536984187097615
2019-11-30,-0.12515463291481588,-0.04147814956538243,-0.03298655482137669,-0.0494281805591652,-0.025460149854812597,0.05927539521215386,0.09427021249100975,0.03795574460500517,-0.09116492230026896,0.1233741564105475,-0.09534492494374114,0.030378791919140946,-0.12883106729300875,0.027973549722579927,-0.08330130971203731,-0.05716729279854449,0.003666772978845545,0.01158267790428713,0.11997279479718914,0.18223115772017606,-0.03018702575598753,0.036249864350198724,-0.06438036440609729,0.10700782386580765,0.1948674053861903,0.015679876862210396,-0.04366373650406241,0.1471491460949239,0.025849443502202085
2019-12-31,0.0018849646207603765,0.016940795271336295,0.02689642548823734,0.02320591038162445,-0.01577855846798859,-0.023917601347466566,-0.02369466478265525,-0.038457275037905414,0.14643965380551305,0.10421049371926006,0.05281837776113685,0.0011163203622706064,0.024359846876392366,-0.05002227226102274,0.03407668359823046,0.04618588132463031,0.02036394340159564,0.039406674913288864,0.03107491344721769,0.03017293215854422,0.007582020168588999,-0.0022353008176122513,-0.055176213104917604,0.05130723573581375,-0.037664867903701604,0.04997493920632712,-0.03530836946071236,0.032498371223282696,0.04281207785363361
2020-01-31,0.06697394096790688,-0.06176210548999528,0.03882893861686787,-0.05207898438465952,-0.017871049865322286,-0.06763316440152056,-0.04584272372508835,0.004045696280537303,-0.04617870437960725,-0.07064925097070762,-0.03604957679384535,0.04499535956094869,-0.00016833304583807607,0.09145948077267452,-0.03272593594962425,0.00599464205918121,-0.032886880853501554,0.030969787053327646,0.005115310909458826,0.08918388639263575,0.04450167490909851,-0.03600357417783462,0.05785234796003169,-0.024587187292689272,-0.16632448275005585,0.06127319251751473,-0.010727867887635467,-0.07165331605449043,0.004393354202201438
2020-02-29,-0.19412860594221926,-0.09118392395222374,0.027305654174769822,-0.05582644721789942,-0.028632736205581044,-0.05879667183943471,-0.04851618148983161,-0.13517810940195985,-0.26981887809692384,-0.12981539955073307,-0.037949907861710375,-0.06552824499347232,0.05619876014385161,-0.04449622023001809,-0.06482254810828125,0.0012807071332456843,-0.043877733894655435,0.02289351557673669,-0.041376283352165366,0.05448681644855058,-0.09646614001355958,-0.03967212094817396,0.06906729098933506,-0.054028344492419556,-0.12296930209129997,-0.05702685221135473,-0.15989795543723562,-0.059832445157080305,-0.042204812620741716
2020-03-31,-0.37654514301346986,-0.31748669141218644,0.03306649681367446,-0.20477178928694206,-0.09115441314839257,-0.1617429775786271,-0.3503300075615222,-0.055242881220570195,-0.44901123019344513,-0.2937786355980587,-0.0803480606203475,-0.22998364667998228,-0.25571943748144244,-0.23100532513945726,-0.11176344506882141,-0.06938696303471681,-0.4564749284151648,-0.5026942967004422,-0.49244249901528014,-0.1577841624211248,-0.18330680069500105,-0.2681186907542319,0.056903023617225434,-0.3489190395466576,-0.681807895408507,-0.12327448126475204,-0.1308528327237164,-0.37950778805546526,-0.20014193382037482
2020-04-30,0.2867167186261641,0.2496329731926228,0.09963124897380493,0.12886013858927958,0.018541843201946184,0.3162736816850529,-0.03225814812414951,0.31833684863977085,0.31245605888408434,0.10645398235913373,0.10314336420172654,-0.03404082296593869,0.038931064103478574,0.08920293994702644,-0.029232228229890134,0.055325348837401256,0.17387860850033698,0.046168378215347916,0.1117681822631249,0.16647769096495724,0.24553169569221645,0.16231575883323757,-0.04502920461488957,0.17420838148157847,0.33262159076421494,0.11535455582723775,0.060279437708343986,0.23521357852066238,0.04718179778126763
2020-05-31,0.19009976311308674,0.04702538064957795,-0.021414641705173598,0.029458192902439118,-0.027769157059433724,0.008377310827794249,-0.15328083194287845,0.021100181498913573,-0.06702414848911598,-0.010392285113687949,-0.020898958978282978,-0.02892450900661525,-0.08252147952404787,0.10484393397375436,0.11442784250400129,-0.042986294234301003,-0.1347493554132394,-0.15721924445714652,-0.1370301512780261,0.07447006690299163,0.012326631853785797,-0.05005984793673757,-0.06271079036047533,-0.1267919540409167,-0.15913705949758494,-0.021095738278403275,0.0840429156685123,0.019651280037834562,-0.09814324635272331
2020-06-30,0.17039068271154179,0.040546715200602934,-0.01726011523575466,-0.020950473689094196,0.10980629237084694,0.16368487999621806,0.10632360780566086,-0.002741217961658937,0.1293102978104712,0.10670731145134527,0.05877262323936594,0.024413271401679593,0.067247142260638,-0.00289380558134833,0.032189683181056195,0.002584538180687712,0.05637094678911536,0.44908251993562676,0.32696550479019404,0.01311982438681758,0.011994059647514765,0.12000205507452755,0.06684735156011445,0.0587437236214412,0.20614763271249825,0.06505085441314784,-0.01368142406665207,0.02795870035388348,0.1114787813178193
2020-07-31,0.1925819593955278,0.07270106155031364,-0.03797789144362307,-0.09185812200130461,0.01973118015489117,0.2179518307717283,0.07284946491149236,0.12422057039328571,0.06513999426070427,0.12121215352565495,0.09815241859012014,0.26464919999190895,0.09833143494589613,0.06080074263724988,0.27908061021385966,0.01752283995377346,0.06147792103280847,0.1484634426761291,0.061717871552697146,-0.008930931415962573,0.27031719560635703,-0.03100805851969557,0.01804985039014273,-0.013230976143557505,0.10309606804137772,0.3125891782316721,0.048717724399289564,0.1755020768902289,0.0038957463958457783
2020-08-31,0.0007420180334694049,0.101988098581143,-0.0346594883621022,0.14216963859478038,0.0036454652111705954,0.006579236974766145,0.10733885917141062,-0.0196711131305789,0.36837065373454725,0.15671592197217765,-0.010585708366699809,0.08706819387332598,0.05893663857636833,-0.05184218392129725,-0.03434788948020706,0.10702432891172653,0.15081660850160827,0.07274003847310762,-0.002505841219266558,-0.07192474779498292,-0.01531469825024745,0.08041244069105868,-0.041879721531345115,0.1378316658492389,0.20324589819975847,-0.03871639983050856,-0.01570949357273599,0.22497156886765124,0.02606622805493597
2020-09-30,0.001647694800121835,-0.014108246976806793,-0.001937391031249125,-0.11722009229425934,-0.07140905383184004,0.07384540101393755,-0.12547172755752312,-0.03805867022986942,-0.06913402417120196,-0.12893468336456193,0.10413103982296001,0.0684885501434076,0.09164013324418141,0.03732207928627518,0.15573168085464384,0.04596897709652881,-0.1451434806527342,-0.05998047078440372,-0.05460110830120368,-0.17959465377881956,0.17202683032778143,-0.033382578141185504,-0.02318932330049095,-0.10098836681924095,-0.16312274952979544,0.08577421137966468,-0.10151750135018756,0.029466278214705488,-0.09501543181457772
2020-10-31,-0.022865604020515518,0.03287623806763529,0.08665070603178204,0.029377214808828045,0.052631573496005446,-0.08049326741491969,0.02076596690286414,-0.06933755566430722,-0.004876213800146689,0.1412093021938723,0.07379228603756727,0.04673955646104555,-0.02963329166880735,0.12952060544792476,0.0865891017436371,0.11502028152870114,0.1597786769059495,0.00927221996530525,-0.04764751662879041,0.030407431485182768,0.04218135209485596,0.09730193590935055,0.007957590315483376,0.10669493578934452,0.11054217660000099,0.06322200188773386,-0.03756550889856913,0.11251131356847188,0.2201544330573577
2020-11-30,0.21548827441743335,0.010143321312293452,0.042382441498866275,0.08105024689556672,0.12514635338866342,-0.06069595738365352,0.29062078839373684,0.0985506916535559,0.35959297696605486,0.4062842414235541,0.005553623294255905,0.07813851409657357,0.16766035495479836,0.04983545189359018,0.028764287254297694,0.0017183059089935782,0.22152275989398218,0.483469339081928,0.5715082278715544,0.06801149607021362,-0.02357630097971941,0.21739688650402988,0.03229862769286651,0.2056801284461487,0.46431630622456077,0.03714896445788307,0.17186084324714845,0.13333327827061203,0.23245450826306224
2020-12-31,-0.0019391705558143846,0.08723960412340115,0.028022823143271536,0.04910240111750186,0.012550251422177805,0.028759443397774476,0.12569103104387347,0.1577249434646164,0.01940668072966334,0.11483488465172598,0.06832993337274784,0.10988190944522347,0.15130031450098413,0.1012389685303603,0.1019971897502916,0.2479121415750123,0.03133325196305781,0.07871583394555448,0.016845911392457946,0.10026983803961254,0.1508940800535734,-0.0031577824232222884,0.1202879795085996,0.13034749924054068,0.04349078103805626,0.14163628075220114,0.07926666779501224,0.10565399029640954,0.04640551273890958
2021-01-31,0.040244292066960785,-0.05790501676606641,-0.07233441913057881,-0.10468056469297504,-0.028443393048696475,-0.07220571931927278,0.026004678506357237,-0.01038223980134334,0.42888222963631595,-0.06626269370163163,0.08890772761877108,-0.012125022589518086,-0.09370509641337299,0.007394020662085277,0.08437411922068172,-0.1291914573175431,0.06841810018012451,-0.10587908379607436,-0.02061452584106982,0.08612905028634432,-0.030097199425999088,-0.03188758978092776,-0.05489690112108325,0.0036444051140498424,-0.054583984211980185,-0.013338150101230073,-0.02751201829735772,-0.05255683690714419,-0.1416366486226429
2021-02-28,0.07577379569487208,-0.04724796495485817,-0.056178242060020867,0.24366172853872614,0.16183238679928347,0.1323868565907107,0.383020071025892,0.023196847172610946,0.22934907651518266,0.18993353453494932,-0.0697607692443255,-0.04425832761113224,-0.009434657804132218,0.14787176644418065,-0.01818617620919183,-0.054063684001395385,0.0933774943249539,0.11201712980233491,0.10614188697030413,0.004877309590209933,-0.004978145622390628,0.10348800874395847,-0.058239992371081906,0.11312858285681382,0.2562934333040576,0.011500733388804196,0.026724427792588212,0.07796106055920671,0.03934740156580774
2021-03-31,-0.013826952638555934,-0.001012217876989352,0.06605555913510419,-0.006989633848560994,0.02491312324986894,-0.039649115119703704,-0.0662565832270201,0.005381695040808543,-0.06549002203507148,0.13521632118539983,0.09796836812967769,0.07901175950355666,0.10743480198700373,0.1018724230743695,0.00938339673075328,0.11426319470739199,-0.037734444115472665,-0.021852258297013094,0.0020728389699045113,-0.07010613982304581,0.08048817589183765,-0.026557619851718117,0.14045150287609065,-0.026181600773122815,-0.10207431946003975,0.09155840739998067,0.07186646062802571,0.1845997862661264,-0.015362207411714457
2021-04-30,-0.05369371479296303,-0.05883341607184711,-0.0446964919434133,-0.03847980679545715,0.02040354532923394,-0.004293317028663313,-0.029645801619461176,0.09476426454242315,-0.02634192733776286,0.2736343988065044,-0.044747032157962385,-0.03131763612581284,-0.04261738900927625,-0.06812161648239756,0.18978632796539618,-0.00039419048377564714,0.025019689818137847,0.05865218175365006,0.1420112756295333,0.03759901447796299,-0.07516672926509727,-0.05446388133094049,-0.03197607878610609,0.031609791852836855,-0.02043067244777208,-0.010014516668976015,-0.07276893450813793,0.5323939602762153,-0.0023957982307972747
2021-05-31,0.07361630705040878,0.09768950076037508,0.0850007491778717,0.07857505712207336,0.025448701266823637,0.08312862384037767,0.200424221009873,0.02116272750924786,0.08473709651878947,0.0886364272653628,0.04577364087234437,0.06377543204890745,0.0701236770274567,0.06833151309345009,0.0939624129234653,0.17390803113178666,0.050076956668884565,0.03229156494913221,0.06925140582144618,-0.0034465860982551,0.05144896138847854,0.07332009667824302,-0.00582061108013987,0.10366356002125787,0.0834803817185088,0.04019656361654844,0.0691017929441895,-0.00968155896155265,0.03368019307528658
2021-06-30,-0.03744039882855654,0.06062407643140677,-0.0035348476429395426,0.05339372365695083,0.02991376858119299,-0.0195768202412564,-0.0030156497274486105,0.010698721717896653,0.06541175919206688,0.05957138432306741,0.05906667361935769,0.07223605862912885,0.085356285585378,0.01013716694673139,0.012243770240758067,0.010080621341130636,-0.0031971126786796145,0.06892381362622979,0.025643106478830058,-0.017292999891613814,0.040520682195181346,-0.007564887914164653,0.06372992552275569,-0.04805727226218148,0.0033069807023062836,0.13420625449967916,-0.03814706548122093,-0.03798007314340368,-0.0563423373064047
2021-07-31,-0.033735502975358655,-0.07160802376030673,0.003949946224354628,0.01546384239694798,-0.01807259045751164,-0.035699865877493075,0.030057172256701348,0.14582880937908294,-0.13442280021757003,0.22947013914127123,-0.051225502302020165,0.11876866186652824,-0.007986590247822667,0.12443918761327089,0.07605621366613535,-0.011444616192357926,-0.05265264615340837,0.03695470588495575,0.17479474263402794,0.068486677161264,0.048433892357107045,-0.047700116071057286,-0.05584093928501166,0.08495540019369452,-0.03478130161850035,0.01878788062003367,0.011100170222283046,0.08810567549876969,-0.029926297180591255
2021-08-31,0.06755483999657574,-0.012604647265577529,0.09970828533204568,-0.019035441922341523,0.02453989418047664,0.1094924893500584,-0.013316326937544032,0.028673582479507242,-0.022622981106362072,0.01112045496096492,0.19542535714841147,0.19684996749590566,0.12076047383674182,0.033004913832741956,0.09162899518853451,0.08210401853559723,0.10946537302129111,0.20815329723563636,0.2057734481417286,0.18231984021272196,0.15351977212167234,0.10862639828892373,0.16748807198731153,0.05355308976355677,0.016609180025399795,0.059577810100918116,0.030983226170727907,-0.06696529354263392,0.06029171103070774
2021-09-30,0.012290500248422154,0.07185841893100542,-0.0011403979661189778,0.257565903159501,0.10208828432198858,0.11562552332341913,0.06325551586232447,0.030476634427471172,0.160285417276683,-0.11125664897195509,-0.002878857637737209,-0.04631646401553424,0.12502612628261822,-0.055710502731134204,-0.010687266583794486,0.01352547610784871,-0.02536559634615665,0.01908438985638461,0.03720386175324086,0.055979074437098264,0.08225505759115048,0.008568329223038518,-0.008186195752002523,-0.025311163558467742,0.12041516687630516,-0.01831281781444183,0.11760519373262235,-0.028068667413946535,0.14358210089255752
2021-10-31,0.10111452224447492,0.019671434437994684,-0.017122134393285804,-0.0648573979367939,-0.025539781094731207,0.006748061449262321,0.10849887007225956,-0.02841423139048127,0.4510274973336148,0.020986925224052877,-0.0983381127784233,0.07044032108390974,0.10255096315308299,0.03244272568814943,0.019949489523861663,-0.0434221021957123,-0.03202657751086169,-0.034936967499511695,0.0019339899122041704,-0.0042859306958591414,-0.0988218897789126,-0.007586445975348632,-0.1087953364304518,0.14439605962100832,0.02545177479258043,0.004375658868074117,-0.054837986076677,0.001271948389887978,0.012789851894434268
2021-11-30,-0.05513148521465128,-0.05541004900278779,0.008020908204064314,-0.04070862161272182,0.11726559217940413,-0.05159203245616373,-0.08284377109843033,-0.05207555028126942,-0.05189164537427482,-0.18598737753813588,0.03867261472964301,0.05341646361940966,-0.0033773715385061465,-0.02649272787473045,-0.014688810475029457,0.01404785552715171,-0.11637465274218528,-0.054451256133895565,-0.03275883369296695,0.06259578341782013,-0.004458792148899771,-0.056417180632773234,-0.031590080746842775,-0.10934482639648146,-0.22557436274779363,0.026922646453334975,-0.009184568007501226,-0.09078680735098876,-0.03409403117777632
2021-12-31,0.0019749197201808233,0.05074437151694444,0.028881344613953308,-0.02239681936644866,0.003200795360975839,-0.01548582551083666,-0.00021706687628764154,0.12221348828025547,0.051897055647878165,0.037574751652080796,0.05927786616165043,0.1616011687164849,0.06183962125049214,0.021160159096884845,0.12255782761401335,0.07612186698898138,0.03492712817253052,-0.0028511817866467837,-0.048217941232820305,-0.061036739375945004,0.15847712866096786,-0.00947413466292224,0.01838135909232741,0.03611690396973355,0.0058323426555200175,0.10223908818548089,-0.014017619199999332,0.07815586639726368,-0.08450987600473547
2022-01-31,0.058113705556252615,0.15765933138450872,-0.060091753194723374,0.14188118644824255,0.053816245898790305,0.007790934285744733,0.1690736883147308,-0.01324354944192907,0.07327944805773745,-0.023302901409802068,0.0011944030639294834,-0.17399685447115243,-0.0642641647697153,-0.049354124447348435,-0.19824947197269682,-0.06819501391717775,0.13926757235676313,0.0032893135890816882,-0.04368171892210948,0.0665398638523984,-0.15954454906125137,0.00425843728240527,-0.03660776319001435,0.06572981018778301,-0.018071274062990805,-0.0802807664789239,0.009860085525453366,-0.04116177325354575,0.03404602053768069
2022-02-28,-0.10719122490691757,-0.03293468046794079,-0.04764175706923779,-0.0327804504166016,-0.0020372856385204585,-0.011334223631066842,-0.10235930273222271,0.019244045642254903,-0.12303239180460857,0.12454516318286735,-0.04872536280571316,-0.04665310511995513,0.07890949489075672,-0.08986472837149362,-0.029339700974257754,0.007106040264021507,-0.03964812943102347,0.0002928137254765151,0.020587030329752398,-0.05868633093112052,0.025058978661365305,-0.04001473966208202,-0.04470599283765886,-0.058443181088653096,0.05572759812251138,-0.011864987432882113,0.0028961783749104075,-0.0023847881498794132,-0.007807316153455313
2022-03-31,0.01985207316896398,-0.09055052236199113,-0.014660620725256202,0.011235849157722466,0.036576508754332604,0.11663241808528246,0.021419650921633338,0.08395546299085743,-0.04470868993923516,0.0708170780109234,0.05226219139580013,0.06343952454722301,-0.004084039005699869,0.0052375660197712115,0.06495145601908314,-0.029830011007245805,0.025255892918047085,0.036795102692008363,0.0654424500934736,0.09970867462069077,0.03265459141156013,0.03092017775757716,-0.05683432478797357,-0.01669592522634089,0.015966077540659596,0.11147707943645213,0.1612231057292537,0.16766272051701758,-0.04824312723239854
2022-04-30,0.1432644921616546,0.02069749617950567,0.059855301298246344,0.15703712069585296,0.05050748134596228,0.05901890209943583,0.005571942764752036,0.015195398238160518,0.008876092529021218,-0.02765449856533686,-0.05167188073926143,-0.16035872044242472,-0.030735548099344645,0.004233452682272709,-0.13323924101088247,0.05105599755502532,-0.04276425323702793,-0.08101301038507014,-0.12598146743695904,-0.021127241994247092,-0.057119071247731856,-0.05831936705212537,0.09088920123987942,0.017800993951134103,0.04613001537496508,-0.17793739478528448,0.035507580863927135,-0.00750704521251544,0.02103947137400275
2022-05-31,0.1217330145133888,0.03220481559982602,-0.034849441129809144,-0.0012804187643263854,0.02261246564381625,-0.05648245004543062,-0.04210109220231373,-0.07327843282031421,0.01359683379708243,-0.16946616928507996,-0.045024207549970496,-0.06254955612041835,-0.09852733106753497,-0.08259870684308868,-0.06043637020968917,-0.11662859487711841,-0.05956620124080714,-0.08837944716512236,-0.1325953853959364,-0.052503437554926036,-0.0356730034886662,0.014805198439147738,0.052978925879913596,0.012848021917003294,-0.048745692638917926,-0.03063773792195945,0.06722615981994706,-0.24190335072027325,0.03132766775689366
2022-06-30,0.0568473685564268,0.06331633230395495,-0.012520173372267296,-0.08397453043749359,-0.0901672929315468,-0.014054104686717972,-0.004699888936246399,-0.034859377718866824,-0.07158159298915157,-0.13433832428164494,-0.028906031506965024,-0.1527218883343593,-0.12398468242961669,-0.07814100427820247,-0.1296935329562665,-0.05207563295334994,-0.07063637698310776,-0.10884077802400427,-0.15450071078794636,-0.021779407459947553,-0.06485701553632672,-0.029482611215556953,-0.04375060925389662,-0.06063614432151787,-0.14664008185001565,-0.027733503186001318,0.01053017211843632,0.0240362925115174,-0.10057663388702553
2022-07-31,0.07612374782743214,0.03574650271319757,0.10813403074898176,0.07032918110042097,0.00967434141225021,-0.03320950109825915,0.13404160114618469,0.13556456059453748,0.09179221489010958,0.2409894923410787,0.013319437485176167,0.06391415448212201,0.21590267293504106,0.1671928000911469,0.01838735209204967,0.23692115645397238,0.1398448560919563,0.33489488193773664,0.3765041634764612,-0.010219776583611728,-0.01458762868627328,0.06394648066791087,0.18237249202099504,0.15752252548382883,0.31365264907160073,0.06005881487404863,0.1080438396173089,0.14978606260497918,0.08985008929704219
2022-08-31,0.12387824680397586,0.042000908829557426,0.029275622575646754,0.0928130573339161,0.08368721058371076,0.05463624880254403,0.005488799060233918,-0.0500613917492051,0.0478202789881117,0.006505614791251224,-0.027484314175626356,0.026176504497009923,0.10739553790345302,0.02618634103313955,-0.023955776089172653,0.01735295720751684,0.0369092610906292,0.013476000094138296,0.1272328941818195,0.0765241646004835,-0.009964205390398106,0.036187451982132135,0.008512105015500149,0.09042838234379946,0.06983794138364718,-0.036620005226839836,0.057581275034162216,0.05924407465309667,0.058691950468054754
2022-09-30,-0.030946721703168256,-0.027977580772603705,-0.03919778767085158,-0.02652426973140476,-0.07578396109790031,-0.0986371831764834,-0.0012235767677591936,0.0622585345503428,-0.14115901431681066,-0.08310247352805156,-0.06433821068235068,-0.06272661698214255,0.0008830948322167131,-0.06330630603829945,-0.046669017199166385,-0.0144917970055094,-0.024351253298367515,0.004037681628055401,-0.01053227394957712,0.1008808219891324,-0.0070290341797613065,-0.043570391608257375,0.013760209213211416,-0.028513464712861425,0.0702064001324747,-0.05325030716908896,0.03650551928084833,-0.052856536276292054,-0.05024927199464024
2022-10-31,0.06339692128009244,0.07922945129764702,0.06998218262255951,0.0842466789873606,0.07516508617801643,0.07227417321085383,0.08141740571478429,0.07194438282043802,0.020143393908028884,0.022658624294127128,0.06552184289983631,0.05433276243376528,0.0592837956917327,0.07351608299831836,-0.01953083050607174,-0.06889118145786732,0.23567920444668022,-0.02612545093438201,0.005451832696456549,0.0401300450104507,0.12787021077602656,0.053012938285693645,-0.0540526054992998,0.054176394050531984,-0.03590110164726468,0.09975905856186373,0.04966886376213875,0.06696743675686867,0.045487009443861526
2022-11-30,-0.031884934973493984,-0.05808910156707903,-0.008817318647930117,-0.005199286239031653,0.005292855607841318,0.07128573815694894,0.04993030746045246,0.028665531810595057,0.06456685730221157,0.06006889550124872,0.06189824965411006,0.030394546722670057,-0.03929017280030511,0.05391693330969494,0.052645295721332364,0.021704130200856486,-0.005242848160319724,-0.05923073385585076,-0.03614816223735895,0.020132198318259853,0.07650199684811265,0.07466426818005911,0.05945858562452022,0.04864087470955547,0.02201022938406072,0.0632782917593786,-0.02494985976708508,0.10304917875944386,0.023712555695337034
2022-12-31,-0.043198513607658806,-0.06457998356301253,-0.0286293731588515,-0.033391465507134566,-0.04598232324199836,-0.06742095968322837,0.01867369909158767,-0.04268439779219246,-0.11709139282390812,0.0464467992892823,-0.03954836794215755,-0.05626749183347035,-0.020919726042194164,-0.016666695546188603,-0.03477515541091292,-0.027479001487648258,0.03606101459918687,-0.021685922459546814,-0.04835540617559009,-0.05025040571186834,-0.07271603893572343,0.012247874495313171,-0.04593289503095144,-0.06511705341988072,0.04478502465336387,-0.077525319609823,-0.024853027934512606,0.0331584105175311,-0.06152896845607714
2023-01-31,0.10370644070882751,0.05964550440814986,-0.03000352432427522,0.028236780588173138,0.013804556429369397,-0.07590685888577431,-0.09809357901710136,0.03305368553511512,0.16535626677158377,0.06258320756326863,0.05221125560831941,-0.0013773867025782538,-0.08483158087396692,0.018177746676391715,0.018032830393991173,-0.11724785056344156,-0.06655960192015109,-0.10475730089987112,-0.13270023895892058,-0.04441134628451604,0.0895355491811145,-0.015139896102218886,0.006130218420918654,-0.06617271755479992,-0.11240883871277052,0.01694075931352912,0.06273574275092386,-0.06718310001900096,-0.052674830644059756
2023-02-28,-0.07916593790161297,-0.030459887046220047,-0.018285498189154925,0.02223272625849715,0.05005969451279757,-0.013297313292261248,-0.05546513711490009,-0.06835919959094416,-0.06945363825859341,-0.13157896988507733,-0.013650929882167206,0.08399008445627132,-0.0018299162875119457,0.024804043700374923,-0.02958509329648129,0.03776797016228928,-0.031551123615353616,0.03834263913595226,-0.00562395300320051,-0.03641439770855237,-0.03974330949091043,-0.0024322536724594723,-0.04505677718362888,0.027587451161638743,-0.004847835225794572,-0.030122260695359726,0.08596812356732153,-0.06874167438826029,-0.001010961850023473
2023-03-31,-0.0873503466194151,-0.038518793343515045,0.055409730997268314,0.026979490805244977,0.015523066907719762,0.0036597658901864616,0.0018171262602832972,0.027702312286687736,0.0002376540330673027,0.005291074665224604,-0.032283609600070595,0.0014541899105735556,0.05988695654507681,0.04969499071975214,-0.056323381503102565,-0.02373808730991611,0.0170595837933194,-0.08104413324887028,-0.05123982352372303,0.009094027153791817,0.007099211457655796,0.0062204127057847725,0.04051788000141876,0.026203401687519,-0.009047013552255678,-0.04006590658493858,0.018051454900848585,0.031324910059699285,0.0020818318820610138
2023-04-30,0.058859141780121194,0.03586518831845131,0.10991703348716197,-0.01770431569808706,0.05117414032761225,0.03837327861993978,0.10415268297910107,0.0046282537396376,0.1524477932816779,0.03301428433893072,0.004164233153979069,-0.07092614235102002,0.05047925239411932,-0.0086524076649529,0.05407248839952161,0.05094788356491309,0.001747237360177678,0.1181021459641125,0.0696013183791282,0.06715612657847547,-0.002731928064164779,0.04849177229255308,-0.040248393961980766,0.046053031239403186,0.07945134752015637,-0.12269330167302184,0.10964796652411546,0.05406187817567698,0.11841767962781269
2023-05-31,0.07506717668702789,0.09059264039301795,-0.004057583121214625,0.010755891381708738,-0.014330949312123087,0.020408944342901414,0.02216487258366895,-0.012453884061172649,0.08526652420933933,-0.01991656407832665,0.021821902259843373,0.08972356802448056,0.06866401411004852,0.041535397137443475,0.04844158695580347,0.10012576339380996,0.06377905005699125,0.1130156610819284,0.07116230450703998,0.06330549497689097,0.0761207226101901,-0.03453247291260286,0.08556137430462751,0.034326844255698985,0.11606517750282075,0.05232487711591749,0.05333041059752386,-0.03998345033338058,0.03936944587820901
2023-06-30,0.10204701329042254,0.044979025782755366,0.056346327315085265,0.0880068324889518,0.09108416385169305,0.03253174070170495,-0.012072088117148772,0.07817720025603858,0.1315788494048702,0.09315200592146233,0.011341941507473363,0.013715226700663496,0.07948276898643991,0.05396405454518716,-0.03592222086265606,0.05997247163214103,0.07935728576559486,0.028781291034878365,0.053585462388246574,0.033945088886214725,0.03742035983558312,0.05621258731546752,0.012173406443915624,-0.015329570994134789,0.08015746075351138,0.026663394205919344,0.013692507725459713,0.127100379496085,-0.08330226524427287
2023-07-31,0.02549481318390745,0.003238294488837168,-0.014894443864215123,0.1543749599342088,0.0427199612817859,0.08299916919540595,0.0826569584342951,0.09114109007486104,0.08522896783793521,0.09955358505249023,0.03879080166393378,0.012279530204874156,-0.011112477356492012,0.0074044550204726,0.04085824780954583,0.004550824327705927,-0.032990576348505884,0.01950949712678063,0.04600788535872047,0.012688527344593803,-0.05186695432605748,-0.029505156506077546,-0.04381756416121674,0.0681575532677492,0.03135341710287953,0.015125338198240135,0.03122237095612279,0.04509462888436078,0.005415464481673293
2023-08-31,0.06792304538960314,0.02822499617071439,-0.025136112268491217,0.023048054293590692,-0.06285892982247743,-0.05246539323071764,-0.09488880274553879,-0.027811894403058868,-0.06720470062601058,-0.0020300446358294533,-0.018895446695926577,0.07749877194393218,0.03342151452600328,-0.0024885574725639348,0.008270569851542175,-0.035900958179574616,0.020547201052832476,-0.018807420018468357,-0.06844773889250311,-0.033224135810528965,0.04965521998209388,-0.0482982157467331,-0.021770501085792815,-0.03171215193802934,-0.02793156451132961,0.05882571303251982,-0.05582997211284124,-0.045423906441307005,-0.05189833476405015
2023-09-30,-0.013425177152659229,0.060656932019288456,0.023673659928471036,0.11461640920800686,0.08907507956504146,-0.025758205234732046,0.06626884087453977,0.04232650082924594,0.048585710827007134,0.04882011632312344,0.0511796780083551,0.017346970724298583,0.01428597605173465,-0.0051341779624740624,-0.005754168554057637,-0.029191410831437725,0.06492034018682591,0.09042998743543218,0.03448853163001697,0.08173750350823838,0.05344892194011064,-0.02873133990477872,-0.01574821624902234,-0.007144694222620762,0.036788412200210674,0.0,0.010689076401965814,-6.419396723889026e-05,-0.013105926839019233
2023-10-31,-0.06154095185077213,-0.020573748206898834,0.07677215580432417,-0.039706781699614835,0.012014990413659943,-0.024349721815032033,-0.05513323978450113,-0.060458402597792005,-0.0024595172372982033,-0.07874316816985671,-0.0428309707561092,-0.07331536018246809,0.012973149416339647,0.02027903578459922,-0.059721716967447214,-0.05230853955614112,-0.0529082455573916,-0.04072593510946454,0.01902291759657526,-0.01295336753427856,0.04324366856699524,-0.03262794274183811,0.007462619574272411,-0.038396940740308305,0.008713352314739797,-0.03437108195447558,-0.03600357960029188,-0.055477169515678715,0.0021317470451556186
2023-11-30,0.12967916329360873,0.02082314739682456,0.0058664107694677,0.1188433220904701,0.05369447749597933,0.03914071972134314,-0.0014145306519953715,0.1260793775937401,0.12367771729980825,0.07705264442845405,0.03528016374135712,0.08909903767063554,0.0943521090171564,0.06903148097301792,0.08184915697821804,0.043277392735165066,0.09410808851822905,-0.049481826167271925,0.06622914079706299,0.10968939754484364,0.0508620826096311,0.05573991598103478,0.03229461055197391,0.021412615003946645,0.017206637006622172,0.06339520494903939,0.01727354498394762,0.08793373008327499,0.00922727752819208
2023-12-31,0.04955243478322702,-0.02887729696356789,0.09672118495399529,0.19077695621777324,0.1351998082646091,0.08727838829907686,0.13687470171397753,0.027409551015388445,0.1041194581695779,0.09147775166577587,0.08768205983274169,0.04234413801529335,0.05295646832753542,0.16653238953211025,0.14102409755414214,0.09054777680135784,0.02611128585350242,0.028903817868671133,0.007349894728488238,0.01724641643275482,0.09336999696174209,0.09651655231609224,0.0465125022382713,0.06593931501575812,0.09061454048032647,0.060303060528301033,0.060348821982042056,0.09880168122108723,0.0869577764448135
